population,replicate,M_base__IBS_0_365,M_base__Brier_180,M_base__Brier_365,M_any__IBS_0_365,M_any__Brier_180,M_any__Brier_365,M_count__IBS_0_365,M_count__Brier_180,M_count__Brier_365,M_history__IBS_0_365,M_history__Brier_180,M_history__Brier_365,M_any_minus_M_base__IBS_0_365,M_any_minus_M_base__Brier_180,M_any_minus_M_base__Brier_365,M_count_minus_M_any__IBS_0_365,M_count_minus_M_any__Brier_180,M_count_minus_M_any__Brier_365,M_history_minus_M_count__IBS_0_365,M_history_minus_M_count__Brier_180,M_history_minus_M_count__Brier_365,M_count_minus_M_base__IBS_0_365,M_count_minus_M_base__Brier_180,M_count_minus_M_base__Brier_365,M_history_minus_M_any__IBS_0_365,M_history_minus_M_any__Brier_180,M_history_minus_M_any__Brier_365,M_history_minus_M_base__IBS_0_365,M_history_minus_M_base__Brier_180,M_history_minus_M_base__Brier_365
2023,1,0.16043353384816583,0.17860426149888856,0.23983842825609233,0.15846882456089795,0.17678636254722918,0.23554178518515073,0.15832637896185001,0.17662577160816825,0.23529178515955734,0.15706354456148244,0.17523072390523978,0.23304261315353578,-0.0019647092872678851,-0.0018178989516593747,-0.0042966430709416026,-0.00014244559904794118,-0.00016059093906092836,-0.00025000002559338874,-0.0012628344003675629,-0.0013950477029284758,-0.0022491720060215659,-0.0021071548863158263,-0.001978489890720303,-0.0045466430965349913,-0.0014052799994155041,-0.0015556386419894042,-0.0024991720316149546,-0.0033699892866833892,-0.0033735375936487788,-0.0067958151025565572
2023,2,0.16022942515993679,0.17772031091365217,0.2402425553398167,0.15826222147285585,0.17597538263549664,0.23560463492029499,0.15817825857337797,0.17583926134024028,0.23545550369134732,0.15726904949132836,0.17493235199653828,0.23353725958358737,-0.0019672036870809484,-0.0017449282781555331,-0.0046379204195217127,-8.3962899477874053e-05,-0.00013612129525636396,-0.00014913122894766317,-0.00090920908204961126,-0.00090690934370199483,-0.0019182441077599532,-0.0020511665865588224,-0.001881049573411897,-0.0047870516484693759,-0.00099317198152748531,-0.0010430306389583588,-0.0020673753367076164,-0.0029603756686084337,-0.0027879589171138919,-0.0067052957562293292
2023,3,0.16214323623304625,0.17928078080759707,0.24097500990001353,0.16033077718582101,0.17754934069573389,0.23703714633505085,0.16027373620836718,0.17744079628584877,0.23698510734712855,0.15886882417929074,0.1759393068611417,0.23477119531166379,-0.00181245904722524,-0.0017314401118631861,-0.0039378635649626736,-5.7040977453820529e-05,-0.00010854440988511405,-5.203898792230377e-05,-0.0014049120290764439,-0.0015014894247070698,-0.0022139120354647546,-0.0018695000246790605,-0.0018399845217483002,-0.0039899025528849774,-0.0014619530065302644,-0.0016100338345921839,-0.0022659510233870583,-0.0032744120537555044,-0.00334147394645537,-0.006203814588349732
2023,4,0.15950847280611383,0.17615319736512974,0.23994141172209313,0.1573915567568682,0.17432851259576737,0.23530630768566069,0.15734263142833779,0.17425013106033566,0.23520451862949215,0.15602827452506271,0.17286667909094625,0.23272651059947105,-0.0021169160492456318,-0.0018246847693623724,-0.0046351040364324414,-4.8925328530402545e-05,-7.8381535431715221e-05,-0.00010178905616853307,-0.0013143569032750824,-0.0013834519693894098,-0.0024780080300211005,-0.0021658413777760344,-0.0019030663047940877,-0.0047368930926009745,-0.0013632822318054849,-0.0014618335048211251,-0.0025797970861896335,-0.0034801982810511167,-0.0032865182741834975,-0.0072149011226220749
2023,5,0.16157215368916222,0.17918107705463518,0.24048640480075048,0.15958796107934922,0.17753619969732001,0.23583949504778778,0.15959217899730996,0.17754899707448521,0.23581285856786363,0.15826164019070837,0.17611350148897539,0.2337305189237073,-0.0019841926098130014,-0.0016448773573151665,-0.0046469097529626968,4.2179179607360062e-06,1.2797377165196799e-05,-2.6636479924152523e-05,-0.0013305388066015833,-0.0014354955855098162,-0.002082339644156328,-0.0019799746918522654,-0.0016320799801499697,-0.0046735462328868493,-0.0013263208886408473,-0.0014226982083446194,-0.0021089761240804805,-0.0033105134984538487,-0.0030675755656597858,-0.0067558858770431773
2023,6,0.16180258402599279,0.17910318884717455,0.24036840081160155,0.15971816998542337,0.17716146573802685,0.23571681637818079,0.15959516050669778,0.17700929497550791,0.23543681882939746,0.1583879545007616,0.1757329566009854,0.23337365715792138,-0.0020844140405694156,-0.0019417231091476972,-0.0046515844334207579,-0.0001230094787255942,-0.0001521707625189439,-0.00027999754878332839,-0.0012072060059361844,-0.0012763383745225121,-0.002063161671476077,-0.0022074235192950098,-0.0020938938716666411,-0.0049315819822040863,-0.0013302154846617786,-0.001428509137041456,-0.0023431592202594054,-0.0034146295252311942,-0.0033702322461891532,-0.0069947436536801633
2023,7,0.16281455456696145,0.18080335630061464,0.24094196012540658,0.16096047315929743,0.17907799482105535,0.2368506222100584,0.1608955637605185,0.17898387684449168,0.23671731373740632,0.15949946264808257,0.17746708197857411,0.23438344167215433,-0.0018540814076640211,-0.0017253614795592898,-0.0040913379153481866,-6.4909398778928429e-05,-9.4117976563667938e-05,-0.00013330847265208279,-0.0013961011124359324,-0.0015167948659175756,-0.0023338720652519851,-0.0019189908064429495,-0.0018194794561229577,-0.0042246463880002694,-0.0014610105112148608,-0.0016109128424812436,-0.0024671805379040679,-0.0033150919188788819,-0.0033362743220405333,-0.0065585184532522545
2023,8,0.16204528966456885,0.17991751856466756,0.24025285545116168,0.16021846083226596,0.17809607278703904,0.23624617883021246,0.16016727111360182,0.17803601015032441,0.23611066256489449,0.15877983011072891,0.17649785448281544,0.23368254932814142,-0.0018268288323028958,-0.001821445777628522,-0.0040066766209492233,-5.1189718664135242e-05,-6.0062636714625084e-05,-0.00013551626531796424,-0.0013874410028729134,-0.001538155667508978,-0.0024281132367530711,-0.0018780185509670311,-0.0018815084143431471,-0.0041421928862671875,-0.0014386307215370486,-0.0015982183042236031,-0.0025636295020710353,-0.0032654595538399445,-0.0034196640818521251,-0.0065703061230202586
2023,9,0.16270605168344585,0.1807935273955322,0.24059932986337693,0.16029042178518213,0.17849079796804804,0.23510286431983626,0.16023060919735566,0.17840676256458329,0.23501721477686466,0.15864759754906813,0.1767374741737148,0.23215267792296201,-0.0024156298982637159,-0.0023027294274841625,-0.0054964655435406629,-5.9812587826474362e-05,-8.4035403464743919e-05,-8.5649542971605319e-05,-0.00158301164828753,-0.0016692883908684952,-0.0028645368539026439,-0.0024754424860901902,-0.0023867648309489065,-0.0055821150865122682,-0.0016428242361140044,-0.0017533237943332391,-0.0029501863968742492,-0.0040584541343777203,-0.0040560532218174017,-0.0084466519404149121
2023,10,0.1623320483633752,0.1807783582580062,0.24100000699199936,0.16022463447086821,0.17867973206705368,0.23634776068741251,0.16013365751024852,0.17857232624363192,0.23621833816458171,0.15904908264081588,0.17728721711652393,0.23426118360041462,-0.0021074138925069874,-0.0020986261909525239,-0.0046522463045868545,-9.0976960619687519e-05,-0.00010740582342175231,-0.00012942252283079658,-0.0010845748694326418,-0.0012851091271079973,-0.0019571545641670907,-0.0021983908531266749,-0.0022060320143742762,-0.0047816688274176511,-0.0011755518300523293,-0.0013925149505297496,-0.0020865770869978872,-0.0032829657225593167,-0.0034911411414822735,-0.0067388233915847418
2023,11,0.16342283463317062,0.18176187095108282,0.24117692969745397,0.16126839984329594,0.17967791551741435,0.23667072893276336,0.16119874028374701,0.17959232274856515,0.23649578092962026,0.15977697028891069,0.17804573417302999,0.23405001921434507,-0.0021544347898746763,-0.0020839554336684607,-0.0045062007646906044,-6.9659559548934658e-05,-8.5592768849201972e-05,-0.00017494800314310499,-0.0014217699948363138,-0.0015465885755351627,-0.0024457617152751909,-0.002224094349423611,-0.0021695482025176627,-0.0046811487678337094,-0.0014914295543852485,-0.0016321813443843647,-0.0026207097184182959,-0.0036458643442599248,-0.0037161367780528254,-0.0071269104831089003
2023,12,0.16075569960442396,0.178390967439122,0.23938574633924153,0.1583151593008682,0.17605706836170398,0.2340914222403431,0.15826661886408869,0.17600401224004464,0.23401900528155287,0.15679347471162658,0.17435076676943406,0.23160369104422851,-0.0024405403035557549,-0.0023338990774180168,-0.0052943240988984341,-4.8540436779515028e-05,-5.3056121659345035e-05,-7.2416958790233465e-05,-0.0014731441524621081,-0.0016532454706105759,-0.0024153142373243564,-0.0024890807403352699,-0.0023869551990773619,-0.0053667410576886676,-0.0015216845892416231,-0.001706301592269921,-0.0024877311961145898,-0.003962224892797378,-0.0040402006696879378,-0.007782055295013024
2023,13,0.16169283821783917,0.17896202210645806,0.24102723039014728,0.15981907946479831,0.17710697851381674,0.23707555971757482,0.15982456846587897,0.17708204326933955,0.2370087545183584,0.15836821439290172,0.17549377020543891,0.23425701543253216,-0.001873758753040855,-0.0018550435926413256,-0.0039516706725724604,5.4890010806607492e-06,-2.4935244477192198e-05,-6.6805199216424249e-05,-0.0014563540729772562,-0.0015882730639006359,-0.0027517390858262381,-0.0018682697519601943,-0.0018799788371185178,-0.0040184758717888847,-0.0014508650718965954,-0.0016132083083778281,-0.0028185442850426623,-0.0033246238249374505,-0.0034682519010191537,-0.0067702149576151227
2023,14,0.16093676366402176,0.17815119154697914,0.24061356030412623,0.15918340038776532,0.17642707713025019,0.23678762365366671,0.15909568369943991,0.17630212932091838,0.2366406484314468,0.15766337473213726,0.17469263865557641,0.23427037820544158,-0.0017533632762564422,-0.0017241144167289557,-0.0038259366504595216,-8.7716688325412129e-05,-0.00012494780933181016,-0.00014697522221990278,-0.0014323089673026479,-0.0016094906653419672,-0.0023702702260052222,-0.0018410799645818543,-0.0018490622260607659,-0.0039729118726794244,-0.00152002565562806,-0.0017344384746737773,-0.002517245448225125,-0.0032733889318845022,-0.003458552891402733,-0.0063431820986846466
2023,15,0.16096984356377317,0.17828204142584686,0.24010748246516264,0.15883019065895199,0.17623295304909339,0.23536667075380768,0.15869076963051784,0.17605389096259777,0.2351245475891561,0.15735466485823055,0.17478689073341783,0.23248719221778311,-0.0021396529048211821,-0.0020490883767534662,-0.0047408117113549586,-0.00013942102843414461,-0.00017906208649562383,-0.0002421231646515809,-0.0013361047722872943,-0.0012670002291799431,-0.0026373553713729958,-0.0022790739332553267,-0.0022281504632490901,-0.0049829348760065395,-0.0014755258007214389,-0.001446062315675567,-0.0028794785360245767,-0.003615178705542621,-0.0034951506924290332,-0.0076202902473795353
2023,16,0.15880836707238291,0.17592478225472927,0.23953918100437527,0.15668525420852794,0.17403760507467497,0.23476694935063483,0.15659528985027871,0.17387614924754391,0.23464696192243456,0.15502291590227546,0.17222681502911003,0.23182856992463516,-0.0021231128638549701,-0.0018871771800542947,-0.0047722316537404386,-8.9964358249233767e-05,-0.00016145582713106288,-0.00011998742820026886,-0.0015723739480032473,-0.0016493342184338844,-0.0028183919977994021,-0.0022130772221042039,-0.0020486330071853576,-0.0048922190819407074,-0.001662338306252481,-0.0018107900455649473,-0.0029383794259996709,-0.0037854511701074511,-0.003697967225619242,-0.0077106110797401095
2023,17,0.1615051199177571,0.17908711357815055,0.24037623425097163,0.15955928163719946,0.17731259487524251,0.23584484367684255,0.15953294356483183,0.17728619273898621,0.23580197851602674,0.15808936354231745,0.1758101045807493,0.23310103134552587,-0.001945838280557638,-0.00177451870290804,-0.0045313905741290739,-2.633807236762653e-05,-2.640213625629273e-05,-4.2865160815808157e-05,-0.0014435800225143791,-0.0014760881582369101,-0.0027009471705008725,-0.0019721763529252645,-0.0018009208391643328,-0.004574255734944882,-0.0014699180948820056,-0.0015024902944932028,-0.0027438123313166807,-0.0034157563754396436,-0.0032770089974012429,-0.0072752029054457545
2023,18,0.15937960092285236,0.17650290345564323,0.24029748269392961,0.1573407246603091,0.17453071366570663,0.23584147443495837,0.15724545720512545,0.17440582006333807,0.23568818729821048,0.15591900890527396,0.17297771084906646,0.23339242495604182,-0.0020388762625432599,-0.0019721897899366014,-0.0044560082589712446,-9.5267455183650762e-05,-0.00012489360236855873,-0.00015328713674789274,-0.0013264482998514848,-0.0014281092142716112,-0.0022957623421686613,-0.0021341437177269107,-0.0020970833923051602,-0.0046092953957191374,-0.0014217157550351356,-0.0015530028166401699,-0.002449049478916554,-0.0034605920175783955,-0.0035251926065767714,-0.0069050577378877986
2023,19,0.1625408609359103,0.18032200699584766,0.24073590560230027,0.16045613302452336,0.17849268157033035,0.235890241411777,0.16039035700654483,0.17841445755949226,0.23573890046867615,0.15919861173650657,0.17698108411760227,0.23378891941187449,-0.0020847279113869466,-0.0018293254255173086,-0.0048456641905232634,-6.5776017978524948e-05,-7.8224010838096047e-05,-0.00015134094310084723,-0.0011917452700382636,-0.0014333734418899846,-0.001949981056801664,-0.0021505039293654715,-0.0019075494363554046,-0.0049970051336241106,-0.0012575212880167885,-0.0015115974527280807,-0.0021013219999025112,-0.0033422491994037351,-0.0033409228782453892,-0.0069469861904257746
2023,20,0.16017851560067542,0.17706129116276739,0.24043080223709867,0.15801362658046483,0.175047484983159,0.23573477721472072,0.15788799864437614,0.17490249978661765,0.23553486043204491,0.15647296344966885,0.17349274142909457,0.23281977430553827,-0.0021648890202105864,-0.0020138061796083906,-0.0046960250223779532,-0.00012562793608869582,-0.00014498519654135289,-0.00019991678267580748,-0.001415035194707287,-0.0014097583575230777,-0.0027150861265066439,-0.0022905169562992822,-0.0021587913761497435,-0.0048959418050537606,-0.0015406631307959828,-0.0015547435540644305,-0.0029150029091824514,-0.0037055521510065692,-0.0035685497336728211,-0.0076110279315604046
2023,21,0.1615271149637105,0.17914749548031808,0.24071687629378588,0.1596007709944709,0.17732932928098535,0.23640911318618993,0.1594595141997614,0.1771699229889554,0.23615574036499817,0.15851178435655763,0.17597512277250019,0.23471901966047776,-0.0019263439692396023,-0.0018181661993327269,-0.0043077631075959522,-0.00014125679470949892,-0.0001594062920299566,-0.00025337282119175519,-0.00094772984320376508,-0.0011948002164552107,-0.0014367207045204167,-0.0020676007639491012,-0.0019775724913626835,-0.0045611359287877073,-0.001088986637913264,-0.0013542065084851673,-0.0016900935257121719,-0.0030153306071528663,-0.0031723727078178943,-0.005997856633308124
2023,22,0.16172416874820561,0.18022910159937405,0.24018061879926819,0.15933907929660365,0.17789469554224932,0.23520701745609432,0.15932095748562664,0.17785916179781541,0.23516953572411464,0.15766787514388425,0.17602974090390008,0.23254974860730665,-0.0023850894516019572,-0.0023344060571247327,-0.0049736013431738724,-1.8121810977017594e-05,-3.5533744433907666e-05,-3.7481731979677191e-05,-0.0016530823417423846,-0.0018294208939153289,-0.0026197871168079923,-0.0024032112625789748,-0.0023699398015586404,-0.0050110830751535496,-0.0016712041527194021,-0.0018649546383492366,-0.0026572688487876694,-0.0040562936043213593,-0.0041993606954739693,-0.0076308701919615418
2023,23,0.16173045439150294,0.17985156592082821,0.24071950412648679,0.15973833486385605,0.17798534669132984,0.23624116658839886,0.1597562688824615,0.17797169851866015,0.23627185255828373,0.1583529406618529,0.17636374852101563,0.23406582893716044,-0.001992119527646885,-0.001866219229498367,-0.0044783375380879342,1.7934018605447744e-05,-1.3648172669689096e-05,3.068596988486938e-05,-0.0014033282206085962,-0.00160794999764452,-0.0022060236211232931,-0.0019741855090414373,-0.0018798674021680561,-0.0044476515682030648,-0.0013853942020031484,-0.0016215981703142091,-0.0021753376512384237,-0.0033775137296500335,-0.0034878173998125761,-0.0066536751893263579
2023,24,0.1594905747896343,0.17708944628594575,0.23973760073733452,0.15737012845630222,0.17498661153060566,0.23536119336076167,0.15724896804268607,0.17484225425012725,0.23514218182441229,0.15584543962613623,0.17320621181709214,0.23289651003975248,-0.0021204463333320822,-0.0021028347553400939,-0.0043764073765728551,-0.00012116041361615038,-0.00014435728047840213,-0.00021901153634937276,-0.0014035284165498374,-0.001636042433035112,-0.002245671784659814,-0.0022416067469482326,-0.002247192035818496,-0.0045954189129222278,-0.0015246888301659878,-0.0017803997135135141,-0.0024646833210091867,-0.00364513516349807,-0.003883234468853608,-0.0068410906975820418
2023,25,0.16066104613366,0.17815655380069514,0.24013343661136144,0.15869577446897645,0.1763908261679282,0.23573464320972198,0.15865300821752307,0.17631459940585736,0.23569132643124285,0.15740099035436908,0.17481370287439527,0.23356302589420463,-0.0019652716646835489,-0.0017657276327669447,-0.0043987934016394559,-4.2766251453385529e-05,-7.6226762070835674e-05,-4.3316778479129958e-05,-0.0012520178631539869,-0.0015008965314620981,-0.0021283005370382191,-0.0020080379161369344,-0.0018419543948377803,-0.0044421101801185858,-0.0012947841146073724,-0.0015771232935329338,-0.002171617315517349,-0.0032600557792909213,-0.0033428509262998785,-0.0065704107171568049
2023,26,0.16058742132902712,0.1777182899906129,0.24037412364424188,0.15854100083331865,0.17590119024748896,0.23566893074059755,0.15846191290387196,0.17577081545331186,0.23552578371786248,0.15712365813839949,0.1743573041494404,0.23308195268893619,-0.0020464204957084675,-0.00181709974312394,-0.004705192903644323,-7.908792944669174e-05,-0.00013037479417710163,-0.00014314702273507396,-0.0013382547654724741,-0.001413511303871462,-0.0024438310289262855,-0.0021255084251551593,-0.0019474745373010416,-0.0048483399263793969,-0.0014173426949191659,-0.0015438860980485636,-0.0025869780516613594,-0.0034637631906276334,-0.0033609858411725035,-0.0072921709553056824
2023,27,0.158827796027323,0.17541287339504924,0.23981704681064489,0.15636565897643584,0.17309444391678641,0.23443840498151081,0.1562710027173469,0.17298476499774137,0.23424659900443492,0.1548332582605387,0.17136491798963716,0.23179278344998475,-0.0024621370508871587,-0.002318429478262829,-0.0053786418291340843,-9.4656259088943262e-05,-0.00010967891904503646,-0.00019180597707588176,-0.0014377444568081932,-0.0016198470081042193,-0.0024538155544501783,-0.002556793309976102,-0.0024281083973078654,-0.005570447806209966,-0.0015324007158971364,-0.0017295259271492558,-0.0026456215315260601,-0.0039945377667842952,-0.0040479554054120848,-0.0080242633606601443
2023,28,0.16088674574374803,0.17921776641519682,0.24041982156212766,0.15896481185671013,0.17743129033488242,0.23621877757151447,0.15893330506548919,0.17738852048388859,0.23617134935776843,0.15771868739202546,0.17610022528549762,0.23418909253191691,-0.0019219338870379021,-0.0017864760803144031,-0.0042010439906131902,-3.1506791220936581e-05,-4.2769850993829017e-05,-4.7428213746036896e-05,-0.0012146176734637304,-0.0012882951983909652,-0.0019822568258515139,-0.0019534406782588387,-0.0018292459313082321,-0.0042484722043592271,-0.001246124464684667,-0.0013310650493847942,-0.0020296850395975508,-0.0031680583517225691,-0.0031175411296991973,-0.006230729030210741
2023,29,0.16092605796193399,0.17913246091556637,0.24089170646447575,0.1587464053514113,0.17706894881276317,0.23630015962673154,0.15864114337689,0.17690973919279102,0.23615500431578199,0.15731588369757835,0.17536636920644524,0.23410695981867963,-0.0021796526105226921,-0.0020635121028032,-0.0045915468377442092,-0.00010526197452129238,-0.00015920961997215044,-0.00014515531094955181,-0.0013252596793116578,-0.0015433699863457717,-0.0020480444971023581,-0.0022849145850439845,-0.0022227217227753504,-0.004736702148693761,-0.0014305216538329502,-0.0017025796063179222,-0.0021931998080519099,-0.0036101742643556423,-0.0037660917091211221,-0.0067847466457961192
2023,30,0.16113120812366327,0.17854202224697352,0.24094320266379762,0.1587047504536224,0.17623524684310554,0.23585144175225761,0.15863683172390644,0.17610031955574648,0.23578150573357379,0.15723420097320287,0.17462918039526953,0.23323066113643284,-0.0024264576700408769,-0.0023067754038679777,-0.0050917609115400109,-6.7918729715954473e-05,-0.00013492728735906012,-6.993601868382493e-05,-0.0014026307507035707,-0.0014711391604769475,-0.0025508445971409444,-0.0024943763997568313,-0.0024417026912270379,-0.0051616969302238358,-0.0014705494804195252,-0.0016060664478360076,-0.0026207806158247693,-0.003897007150460402,-0.0039128418517039854,-0.0077125415273647802
2023,31,0.16173343979527915,0.18039787136859334,0.24056091826617521,0.1595977871695263,0.17837453925519028,0.23598167355914218,0.15952900954900318,0.17826345606953187,0.23583314455470086,0.15778261463757248,0.17634134556974787,0.23298677845107502,-0.0021356526257528541,-0.0020233321134030535,-0.0045792447070330256,-6.8777620523124972e-05,-0.00011108318565841713,-0.00014852900444131678,-0.0017463949114306931,-0.0019221104997839966,-0.002846366103625847,-0.0022044302462759791,-0.0021344152990614706,-0.0047277737114743423,-0.0018151725319538181,-0.0020331936854424137,-0.0029948951080671637,-0.0039508251577066722,-0.0040565257988454673,-0.0075741398151001893
2023,32,0.15982672137364456,0.17735448189902794,0.23996072089440745,0.15796929544997201,0.17573867020958259,0.23566537692548967,0.15780171912840893,0.17558505663433269,0.23535387513942771,0.15651101392422795,0.17407290811543388,0.23301821544343124,-0.001857425923672551,-0.0016158116894453567,-0.0042953439689177864,-0.00016757632156308433,-0.00015361357524990016,-0.00031150178606195733,-0.0012907052041809808,-0.0015121485188988038,-0.0023356596959964726,-0.0020250022452356353,-0.0017694252646952568,-0.0046068457549797437,-0.0014582815257440651,-0.0016657620941487039,-0.0026471614820584299,-0.0033157074494166161,-0.0032815737835940606,-0.0069425054509762163
2023,33,0.15945773289565895,0.17674726486311448,0.24004211531033362,0.15745454452315358,0.17471786478629131,0.23593767936803089,0.15737131463391391,0.1746232724854396,0.23581381385697653,0.15633055623485995,0.17356637360734492,0.23402419158274815,-0.0020031883725053767,-0.0020294000768231735,-0.0041044359423027255,-8.3229889239672117e-05,-9.459230085170911e-05,-0.00012386551105436627,-0.0010407583990539593,-0.0010568988780946809,-0.0017896222742283807,-0.0020864182617450489,-0.0021239923776748826,-0.0042283014533570917,-0.0011239882882936314,-0.00115149117894639,-0.001913487785282747,-0.0031271766607990081,-0.0031808912557695634,-0.0060179237275854724
2023,34,0.1607160467085447,0.17897981720856512,0.24066173142302327,0.15850913259184465,0.17674286919625898,0.23630369348940811,0.15840056972747554,0.17661262799977104,0.23606387606719931,0.15701162321671858,0.17508153909801225,0.23365105642678544,-0.0022069141167000428,-0.0022369480123061447,-0.0043580379336151664,-0.00010856286436911056,-0.00013024119648794019,-0.00023981742220879898,-0.0013889465107569665,-0.0015310889017587925,-0.0024128196404138713,-0.0023154769810691533,-0.0023671892087940849,-0.0045978553558239654,-0.0014975093751260771,-0.0016613300982467327,-0.0026526370626226703,-0.0037044234918261199,-0.0038982781105528774,-0.0070106749962378367
2023,35,0.16194306332443673,0.1801839480395806,0.24047152089959681,0.16001350619100208,0.17826550520666443,0.23634790920488974,0.15994214431269665,0.17815909224670842,0.23626516877369638,0.15839916045702945,0.17651212242053382,0.23340276264054885,-0.0019295571334346506,-0.0019184428329161729,-0.0041236116947070689,-7.1361878305420401e-05,-0.00010641295995600375,-8.2740431193356612e-05,-0.0015429838556672015,-0.0016469698261745991,-0.0028624061331475326,-0.002000919011740071,-0.0020248557928721767,-0.0042063521259004255,-0.0016143457339726219,-0.0017533827861306028,-0.0029451465643408892,-0.0035439028674072726,-0.0036718256190467757,-0.0070687582590479581
2023,36,0.16084228053579247,0.17857938026089876,0.24046290490902664,0.15908891371347542,0.17699681012224416,0.2364824289648742,0.1590401126878932,0.17689629385324007,0.23639963579289866,0.15753352319671599,0.17529615978770999,0.23378538826575729,-0.001753366822317054,-0.0015825701386545932,-0.003980475944152434,-4.8801025582217994e-05,-0.00010051626900409172,-8.279317197554259e-05,-0.0015065894911772126,-0.0016001340655300844,-0.0026142475271413723,-0.001802167847899272,-0.0016830864076586849,-0.0040632691161279766,-0.0015553905167594306,-0.0017006503345341761,-0.0026970406991169149,-0.0033087573390764846,-0.0032832204731887693,-0.0066775166432693489
2023,37,0.16261441563332901,0.18103986796415578,0.24062768628488809,0.16052561389587161,0.17905495665894683,0.23630901022919773,0.1604865447317598,0.17904106189986144,0.23615780519023449,0.15923533971549242,0.17764780366853142,0.23406554065838836,-0.0020888017374574019,-0.0019849113052089473,-0.0043186760556903625,-3.9069164111810162e-05,-1.3894759085392172e-05,-0.00015120503896323689,-0.0012512050162673816,-0.001393258231330019,-0.002092264531846133,-0.0021278709015692121,-0.0019988060642943395,-0.0044698810946535994,-0.0012902741803791917,-0.0014071529904154112,-0.0022434695708093699,-0.0033790759178365937,-0.0033920642956243585,-0.0065621456264997324
2023,38,0.15907083784190315,0.17656699546150947,0.23984692457200396,0.15677074763478238,0.17421309732886664,0.23530334369419723,0.1566631937705826,0.17410225052377423,0.23508130179425135,0.15537738467373904,0.1726677138549475,0.23280542186418848,-0.0023000902071207696,-0.0023538981326428343,-0.0045435808778067355,-0.00010755386419977753,-0.00011084680509240719,-0.00022204189994587398,-0.0012858090968435598,-0.0014345366688267303,-0.0022758799300628685,-0.0024076440713205471,-0.0024647449377352415,-0.0047656227777526095,-0.0013933629610433373,-0.0015453834739191374,-0.0024979218300087425,-0.003693453168164107,-0.0038992816065619718,-0.0070415027078154779
2023,39,0.16023517066255,0.17686171188715566,0.2399224202658502,0.15834748273663643,0.17505922348546532,0.23558893229763822,0.15830741302917006,0.17496598162621826,0.2355806845611369,0.15701028499523317,0.17349710553681832,0.23315792521996151,-0.001887687925913567,-0.0018024884016903386,-0.0043334879682119798,-4.0069707466366955e-05,-9.3241859247056302e-05,-8.2477365013211568e-06,-0.0012971280339368896,-0.0014688760893999397,-0.00242275934117539,-0.001927757633379934,-0.0018957302609373949,-0.0043417357047133009,-0.0013371977414032565,-0.001562117948646996,-0.0024310070776767112,-0.0032248856673168236,-0.0033646063503373347,-0.006764495045888691
2023,40,0.16131095280309596,0.17915484628671854,0.24108846564645348,0.1592427623355758,0.17721575651635169,0.23663604783246214,0.15918927780329686,0.1771715169551886,0.23643084978685935,0.1576260828551776,0.1754800193704002,0.2336189384512227,-0.002068190467520159,-0.0019390897703668586,-0.0044524178139913329,-5.3484532278935681e-05,-4.4239561163089691e-05,-0.00020519804560278909,-0.0015631949481192675,-0.0016914975847883984,-0.0028119113356366576,-0.0021216749997990947,-0.0019833293315299483,-0.0046576158595941219,-0.0016166794803982032,-0.0017357371459514881,-0.0030171093812394467,-0.0036848699479183622,-0.0036748269163183467,-0.0074695271952307796
2023,41,0.16010363351789603,0.1775464131836533,0.23964843011539841,0.15812855073997462,0.17570556756498371,0.23515624747965466,0.1580693801540152,0.17563701055483064,0.23499669464692613,0.1565683482136315,0.17393601693900199,0.23248056297946182,-0.0019750827779214108,-0.0018408456186695954,-0.0044921826357437467,-5.9170585959417155e-05,-6.8557010153069697e-05,-0.00015955283272853227,-0.0015010319403837014,-0.0017009936158286498,-0.0025161316674643108,-0.002034253363880828,-0.0019094026288226651,-0.0046517354684722789,-0.0015602025263431185,-0.0017695506259817195,-0.0026756845001928431,-0.0035352853042645294,-0.0036103962446513149,-0.0071678671359365898
2023,42,0.16234463567285098,0.17938706082663475,0.24062576502919578,0.16028216808079754,0.17735660021796473,0.23622932354257944,0.16027030145846424,0.17729816945842158,0.23623734234404181,0.15895634438258593,0.1757608951299176,0.23427433067800857,-0.0020624675920534463,-0.002030460608670015,-0.0043964414866163315,-1.1866622333295274e-05,-5.8430759543148802e-05,8.0188014623672199e-06,-0.0013139570758783081,-0.0015372743285039792,-0.0019630116660332431,-0.0020743342143867416,-0.0020888913682131638,-0.0043884226851539643,-0.0013258236982116034,-0.001595705088047128,-0.0019549928645708758,-0.0033882912902650497,-0.0036261656967171429,-0.0063514343511872073
2023,43,0.16115261803140765,0.1780468345376193,0.24034412966696031,0.1592026211304427,0.17612190140157186,0.23620304073195106,0.15926216954364275,0.17618689856422692,0.23625881630145223,0.15785191191628861,0.1747347374032506,0.23362261732878425,-0.0019499969009649509,-0.0019249331360474409,-0.0041410889350092517,5.954841320005011e-05,6.4997162655067164e-05,5.5775569501176347e-05,-0.001410257627354139,-0.001452161160976323,-0.0026361989726679802,-0.0018904484877649008,-0.0018599359733923737,-0.0040853133655080753,-0.0013507092141540888,-0.0013871639983212558,-0.0025804234031668039,-0.0033007061151190398,-0.0033120971343686967,-0.0067215123381760555
2023,44,0.16135711546745568,0.17859848969028019,0.24017078763392991,0.15942423688231416,0.17689913388686557,0.23601563502098927,0.15931842618938438,0.17676346052226941,0.2357976422256334,0.15789972605837763,0.17517116897006896,0.23332915416508271,-0.0019328785851415176,-0.0016993558034146261,-0.004155152612940638,-0.00010581069292978085,-0.00013567336459616164,-0.00021799279535586469,-0.001418700131006756,-0.0015922915522004477,-0.0024684880605506943,-0.0020386892780712984,-0.0018350291680107877,-0.0043731454082965027,-0.0015245108239365368,-0.0017279649167966094,-0.0026864808559065589,-0.0034573894090780544,-0.0034273207202112355,-0.0068416334688471969
2023,45,0.16171898084855982,0.17877549626962955,0.24064450471045809,0.15954824463504577,0.17664856375306176,0.23587965827525037,0.15946432971804939,0.17656310754844243,0.23570923887802628,0.15790658353020021,0.17486826793419655,0.23292191698377718,-0.0021707362135140462,-0.0021269325165677866,-0.0047648464352077202,-8.391491699638598e-05,-8.5456204619333009e-05,-0.00017041939722409194,-0.0015577461878491794,-0.0016948396142458799,-0.0027873218942491007,-0.0022546511305104322,-0.0022123887211871196,-0.0049352658324318122,-0.0016416611048455654,-0.0017802958188652129,-0.0029577412914731926,-0.0038123973183596116,-0.0039072283354329995,-0.0077225877266809129
2023,46,0.16126055470757841,0.17874052572733051,0.24115002685216991,0.1593403073885287,0.17692932330919897,0.23669051158138427,0.15916103633286735,0.17671468000827018,0.23637567188484443,0.15803762177730313,0.17558080874340129,0.23432041180986823,-0.0019202473190497171,-0.0018112024181315411,-0.0044595152707856411,-0.00017927105566134527,-0.00021464330092879624,-0.00031483969653983701,-0.0011234145555642228,-0.0011338712648688853,-0.0020552600749761951,-0.0020995183747110624,-0.0020258457190603374,-0.0047743549673254781,-0.001302685611225568,-0.0013485145657976816,-0.0023700997715160321,-0.0032229329302752852,-0.0031597169839292227,-0.0068296150423016733
2023,47,0.16129831665734221,0.17887602653852452,0.2404489336708438,0.15884071834195074,0.17645773808232543,0.2352093308374458,0.15887793446211457,0.17646214876533353,0.23522370554137548,0.15761136038447179,0.17507668171453181,0.23281272042066978,-0.0024575983153914682,-0.0024182884561990969,-0.0052396028333979994,3.7216120163829913e-05,4.4106830081047654e-06,1.4374703929675992e-05,-0.0012665740776427736,-0.0013854670508017253,-0.0024109851207056998,-0.0024203821952276383,-0.0024138777731909922,-0.0052252281294683234,-0.0012293579574789437,-0.0013810563677936205,-0.0023966104167760238,-0.0036869562728704119,-0.0037993448239927174,-0.0076362132501740232
2023,48,0.16148903812253704,0.17905508426766478,0.24040849817119375,0.15901885179295189,0.17656093408153001,0.23540653438761272,0.1589551407917052,0.17649733039765753,0.23530270465965678,0.15737754963035097,0.1747645413866937,0.23258993830082914,-0.0024701863295851501,-0.0024941501861347748,-0.0050019637835810316,-6.3711001246691268e-05,-6.3603683872481831e-05,-0.00010382972795594525,-0.0015775911613542248,-0.0017327890109638255,-0.0027127663588276396,-0.0025338973308318413,-0.0025577538700072566,-0.0051057935115369768,-0.0016413021626009161,-0.0017963926948363074,-0.0028165960867835849,-0.0041114884921860662,-0.0042905428809710822,-0.0078185598703646164
2023,49,0.15944600681417742,0.17716005962165121,0.24003872779480259,0.15733026187477803,0.17521888893043569,0.23513878025037555,0.15731083964556694,0.17519543228873841,0.23511022400615586,0.15597480644416803,0.17367460443923075,0.23313978290504273,-0.0021157449393993943,-0.0019411706912155213,-0.0048999475444270468,-1.9422229211085718e-05,-2.3456641697283676e-05,-2.8556244219685167e-05,-0.0013360332013989118,-0.001520827849507661,-0.0019704411011131351,-0.0021351671686104801,-0.001964627332912805,-0.004928503788646732,-0.0013554554306099975,-0.0015442844912049447,-0.0019989973453328203,-0.0034712003700093919,-0.003485455182420466,-0.0068989448897598671
2023,50,0.16143144252674682,0.17966445253508351,0.24081161092659337,0.15913189615319798,0.17756188706775147,0.23564920254891,0.15909476890411001,0.17751880573107434,0.23561128211013235,0.15734124807618702,0.17554863308233698,0.23251284011470055,-0.0022995463735488442,-0.0021025654673320349,-0.005162408377683364,-3.7127249087970382e-05,-4.3081336677130988e-05,-3.7920438777649945e-05,-0.0017535208279229886,-0.0019701726487373616,-0.0030984419954317999,-0.0023366736226368146,-0.0021456468040091659,-0.005200328816461014,-0.001790648077010959,-0.0020132539854144926,-0.0031363624342094498,-0.0040901944505598031,-0.0041158194527465275,-0.0082987708118928138
2023,51,0.16269632356085678,0.18142410986278043,0.24054016192123512,0.16052003145796187,0.17933697529668749,0.23580104627409545,0.16048183644431227,0.17927053867046536,0.23578119904021205,0.15902675227491217,0.17775283058593921,0.23307421174420034,-0.0021762921028949112,-0.0020871345660929408,-0.0047391156471396634,-3.8195013649600096e-05,-6.6436626222132755e-05,-1.9847233883402149e-05,-0.0014550841694001004,-0.0015177080845261426,-0.0027069872960117092,-0.0022144871165445112,-0.0021535711923150735,-0.0047589628810230655,-0.0014932791830497005,-0.0015841447107482753,-0.0027268345298951113,-0.0036695712859446117,-0.0036712792768412161,-0.0074659501770347747
2023,52,0.1614510059839688,0.17956093725220665,0.24052897592418609,0.15936111328409305,0.17750130484530643,0.23582090512478043,0.15935775151388332,0.1774999384749659,0.23575444268763432,0.1579310194339931,0.17599556324337065,0.23321758568670276,-0.0020898926998757505,-0.0020596324069002137,-0.0047080707994056614,-3.3617702097366031e-06,-1.3663703405386585e-06,-6.6462437146114217e-05,-0.0014267320798902194,-0.0015043752315952452,-0.0025368570009315639,-0.0020932544700854872,-0.0020609987772407523,-0.0047745332365517756,-0.001430093850099956,-0.0015057416019357839,-0.0026033194380776781,-0.0035199865499757066,-0.0035653740088359975,-0.0073113902374833395
2023,53,0.15993814408487017,0.1770856128903385,0.24037533685543033,0.15735472947492468,0.17455618232414324,0.23512964585073068,0.15725281702969426,0.17448105595337576,0.2349283331429409,0.15560786285510117,0.17267089120322135,0.2319750743897426,-0.0025834146099454891,-0.0025294305661952565,-0.0052456910046996541,-0.00010191244523041765,-7.5126370767480966e-05,-0.00020131270778978028,-0.001644954174593094,-0.0018101647501544138,-0.0029532587531982957,-0.0026853270551759068,-0.0026045569369627375,-0.0054470037124894344,-0.0017468666198235117,-0.0018852911209218948,-0.0031545714609880759,-0.0043302812297690008,-0.0044147216871171513,-0.0084002624656877301
2023,54,0.16100704306530847,0.17876059613008022,0.2398207602763624,0.15919668967477776,0.17716889444083322,0.23556727726336968,0.1590934697050978,0.17700285248538267,0.23547125448572076,0.15761504817612454,0.17539722833727031,0.23293016244064421,-0.0018103533905307057,-0.0015917016892469937,-0.0042534830129927204,-0.00010321996967996294,-0.00016604195545055767,-9.6022777648918645e-05,-0.0014784215289732616,-0.0016056241481123557,-0.0025410920450765484,-0.0019135733602106686,-0.0017577436446975514,-0.004349505790641639,-0.0015816414986532246,-0.0017716661035629133,-0.002637114822725467,-0.0033919948891839302,-0.0033633677928099071,-0.0068905978357181874
2023,55,0.1595831892646204,0.17668017689764254,0.24019875660369081,0.15722795975267242,0.1743457992891535,0.23505797878130619,0.15716301294401658,0.17423649769953839,0.23493325281164923,0.15592217482222834,0.17298484374389431,0.23246690496590794,-0.0023552295119479705,-0.0023343776084890355,-0.0051407778223846179,-6.4946808655846899e-05,-0.00010930158961511283,-0.00012472596965695804,-0.0012408381217882403,-0.0012516539556440831,-0.0024663478457412902,-0.0024201763206038174,-0.0024436791981041484,-0.0052655037920415759,-0.0013057849304440872,-0.0013609555452591959,-0.0025910738153982482,-0.0036610144423920576,-0.0036953331537482315,-0.0077318516377828661
2023,56,0.16114519054809073,0.17897312567207932,0.24070173208772924,0.15895410449870798,0.17685777123454879,0.23590741908717833,0.15885716581616721,0.17675997800206997,0.2357107820596957,0.15724598425697131,0.1750004090085456,0.23300262631317523,-0.0021910860493827566,-0.0021153544375305255,-0.0047943130005509149,-9.6938682540764765e-05,-9.7793232478826653e-05,-0.00019663702748262679,-0.0016111815591959011,-0.001759568993524363,-0.0027081557465204742,-0.0022880247319235214,-0.0022131476700093522,-0.0049909500280335417,-0.0017081202417366659,-0.0018573622260031897,-0.002904792774003101,-0.0038992062911194225,-0.0039727166635337152,-0.0076991057745540159
2023,57,0.1616412543154622,0.17980027125689887,0.24049842302499469,0.1593830520813912,0.17784968641991447,0.23531941149217792,0.1593739660588526,0.17780839308502799,0.23533653505099822,0.15793392256890038,0.17622122368426019,0.23289360353949085,-0.0022582022340709995,-0.0019505848369844037,-0.0051790115328167741,-9.0860225386013571e-06,-4.1293334886477462e-05,1.7123558820303364e-05,-0.0014400434899522196,-0.0015871694007678072,-0.0024429315115073735,-0.0022672882566096009,-0.0019918781718708811,-0.0051618879739964707,-0.001449129512490821,-0.0016284627356542847,-0.0024258079526870702,-0.0037073317465618205,-0.0035790475726386883,-0.0076048194855038442
2023,58,0.16258148596343761,0.18109642975621423,0.24125552000485562,0.16052673316785734,0.17914855262375606,0.23692335383456414,0.16046651818548202,0.17908119218470389,0.2368153693460697,0.15918195764926968,0.17768303976771418,0.23492115210410419,-0.0020547527955802614,-0.0019478771324581701,-0.0043321661702914738,-6.0214982375322856e-05,-6.7360439052172039e-05,-0.00010798448849444475,-0.0012845605362123425,-0.0013981524169897064,-0.0018942172419655068,-0.0021149677779555842,-0.0020152375715103421,-0.0044401506587859185,-0.0013447755185876653,-0.0014655128560418784,-0.0020022017304599515,-0.0033995283141679267,-0.0034133899885000485,-0.0063343679007514253
2023,59,0.16067241850049085,0.17942380076604597,0.24074901960329836,0.15859912434351392,0.17750965869798066,0.23615867729887011,0.15853847101637017,0.17741998594636424,0.23605916624017095,0.15727372527808692,0.17597380608527341,0.23385335400495613,-0.0020732941569769348,-0.001914142068065311,-0.0045903423044282576,-6.065332714375038e-05,-8.9672751616420854e-05,-9.9511058699153221e-05,-0.0012647457382832517,-0.0014461798610908294,-0.0022058122352148213,-0.0021339474841206851,-0.0020038148196817318,-0.0046898533631274109,-0.001325399065427002,-0.0015358526127072503,-0.0023053232939139745,-0.0033986932224039368,-0.0034499946807725612,-0.0068956655983422321
2023,60,0.16152586623342663,0.17927039702734776,0.24067993470853713,0.15928097149001816,0.17710554181073943,0.23579513156303369,0.15920258340772986,0.17697979323977397,0.23564916882348855,0.15774446857479341,0.17526908109711006,0.23323075647164829,-0.0022448947434084709,-0.0021648552166083357,-0.0048848031455034358,-7.8388082288299854e-05,-0.00012574857096545045,-0.00014596273954514682,-0.0014581148329364524,-0.0017107121426639116,-0.00241841235184026,-0.0023232828256967708,-0.0022906037875737861,-0.0050307658850485826,-0.0015365029152247522,-0.001836460713629362,-0.0025643750913854069,-0.0037813976586332232,-0.0040013159302376977,-0.0074491782368888426
2023,61,0.16030530939325549,0.17752392876577722,0.23989937402856787,0.1577357259459507,0.17503682818598648,0.23439345073851611,0.1577027303442804,0.17495344113504543,0.23442361811027618,0.15621547002480241,0.17333998199366712,0.23190485855722909,-0.0025695834473047907,-0.0024871005797907353,-0.0055059232900517563,-3.2995601670304797e-05,-8.3387050941047258e-05,3.0167371760064787e-05,-0.0014872603194779899,-0.0016134591413783095,-0.0025187595530470896,-0.0026025790489750955,-0.0025704876307317825,-0.0054757559182916915,-0.0015202559211482947,-0.0016968461923193567,-0.0024885921812870249,-0.0040898393684530854,-0.004183946772110092,-0.0079945154713387812
2023,62,0.16108169557228347,0.17821232784725075,0.24051044302204791,0.15885818704106155,0.17618430035378962,0.23559718846131544,0.15887257395255608,0.17618102786582468,0.23558597755742497,0.15727082917316446,0.17436917830546866,0.23284677235843118,-0.0022235085312219127,-0.0020280274934611209,-0.0049132545607324662,1.4386911494523869e-05,-3.2724879649448368e-06,-1.1210903890473967e-05,-0.0016017447793916229,-0.0018118495603560159,-0.0027392051989937882,-0.0022091216197273889,-0.0020312999814260657,-0.0049244654646229402,-0.001587357867897099,-0.0018151220483209607,-0.0027504161028842622,-0.0038108663991190117,-0.0038431495417820816,-0.0076636706636167284
2023,63,0.16152108906801396,0.17880041797428198,0.24009531223240574,0.15937501895574366,0.1768384526521429,0.23547953931829146,0.15933576130326915,0.17678036337025319,0.23532382588918463,0.15749261511587681,0.1748078867545369,0.23214590500357907,-0.0021460701122703041,-0.0019619653221390754,-0.0046157729141142745,-3.9257652474505855e-05,-5.8089281889717181e-05,-0.00015571342910683517,-0.0018431461873923416,-0.0019724766157162843,-0.0031779208856055619,-0.0021853277647448099,-0.0020200546040287926,-0.0047714863432211096,-0.0018824038398668475,-0.0020305658976060015,-0.003333634314712397,-0.0040284739521371515,-0.0039925312197450769,-0.0079494072288266715
2023,64,0.16164632429588871,0.17941186268393355,0.23967394103176867,0.15944325625373335,0.17746261473040309,0.23474140782570252,0.15941217737561167,0.17745530632390927,0.23458904886011639,0.15825843762805072,0.17619880114609932,0.2326605237096562,-0.002203068042155365,-0.0019492479535304641,-0.0049325332060661531,-3.1078878121676423e-05,-7.3084064938222504e-06,-0.00015235896558613016,-0.0011537397475609446,-0.0012565051778099523,-0.0019285251504601864,-0.0022341469202770414,-0.0019565563600242863,-0.0050848921716522832,-0.001184818625682621,-0.0012638135843037746,-0.0020808841160463165,-0.003387886667837986,-0.0032130615378342386,-0.0070134173221124696
2023,65,0.16154565145430755,0.179536257030667,0.24027467665361901,0.1595295572968731,0.17776322285812399,0.23577977379497439,0.15940944777907545,0.17764123886038155,0.23558419953264564,0.15760402622575134,0.17563934051079641,0.2323789386805252,-0.0020160941574344504,-0.0017730341725430143,-0.0044949028586446227,-0.00012010951779764523,-0.0001219839977424364,-0.00019557426232874597,-0.0018054215533241103,-0.0020018983495851406,-0.0032052608521204451,-0.0021362036752320956,-0.0018950181702854507,-0.0046904771209733687,-0.0019255310711217555,-0.002123882347327577,-0.0034008351144491911,-0.0039416252285562059,-0.0038969165198705913,-0.0078957379730938138
2023,66,0.16195088244212574,0.17933995347811552,0.24017131842872896,0.15971392776484722,0.17715681705728359,0.2353468821046211,0.1596173242346493,0.17704023607850916,0.23514189151587089,0.15816168801141667,0.17544530129521127,0.23273591463433299,-0.0022369546772785243,-0.002183136420831927,-0.0048244363241078669,-9.6603530197914012e-05,-0.00011658097877442763,-0.00020499058875020348,-0.001455636223232637,-0.0015949347832978911,-0.0024059768815379023,-0.0023335582074764383,-0.0022997173996063547,-0.0050294269128580704,-0.001552239753430551,-0.0017115157620723187,-0.0026109674702881058,-0.0037891944307090752,-0.0038946521829042458,-0.0074354037943959728
2023,67,0.16210009975176445,0.17929292112609399,0.24063438616602864,0.16007359862976625,0.17730766920192675,0.23615839416397677,0.15997544583599879,0.1771894420300211,0.23601548828445318,0.15847136777622312,0.17549726323699494,0.23356511102485136,-0.0020265011219982032,-0.0019852519241672362,-0.0044759920020518706,-9.8152793767458668e-05,-0.0001182271719056549,-0.00014290587952359157,-0.0015040780597756764,-0.0016921787930261611,-0.0024503772596018158,-0.0021246539157656619,-0.0021034790960728911,-0.0046188978815754622,-0.0016022308535431351,-0.001810405964931816,-0.0025932831391254074,-0.0036287319755413383,-0.0037956578890990522,-0.0070692751411772781
2023,68,0.1622247886738315,0.18041854697731377,0.2407213639087436,0.1601325660856065,0.17850277589577759,0.23646183507406851,0.16006911999683379,0.17847383973157588,0.23627103885628981,0.15896909851007721,0.17740813991340665,0.23417753322454549,-0.0020922225882250012,-0.0019157710815361773,-0.0042595288346750915,-6.3446088772706188e-05,-2.8936164201714965e-05,-0.00019079621777870481,-0.0011000214867565861,-0.0010656998181692301,-0.002093505631744319,-0.0021556686769977074,-0.0019447072457378922,-0.0044503250524537963,-0.0011634675755292923,-0.0010946359823709451,-0.0022843018495230238,-0.0032556901637542934,-0.0030104070639071223,-0.0065438306841981153
2023,69,0.16094185752673884,0.17832433051603405,0.24058881250639716,0.15903957571445704,0.17649659115911398,0.23627962863816038,0.15898244861803884,0.17642884305325657,0.23615475748296158,0.15776385324118958,0.17514098435565939,0.23394078277600555,-0.001902281812281803,-0.0018277393569200717,-0.0043091838682367822,-5.712709641819691e-05,-6.7748105857412533e-05,-0.00012487115519879688,-0.001218595376849263,-0.0012878586975971773,-0.0022139747069560289,-0.0019594089087,-0.0018954874627774843,-0.0044340550234355791,-0.0012757224732674599,-0.0013556068034545898,-0.0023388458621548258,-0.003178004285549263,-0.0031833461603746616,-0.006648029730391608
2023,70,0.16203638408236135,0.17981933512267567,0.24078442120941923,0.16004827939872168,0.17793398368981653,0.23614184526196122,0.1599102849767301,0.17778108760017092,0.23589687303191204,0.15822207351673481,0.17597656608716583,0.23303071910479975,-0.0019881046836396632,-0.0018853514328591447,-0.0046425759474580108,-0.00013799442199158296,-0.00015289608964560997,-0.00024497223004918411,-0.0016882114599952869,-0.0018045215130050862,-0.002866153927112286,-0.0021260991056312462,-0.0020382475225047547,-0.0048875481775071949,-0.0018262058819868698,-0.0019574176026506962,-0.0031111261571614701,-0.003814310565626533,-0.0038427690355098409,-0.007753702104619481
2023,71,0.1601149142648057,0.1773264081889725,0.24005902679829569,0.15785580736742241,0.17500101664282497,0.23551360828029536,0.15773460406559514,0.1748430821687475,0.23527513614103934,0.15638191783703909,0.17324238336193659,0.23311135343107253,-0.0022591068973832895,-0.0023253915461475261,-0.0045454185180003326,-0.00012120330182727179,-0.00015793447407747019,-0.00023847213925601296,-0.0013526862285560548,-0.0016006988068109074,-0.0021637827099668105,-0.0023803101992105613,-0.0024833260202249963,-0.0047838906572563455,-0.0014738895303833266,-0.0017586332808883776,-0.0024022548492228235,-0.0037329964277666161,-0.0040840248270359036,-0.0069476733672231561
2023,72,0.16235545774649909,0.18128500650168169,0.2403317045899768,0.16006053736522999,0.17901405418468699,0.23537431241344195,0.16007595777319075,0.17903462911360327,0.2353789020666617,0.15849398181066615,0.17727594236569713,0.23274984848216479,-0.0022949203812691055,-0.002270952316994701,-0.0049573921765348472,1.5420407960764493e-05,2.0574928916272661e-05,4.5896532197553519e-06,-0.001581975962524601,-0.0017586867479061352,-0.0026290535844969154,-0.002279499973308341,-0.0022503773880784284,-0.0049528025233150919,-0.0015665555545638365,-0.0017381118189898626,-0.00262446393127716,-0.003861475935832942,-0.0040090641359845636,-0.0075818561078120073
2023,73,0.16195739420487373,0.18053515917984911,0.24083847780660847,0.15973182548679829,0.17841060592391517,0.23593026608077283,0.15972007441595884,0.17837531971135093,0.2359302764053007,0.15846423861604703,0.17710246555627981,0.23386537035187829,-0.0022255687180754435,-0.002124553255933942,-0.0049082117258356373,-1.1751070839449707e-05,-3.5286212564239472e-05,1.0324527871530265e-08,-0.0012558357999118142,-0.0012728541550711125,-0.0020649060534224106,-0.0022373197889148932,-0.0021598394684981814,-0.0049082014013077657,-0.0012675868707512639,-0.001308140367635352,-0.0020648957288945391,-0.0034931555888267074,-0.003432693623569294,-0.0069731074547301763
2023,74,0.1632721512596462,0.18238280000894025,0.24071915716061429,0.16103800073272512,0.18037182564000909,0.23566287078810469,0.16099312258793078,0.1803123783429465,0.23552424709339367,0.15976345631415487,0.17900610473525358,0.23329670978749231,-0.0022341505269210804,-0.0020109743689311621,-0.0050562863725095997,-4.4878144794341379e-05,-5.9447297062587001e-05,-0.00013862369471101532,-0.001229666273775909,-0.0013062736076929204,-0.0022275373059013615,-0.0022790286717154218,-0.0020704216659937491,-0.005194910067220615,-0.0012745444185702504,-0.0013657209047555074,-0.0023661610006123768,-0.0035086949454913308,-0.0033766952736866696,-0.0074224473731219764
2023,75,0.16136398042720679,0.18038916273933434,0.24025606087628643,0.15925021906050943,0.178393657546211,0.23571311248801544,0.15912508930902927,0.17822240202626205,0.23556786839255556,0.15792342964845804,0.17692092744176155,0.23330534324656321,-0.0021137613666973587,-0.0019955051931233314,-0.0045429483882709898,-0.00012512975148015748,-0.00017125551994895405,-0.00014524409545987882,-0.0012016596605712304,-0.0013014745845005005,-0.0022625251459923446,-0.0022388911181775162,-0.0021667607130722855,-0.0046881924837308686,-0.0013267894120513879,-0.0014727301044494545,-0.0024077692414522234,-0.0034405507787487466,-0.0034682352975727859,-0.0069507176297232132
2023,76,0.16224688093355571,0.18000621623539223,0.24072123503888412,0.15998167862548512,0.17780149552409549,0.23598310339107964,0.15993419378038262,0.17774287213046708,0.23591020126906256,0.15905956390273041,0.17707658936686976,0.23422653440330796,-0.0022652023080705908,-0.0022047207112967371,-0.0047381316478044833,-4.7484845102502282e-05,-5.8623393628415288e-05,-7.2902122017076687e-05,-0.00087462987765221656,-0.00066628276359731453,-0.0016836668657546072,-0.002312687153173093,-0.0022633441049251524,-0.0048110337698215599,-0.00092211472275471884,-0.00072490615722572982,-0.0017565689877716839,-0.0031873170308253096,-0.0029296268685224669,-0.0064947006355761672
2023,77,0.16129284450265061,0.17920309804024731,0.24066578859013044,0.15900161721269138,0.17701490186902885,0.23581041520629897,0.15889830832142571,0.17686310337386713,0.23565673104076273,0.15762417196878359,0.17538194687683523,0.23364789138667641,-0.0022912272899592301,-0.0021881961712184594,-0.0048553733838314628,-0.00010330889126566878,-0.00015179849516172572,-0.00015368416553623865,-0.001274136352642119,-0.0014811564970318991,-0.0020088396540863251,-0.0023945361812248989,-0.0023399946663801852,-0.0050090575493677014,-0.0013774452439077878,-0.0016329549921936248,-0.0021625238196225638,-0.0036686725338670179,-0.0038211511634120843,-0.0070178972034540266
2023,78,0.16186786260596836,0.17995061258075573,0.24043989922859618,0.15999302811226276,0.17827583151030646,0.23649019537656465,0.15991613403254482,0.17816004543703087,0.23631352228111832,0.15824806499504435,0.17621257119482694,0.23356975131009128,-0.0018748344937055961,-0.0016747810704492716,-0.0039497038520315275,-7.6894079717948483e-05,-0.00011578607327558665,-0.00017667309544633358,-0.0016680690375004692,-0.0019474742422039282,-0.002743770971027043,-0.0019517285734235446,-0.0017905671437248583,-0.0041263769474778611,-0.0017449631172184177,-0.0020632603154795148,-0.0029204440664733766,-0.0036197976109240138,-0.0037380413859287864,-0.0068701479185049041
2023,79,0.16046358606687591,0.17775824077898289,0.23967385611223288,0.15853364984944379,0.17578316199719485,0.23550361322872662,0.15851418229300948,0.17574522197843964,0.23552238409744292,0.157025934981152,0.17413264204129253,0.23282026774767703,-0.0019299362174321211,-0.0019750787817880422,-0.0041702428835062588,-1.9467556434310529e-05,-3.7940018755205918e-05,1.8770868716294631e-05,-0.0014882473118574824,-0.0016125799371471128,-0.0027021163497658873,-0.0019494037738664316,-0.0020130188005432481,-0.0041514720147899642,-0.0015077148682917929,-0.0016505199559023187,-0.0026833454810495927,-0.003437651085723914,-0.0036255987376903609,-0.0068535883645558515
2023,80,0.16007530447421953,0.17792261123536918,0.23990685187779373,0.15808702174260852,0.17607196279230461,0.23535970659175831,0.15800381271432234,0.17596759865050596,0.23520307900939832,0.15675821483191357,0.17460231830268255,0.23296572538779806,-0.0019882827316110019,-0.0018506484430645675,-0.00454714528603542,-8.3209028286179709e-05,-0.00010436414179865183,-0.00015662758235998608,-0.0012455978824087721,-0.0013652803478234055,-0.0022373536216002687,-0.0020714917598971816,-0.0019550125848632194,-0.0047037728683954061,-0.0013288069106949518,-0.0014696444896220573,-0.0023939812039602548,-0.0033170896423059537,-0.0033202929326866248,-0.0069411264899956748
2023,81,0.16163111776588254,0.17995652055265096,0.24087861364236024,0.15940707232388562,0.17801261278796451,0.23604496128306307,0.15937454066614928,0.17796189347164484,0.23600322216668571,0.15790899944292902,0.1762492364321622,0.23354631026129086,-0.0022240454419969191,-0.0019439077646864478,-0.0048336523592971692,-3.2531657736339925e-05,-5.0719316319669527e-05,-4.1739116377365049e-05,-0.0014655412232202625,-0.0017126570394826457,-0.0024569119053948485,-0.002256577099733259,-0.0019946270810061173,-0.0048753914756745342,-0.0014980728809566024,-0.0017633763558023152,-0.0024986510217722135,-0.0037221183229535215,-0.003707284120488763,-0.0073323033810693827
2023,82,0.16095804691703292,0.17867423364715546,0.24085923137201948,0.15879687035871418,0.17669622054478565,0.2357648017147588,0.15873080283375871,0.17659914113738173,0.23568108360001067,0.15715291808389087,0.17485880943174126,0.23292277285591861,-0.0021611765583187392,-0.0019780131023698078,-0.005094429657260674,-6.6067524955470969e-05,-9.7079407403916074e-05,-8.3718114748138062e-05,-0.0015778847498678361,-0.0017403317056404743,-0.0027583107440920518,-0.0022272440832742102,-0.0020750925097737238,-0.005178147772008812,-0.0016439522748233071,-0.0018374111130443904,-0.0028420288588401899,-0.0038051288331420463,-0.0038154242154141982,-0.0079364585161008638
2023,83,0.16267003344385567,0.18023618450527867,0.24071828002426093,0.16071091766171847,0.17840201851904541,0.2360775192367901,0.16070352167840612,0.17842874019163604,0.23603536437494727,0.15941277815765142,0.177102060649524,0.23360066910467567,-0.0019591157821371996,-0.0018341659862332604,-0.0046407607874708323,-7.3959833123415919e-06,2.6721672590629408e-05,-4.2154861842835789e-05,-0.0012907435207547002,-0.001326679542112047,-0.0024346952702715974,-0.0019665117654495412,-0.001807444313642631,-0.0046829156493136681,-0.0012981395040670418,-0.0012999578695214176,-0.0024768501321144332,-0.0032572552862042414,-0.003134123855754678,-0.0071176109195852655
2023,84,0.15948293814996659,0.17694105787262265,0.23990917533178638,0.15707412850110097,0.17463649773874493,0.23457256852229794,0.15702777382100383,0.17455605023228588,0.23453653158873647,0.15590214329762125,0.17350748822829831,0.23218457229730255,-0.0024088096488656119,-0.0023045601338777255,-0.0053366068094884422,-4.6354680097143719e-05,-8.0447506459052631e-05,-3.6036933561467421e-05,-0.0011256305233825759,-0.0010485620039875632,-0.0023519592914339194,-0.0024551643289627556,-0.0023850076403367781,-0.0053726437430499097,-0.0011719852034797196,-0.0011290095104466158,-0.0023879962249953868,-0.0035807948523453315,-0.0034335696443243413,-0.007724603034483829
2023,85,0.16107840646230573,0.17908739953371408,0.24066735534585409,0.15859338503800247,0.17689728719199829,0.2351539562301832,0.15851118245915252,0.17678045116675117,0.23501201659786902,0.15707729040853646,0.17526406504341641,0.23229127082793494,-0.0024850214243032631,-0.0021901123417157886,-0.0055133991156708917,-8.2202578849943642e-05,-0.000116836025247119,-0.00014193963231418083,-0.0014338920506160591,-0.0015163861233347675,-0.0027207457699340853,-0.0025672240031532068,-0.0023069483669629076,-0.0056553387479850725,-0.0015160946294660027,-0.0016332221485818865,-0.0028626854022482662,-0.0040011160537692658,-0.0038233344902976751,-0.0083760845179191579
2023,86,0.1617674199060288,0.17907796001136744,0.24077479969458959,0.15965818856510638,0.17705849428836726,0.23622326874953564,0.15960643488550327,0.17696090100170311,0.23619525425076829,0.15805354581065448,0.17524947838806271,0.23361809343326717,-0.0021092313409224184,-0.0020194657230001856,-0.0045515309450539498,-5.1753679603111502e-05,-9.7593286664143797e-05,-2.8014498767353624e-05,-0.0015528890748487956,-0.0017114226136404065,-0.0025771608175011174,-0.0021609850205255299,-0.0021170590096643294,-0.0045795454438213035,-0.0016046427544519071,-0.0018090159003045503,-0.002605175316268471,-0.0037138740953743254,-0.0038284816233047358,-0.0071567062613224208
2023,87,0.16201231782272982,0.18029917967470974,0.24054507819849841,0.15992855800381403,0.1783034738349856,0.23616313303054026,0.15985494948026641,0.17820273021044677,0.23594174913449464,0.15843586743282262,0.17667031200940014,0.23351535388167288,-0.0020837598189157869,-0.0019957058397241378,-0.0043819451679581456,-7.3608523547624705e-05,-0.00010074362453882379,-0.00022138389604561826,-0.0014190820474437871,-0.0015324182010466314,-0.0024263952528217614,-0.0021573683424634116,-0.0020964494642629616,-0.0046033290640037638,-0.0014926905709914118,-0.0016331618255854552,-0.0026477791488673796,-0.0035764503899071987,-0.003628867665309593,-0.0070297243168255252
2023,88,0.16195311083229583,0.17935229665688632,0.24046942940387292,0.15989106916244064,0.17734081528048462,0.23612200637961084,0.15977017484293121,0.17718514778156869,0.23589164387182457,0.15831247842086169,0.17566442815267175,0.23312584229967898,-0.0020620416698551858,-0.002011481376401697,-0.0043474230242620815,-0.00012089431950942919,-0.00015566749891593457,-0.00023036250778626921,-0.0014576964220695265,-0.0015207196288969382,-0.0027658015721455931,-0.002182935989364615,-0.0021671488753176316,-0.0045777855320483507,-0.0015785907415789557,-0.0016763871278128728,-0.0029961640799318623,-0.0036406324114341415,-0.0036878685042145698,-0.0073435871041939438
2023,89,0.1598714371541855,0.17718374417492255,0.24004852443126529,0.15783928175880982,0.17531779699460395,0.23554272256351078,0.15782886526455595,0.17529426885823726,0.23548804836303963,0.15658474795103716,0.17396771273578029,0.2332473460899922,-0.0020321553953756843,-0.0018659471803186001,-0.0045058018677545109,-1.0416494253873143e-05,-2.35281363666906e-05,-5.4674200471144241e-05,-0.0012441173135187833,-0.0013265561224569677,-0.0022407022730474291,-0.0020425718896295575,-0.0018894753166852907,-0.0045604760682256551,-0.0012545338077726564,-0.0013500842588236583,-0.0022953764735185733,-0.0032866892031483408,-0.0032160314391422584,-0.0068011783412730842
2023,90,0.16074335329968442,0.17817813462573467,0.24023779622316058,0.15880744131967961,0.1762678658730546,0.23591967349052864,0.15880935575074961,0.17621498224939616,0.23600542720959081,0.15728609705602628,0.1745780890068081,0.23324760640990358,-0.0019359119800048119,-0.0019102687526800777,-0.0043181227326319349,1.914431070004774e-06,-5.288362365843402e-05,8.575371906216489e-05,-0.001523258694723334,-0.0016368932425880611,-0.0027578207996872273,-0.0019339975489348071,-0.0019631523763385117,-0.00423236901356977,-0.0015213442636533292,-0.0016897768662464951,-0.0026720670806250624,-0.0034572562436581411,-0.0036000456189265728,-0.0069901898132569973
2023,91,0.16324700896098451,0.18226859792817088,0.24134492937965352,0.16140654589808678,0.18046243238525064,0.2370303833554292,0.16136324359200352,0.1803357508714005,0.23696724409220163,0.16020739336047876,0.17908604222613583,0.23495361215247867,-0.0018404630628977292,-0.001806165542920235,-0.0043145460242243194,-4.3302306083264908e-05,-0.00012668151385014648,-6.3139263227568465e-05,-0.0011558502315247576,-0.0012497086452646633,-0.0020136319397229541,-0.0018837653689809941,-0.0019328470567703815,-0.0043776852874518879,-0.0011991525376080225,-0.0013763901591148098,-0.0020767712029505225,-0.0030396156005057517,-0.0031825557020350448,-0.006391317227174842
2023,92,0.1620382095154819,0.18036025856603727,0.24119682060388634,0.15995428838387898,0.17836432514946363,0.23662048673385422,0.15982294893259083,0.17820128761025586,0.23645937420214933,0.15857560608543747,0.17702925796393448,0.23432372509195248,-0.0020839211316029116,-0.001995933416573642,-0.0045763338700321177,-0.00013133945128815383,-0.00016303753920776654,-0.00016111253170489337,-0.0012473428471533599,-0.0011720296463213764,-0.0021356491101968411,-0.0022152605828910654,-0.0021589709557814085,-0.004737446401737011,-0.0013786822984415137,-0.0013350671855291429,-0.0022967616419017345,-0.0034626034300444253,-0.0033310006021027849,-0.0068730955119338522
2023,93,0.16259886792807329,0.18044496741734889,0.2406635615934424,0.16069214193069162,0.1786851773105371,0.23627049656349253,0.16063477195232462,0.17858314093583999,0.23618311118144239,0.15902014238579001,0.17663438586083327,0.23380098517251113,-0.0019067259973816753,-0.0017597901068117927,-0.0043930650299498775,-5.7369978367000085e-05,-0.00010203637469710647,-8.7385382050136906e-05,-0.0016146295665346033,-0.0019487550750067195,-0.0023821260089312568,-0.0019640959757486753,-0.0018618264815088992,-0.0044804504120000144,-0.0016719995449016034,-0.002050791449703826,-0.0024695113909813937,-0.0035787255422832787,-0.0038105815565156187,-0.0068625764209312712
2023,94,0.16013697795778051,0.17828377816743932,0.24025530287166677,0.15801119681966755,0.17620842363755571,0.23580020499806287,0.15788211092377594,0.17601585118008689,0.235614139738657,0.15608787868342783,0.17419061506454764,0.2322659054396935,-0.0021257811381129588,-0.0020753545298836107,-0.0044550978736039026,-0.0001290858958916119,-0.00019257245746881479,-0.00018606525940587093,-0.0017942322403481092,-0.0018252361155392527,-0.0033482342989634983,-0.0022548670340045707,-0.0022679269873524255,-0.0046411631330097736,-0.0019233181362397211,-0.0020178085730080675,-0.0035342995583693693,-0.0040490992743526799,-0.0040931631028916782,-0.0079893974319732719
2023,95,0.16132505651545881,0.1785823695747073,0.24065936610307823,0.15928637139196841,0.17668321286720318,0.23607013576922423,0.15927456899228407,0.17664648922556023,0.23606260017023092,0.15781920795391124,0.17503947098818098,0.2335395997057072,-0.0020386851234903969,-0.0018991567075041238,-0.0045892303338539997,-1.1802399684346376e-05,-3.6723641642949501e-05,-7.5355989933023615e-06,-0.001455361038372821,-0.001607018237379243,-0.0025230004645237225,-0.0020504875231747433,-0.0019358803491470733,-0.0045967659328473021,-0.0014671634380571674,-0.0016437418790221925,-0.0025305360635170249,-0.0035058485615475643,-0.0035428985865263163,-0.0071197663973710246
2023,96,0.1620742263394816,0.17951132051028654,0.240053753678866,0.16025192610586173,0.17768182704412827,0.23629967463078216,0.16016974517111673,0.17755492502147815,0.23618781775889505,0.15882367673455347,0.17622417274011845,0.23381305063026186,-0.0018223002336198724,-0.0018294934661582662,-0.003754079048083836,-8.2180934744990886e-05,-0.00012690202265011608,-0.00011185687188711158,-0.0013460684365632636,-0.0013307522813597039,-0.0023747671286331873,-0.0019044811683648633,-0.0019563954888083823,-0.0038659359199709475,-0.0014282493713082545,-0.00145765430400982,-0.0024866240005202989,-0.0032505496049281268,-0.0032871477701680862,-0.0062407030486041348
2023,97,0.16113720930352304,0.17951664529141195,0.24060903267533792,0.15913042069374467,0.1776565298079773,0.23631816003518771,0.15906885029231341,0.17761933479731659,0.23617324240252788,0.15785033400339032,0.17633198505377551,0.23399477593006296,-0.002006788609778376,-0.0018601154834346489,-0.0042908726401502117,-6.1570401431260136e-05,-3.719501066071218e-05,-0.00014491763265983559,-0.0012185162889230827,-0.001287349743541083,-0.0021784664724649183,-0.0020683590112096362,-0.0018973104940953611,-0.0044357902728100473,-0.0012800866903543429,-0.0013245447542017952,-0.0023233841051247539,-0.0032868753001327189,-0.0031846602376364441,-0.0066142567452749657
2023,98,0.16087491138871346,0.17833178227895716,0.24078680723783036,0.15896784219971161,0.17676938933465539,0.23641232079979591,0.15884493025639432,0.17661331467214,0.2361686889150541,0.15737399884633121,0.17509389517171337,0.23372188715998507,-0.0019070691890018532,-0.0015623929443017714,-0.0043744864380344528,-0.00012291194331728872,-0.00015607466251538193,-0.00024363188474180175,-0.0014709314100631032,-0.0015194195004266386,-0.0024468017550690335,-0.0020299811323191419,-0.0017184676068171534,-0.0046181183227762546,-0.001593843353380392,-0.0016754941629420206,-0.0026904336398108353,-0.0035009125423822451,-0.003237887107243792,-0.0070649200778452881
2023,99,0.16098539755276198,0.17837830545518699,0.24016171422657598,0.15902561455736205,0.17656135979948262,0.23584079165257968,0.15894668157953479,0.17645588166861412,0.2357255854411873,0.15759861101298361,0.17514363722013476,0.23323681455197681,-0.0019597829953999224,-0.0018169456557043662,-0.0043209225739962998,-7.8932977827267381e-05,-0.00010547813086850266,-0.00011520621139238241,-0.0013480705665511739,-0.001312244448479355,-0.0024887708892104843,-0.0020387159732271898,-0.0019224237865728688,-0.0044361287853886822,-0.0014270035443784412,-0.0014177225793478576,-0.0026039771006028667,-0.0033867865397783636,-0.0032346682350522238,-0.0069248996745991664
2023,100,0.16075680343589768,0.17876139419564815,0.24020478271753126,0.15826534659437622,0.1762733229492443,0.23523314500730996,0.15817883628026427,0.17613094162817947,0.23511563375317887,0.15669590015740681,0.17462924225625684,0.23227491798374042,-0.0024914568415214666,-0.0024880712464038501,-0.0049716377102212994,-8.6510314111942765e-05,-0.00014238132106483836,-0.00011751125413109187,-0.0014829361228574645,-0.0015016993719226268,-0.0028407157694384511,-0.0025779671556334094,-0.0026304525674686885,-0.0050891489643523913,-0.0015694464369694072,-0.0016440806929874652,-0.0029582270235695429,-0.0040609032784908738,-0.0041321519393913153,-0.0079298647337908423
2023,101,0.16116097139010627,0.17923108522030609,0.24066253723044495,0.15912995020831838,0.17730040244431339,0.23626596725052351,0.15905287652055108,0.17714739013550898,0.23617793224139622,0.15754185621800362,0.17554625795395828,0.23348600874856518,-0.0020310211817878843,-0.0019306827759927037,-0.0043965699799214386,-7.7073687767298393e-05,-0.00015301230880440664,-8.8035009127296338e-05,-0.0015110203025474611,-0.0016011321815506963,-0.0026919234928310387,-0.0021080948695551827,-0.0020836950847971103,-0.0044846049890487349,-0.0015880939903147595,-0.0017541444903551029,-0.002779958501958335,-0.0036191151721026438,-0.0036848272663478066,-0.0071765284818797737
2023,102,0.16034631581978337,0.177987653775983,0.24004200239489629,0.15849168853038592,0.17620864220525376,0.23575857225976707,0.15844294189116467,0.17614808816120256,0.23562237131174296,0.15717774583256999,0.17479218886556974,0.23335462787621117,-0.001854627289397448,-0.0017790115707292387,-0.0042834301351292181,-4.8746639221247667e-05,-6.0554044051197575e-05,-0.00013620094802410665,-0.0012651960585946809,-0.0013558992956328175,-0.0022677434355317938,-0.0019033739286186957,-0.0018395656147804362,-0.0044196310831533248,-0.0013139426978159285,-0.0014164533396840151,-0.0024039443835559005,-0.0031685699872133766,-0.0031954649104132538,-0.0066873745186851186
2023,103,0.16064316106849014,0.17881845545116473,0.2405552597896215,0.15866811055381072,0.1770179879219044,0.23644787282426649,0.15859661773386424,0.1769051411768113,0.23635601874145246,0.15705024223476688,0.17527191480901422,0.23362227922636425,-0.0019750505146794162,-0.00180046752926033,-0.0041073869653550088,-7.1492819946478159e-05,-0.00011284674509309811,-9.1854082814035731e-05,-0.0015463754990973633,-0.001633226367797086,-0.0027337395150882071,-0.0020465433346258943,-0.0019133142743534282,-0.0041992410481690445,-0.0016178683190438414,-0.0017460731128901841,-0.0028255935979022428,-0.0035929188337232576,-0.0035465406421505141,-0.0069329805632572516
2023,104,0.16154845526968883,0.17966280252099645,0.24031536747274862,0.15944123819863015,0.17771147915019628,0.23589653075056255,0.1594029206968835,0.17767194768178324,0.23583097098394915,0.15788925593261191,0.17595683690753697,0.23356053154540346,-0.0021072170710586813,-0.0019513233708001732,-0.0044188367221860703,-3.8317501746654159e-05,-3.9531468413039894e-05,-6.5559766613404458e-05,-0.0015136647642715884,-0.0017151107742462701,-0.002270439438545685,-0.0021455345728053354,-0.001990854839213213,-0.0044843964887994747,-0.0015519822660182425,-0.00175464224265931,-0.0023359992051590894,-0.0036591993370769238,-0.0037059656134594832,-0.0067548359273451597
2023,105,0.16244725116633835,0.18007728998831637,0.24019727510265931,0.1602575911232561,0.178104131280754,0.23545501600628063,0.16022297697537244,0.1780573039479153,0.23537879890153574,0.15855953447206342,0.17618075181213258,0.23278340362516897,-0.0021896600430822422,-0.0019731587075623724,-0.0047422590963786815,-3.4614147883665902e-05,-4.6827332838700331e-05,-7.6217104744896735e-05,-0.0016634425033090205,-0.001876552135782722,-0.0025953952763667631,-0.0022242741909659081,-0.0020199860404010728,-0.0048184762011235782,-0.0016980566511926865,-0.0019233794686214223,-0.0026716123811116599,-0.0038877166942749286,-0.0038965381761837947,-0.0074138714774903414
2023,106,0.15971836988292504,0.17666830406377831,0.23984961127864368,0.15749109199110742,0.17488246114751557,0.23446319819947958,0.15742344676008166,0.17477282069036118,0.23439617746885577,0.15628744883159668,0.17350276010680599,0.23267844495797849,-0.0022272778918176195,-0.0017858429162627421,-0.0053864130791640985,-6.7645231025759145e-05,-0.00010964045715439186,-6.7020730623812419e-05,-0.001135997928484983,-0.0012700605835551937,-0.0017177325108772845,-0.0022949231228433786,-0.0018954833734171339,-0.0054534338097879109,-0.0012036431595107422,-0.0013797010407095855,-0.0017847532415010969,-0.0034309210513283617,-0.0031655439569723276,-0.0071711663206651954
2023,107,0.16077430793351108,0.17786339668819684,0.23991876211229032,0.1584308692850859,0.17562039419559272,0.23504084369630199,0.15837187323209789,0.17555900967438581,0.23481638568928317,0.15728111261652231,0.17423774038701506,0.23313673962538875,-0.0023434386484251779,-0.0022430024926041181,-0.004877918415988336,-5.8996052988008474e-05,-6.1384521206908627e-05,-0.00022445800701881291,-0.0010907606155755867,-0.0013212692873707521,-0.0016796460638944244,-0.0024024347014131864,-0.0023043870138110267,-0.0051023764230071489,-0.0011497566685635952,-0.0013826538085776607,-0.0019041040709132373,-0.0034931953169887731,-0.0036256563011817788,-0.0067820224869015733
2023,108,0.16255451087893663,0.18038475624106898,0.24088850680830265,0.16048619872046418,0.17825390138054262,0.23677212670310174,0.16053555268367095,0.17829873288213638,0.23688818730454558,0.15869744664515284,0.17606818271759142,0.23410846476959013,-0.0020683121584724462,-0.00213085486052636,-0.0041163801052009064,4.9353963206766327e-05,4.4831501593761702e-05,0.00011606060144384034,-0.0018381060385181114,-0.0022305501645449588,-0.0027797225349554533,-0.0020189581952656799,-0.0020860233589325983,-0.004000319503757066,-0.0017887520753113451,-0.0021857186629511971,-0.002663661933511613,-0.0038570642337837913,-0.0043165735234775571,-0.0067800420387125193
2023,109,0.16275620675805119,0.18077015803158689,0.24094520781527135,0.16092119143977188,0.17910798546747345,0.23687802063431804,0.16074026924261325,0.1788879635950234,0.23658726996553339,0.15972456262266121,0.17788554640954002,0.2346565513434816,-0.001835015318279315,-0.0016621725641134399,-0.0040671871809533078,-0.00018092219715862279,-0.00022002187245004357,-0.00029075066878464506,-0.0010157066199520393,-0.0010024171854833841,-0.0019307186220517969,-0.0020159375154379378,-0.0018821944365634835,-0.0043579378497379528,-0.001196628817110662,-0.0012224390579334277,-0.002221469290836442,-0.003031644135389977,-0.0028846116220468676,-0.0062886564717897497
2023,110,0.16212234440354933,0.18065843271524662,0.24102273551515435,0.16021092335996487,0.1788401006962603,0.23683689931247404,0.16018269360816112,0.17883379492416637,0.23673523679414979,0.15856849181592195,0.17692783416691132,0.23420427561710325,-0.0019114210435844659,-0.0018183320189863184,-0.0041858362026803153,-2.822975180374887e-05,-6.3057720939285744e-06,-0.000101662518324247,-0.0016142017922391727,-0.0019059607572550485,-0.0025309611770465423,-0.0019396507953882147,-0.0018246377910802469,-0.0042874987210045623,-0.0016424315440429216,-0.0019122665293489771,-0.0026326236953707893,-0.0035538525876273874,-0.0037305985483352955,-0.0068184598980511046
2023,111,0.1605960715479901,0.17781621593012911,0.24017149065217236,0.15873022586385804,0.17596533738486175,0.23603902440247496,0.15872449660598636,0.17596567078014574,0.23601385327588431,0.15747146764510017,0.17456518035907903,0.23383730942042424,-0.0018658456841320614,-0.0018508785452673593,-0.0041324662496974029,-5.7292578716783282e-06,3.3339528399123353e-07,-2.5171126590645132e-05,-0.0012530289608861933,-0.0014004904210667135,-0.0021765438554600669,-0.0018715749420037397,-0.0018505451499833681,-0.0041576373762880481,-0.0012587582187578716,-0.0014001570257827223,-0.002201714982050712,-0.0031246039028899331,-0.0032510355710500816,-0.006334181231748115
2023,112,0.16038498290533962,0.17771886877721063,0.24037754181342838,0.15831635913937367,0.17570301182786832,0.2359096043609257,0.15831830686479201,0.17565628945930484,0.2359607513988429,0.15695080333110878,0.17427712837375361,0.23332766307531103,-0.002068623765965949,-0.0020158569493423095,-0.0044679374525026794,1.9477254183386528e-06,-4.6722368563484329e-05,5.1147037917198546e-05,-0.0013675035336832286,-0.0013791610855512226,-0.0026330883235318736,-0.0020666760405476103,-0.0020625793179057939,-0.0044167904145854808,-0.00136555580826489,-0.001425883454114707,-0.0025819412856146751,-0.003434179574230839,-0.0034417404034570165,-0.0070498787381173544
2023,113,0.16152879978330487,0.17960073666086726,0.24051454681387466,0.15928125120652351,0.17760611983104341,0.23553647817180606,0.15919044534509036,0.17749523715191862,0.23535366395637597,0.15797789072553209,0.1761642462074765,0.23321098341981467,-0.0022475485767813608,-0.0019946168298238531,-0.0049780686420685949,-9.0805861433146395e-05,-0.00011088267912479077,-0.0001828142154300938,-0.0012125546195582704,-0.001330990944442112,-0.0021426805365613033,-0.0023383544382145072,-0.0021054995089486439,-0.0051608828574986887,-0.0013033604809914168,-0.0014418736235669027,-0.0023254947519913971,-0.0035509090577727775,-0.0034364904533907559,-0.007303563394059992
2023,114,0.16038654884885781,0.17844023774888393,0.23993858008415159,0.15822669448518398,0.17618517683674406,0.23548047761301127,0.15811575229830188,0.17604592289950313,0.23534542867676228,0.15674836642437967,0.17447937494496787,0.23324622057895872,-0.0021598543636738299,-0.0022550609121398668,-0.0044581024711403128,-0.00011094218688209589,-0.0001392539372409296,-0.00013504893624899372,-0.0013673858739222111,-0.0015665479545352579,-0.0020992080978035621,-0.0022707965505559258,-0.0023943148493807964,-0.0045931514073893065,-0.001478328060804307,-0.0017058018917761875,-0.0022342570340525558,-0.0036381824244781369,-0.0039608628039160543,-0.0066923595051928686
2023,115,0.16329054137391386,0.18095052038129944,0.2411776597942088,0.16118152079349432,0.17900733377272091,0.23644403136483494,0.16112163005233099,0.17891408545907525,0.23637622059508223,0.15991733503145522,0.17758602965365247,0.23431704477472443,-0.002109020580419535,-0.0019431866085785343,-0.0047336284293738595,-5.989074116333204e-05,-9.3248313645655223e-05,-6.78107697527075e-05,-0.0012042950208757675,-0.0013280558054227787,-0.0020591758203578059,-0.002168911321582867,-0.0020364349222241895,-0.004801439199126567,-0.0012641857620390995,-0.0014213041190684339,-0.0021269865901105134,-0.0033732063424586345,-0.0033644907276469682,-0.0068606150194843729
2023,116,0.16070747646845984,0.17796709966966617,0.2406016820715898,0.15843503341559867,0.17584400909277428,0.23564029773986117,0.15828387771631719,0.17563162869850554,0.2354401805070801,0.15692935157109031,0.17407248885184429,0.23349917364987893,-0.0022724430528611728,-0.0021230905768918895,-0.0049613843317286299,-0.00015115569928147998,-0.00021238039426874078,-0.00020011723278107185,-0.0013545261452268809,-0.001559139846661256,-0.0019410068572011663,-0.0024235987521426527,-0.0023354709711606303,-0.0051615015645097018,-0.0015056818445083608,-0.0017715202409299968,-0.0021411240899822381,-0.0037781248973695336,-0.0038946108178218863,-0.007102508421710868
2023,117,0.16024103870478046,0.17748049749879727,0.24047085513784178,0.15821033587536948,0.17553383342704793,0.23605745279128029,0.15813765061601937,0.1754448902920035,0.23595649220623344,0.15669502911453223,0.17388662701643756,0.23363000110765794,-0.0020307028294109797,-0.0019466640717493433,-0.0044134023465614847,-7.2685259350113718e-05,-8.8943135044428079e-05,-0.00010096058504685534,-0.0014426215014871346,-0.0015582632755659354,-0.002326491098575495,-0.0021033880887610934,-0.0020356072067937714,-0.00451436293160834,-0.0015153067608372484,-0.0016472064106103634,-0.0024274516836223503,-0.003546009590248228,-0.0035938704823597067,-0.006840854030183835
2023,118,0.16215417909005475,0.18066019947367692,0.24054284410399224,0.15994118465854673,0.17865687525176269,0.23553353676787375,0.15979806723980181,0.17843415550563221,0.23534002261871484,0.15844846079899941,0.17697814175872423,0.23310132886171575,-0.0022129944315080197,-0.0020033242219142378,-0.0050093073361184848,-0.00014311741874492578,-0.00022271974613047307,-0.00019351414915891318,-0.0013496064408023978,-0.0014560137469079859,-0.0022386937569990883,-0.0023561118502529454,-0.0022260439680447108,-0.005202821485277398,-0.0014927238595473236,-0.001678733493038459,-0.0024322079061580015,-0.0037057182910553432,-0.0036820577149526967,-0.0074415152422764863
2023,119,0.16054248776896948,0.17783229951731802,0.23958915009048806,0.15813505710960454,0.17538848829876591,0.23458492025577524,0.15804591756780664,0.17525700992745696,0.2344571445846744,0.15643503109750034,0.17332902243518222,0.23179751151379233,-0.0024074306593649397,-0.002443811218552111,-0.0050042298347128256,-8.9139541797900179e-05,-0.00013147837130894624,-0.00012777567110083821,-0.0016108864703062997,-0.0019279874922747409,-0.0026596330708820726,-0.0024965702011628399,-0.0025752895898610573,-0.0051320055058136638,-0.0017000260121041999,-0.0020594658635836871,-0.0027874087419829108,-0.0041074566714691396,-0.0045032770821357981,-0.0077916385766957363
2023,120,0.16158264809769662,0.17898765988790924,0.24106740057837833,0.15972709432005272,0.177286425363339,0.23692000036871061,0.15959166144955061,0.17712697593935856,0.2366692472032659,0.15801009510082931,0.17540399259866382,0.23377375924706673,-0.0018555537776439035,-0.0017012345245702443,-0.0041474002096677232,-0.00013543287050210573,-0.00015944942398044004,-0.00025075316544470594,-0.0015815663487213083,-0.0017229833406947337,-0.0028954879561991775,-0.0019909866481460092,-0.0018606839485506843,-0.0043981533751124291,-0.001716999219223414,-0.0018824327646751737,-0.0031462411216438835,-0.0035725529968673175,-0.003583667289245418,-0.0072936413313116066
2023,121,0.16065555647842381,0.17833384810310474,0.24050428544692279,0.1583966200784058,0.17624986060949691,0.23535289984730076,0.15839074141237908,0.17623628878122488,0.23537724721884307,0.15686029018695177,0.17472789731177116,0.23280390930663838,-0.0022589364000180079,-0.0020839874936078306,-0.005151385599622027,-5.8786660267207136e-06,-1.35718282720243e-05,2.4347371542304819e-05,-0.0015304512254273039,-0.0015083914694537237,-0.0025733379122046818,-0.0022648150660447286,-0.0020975593218798549,-0.0051270382280797222,-0.0015363298914540247,-0.001521963297725748,-0.002548990540662377,-0.0037952662914720325,-0.0036059507913335787,-0.007700376140284404
2023,122,0.16186884972006596,0.17994425009912765,0.24042792525968704,0.15997249735449118,0.17826476310959663,0.23598709269370841,0.15991885579798662,0.17815703226224297,0.23592290416339934,0.15840279612965386,0.17638454020821354,0.23324958992914807,-0.0018963523655747827,-0.0016794869895310205,-0.0044408325659786307,-5.3641556504557819e-05,-0.00010773084735365979,-6.4188530309067238e-05,-0.0015160596683327643,-0.0017724920540294342,-0.0026733142342512672,-0.0019499939220793405,-0.0017872178368846803,-0.004505021096287698,-0.0015697012248373221,-0.001880222901383094,-0.0027375027645603345,-0.0034660535904121048,-0.0035597098909141145,-0.0071783353305389652
2023,123,0.16314095857953095,0.18108185265174076,0.24091624813417994,0.1612938209512623,0.1792535577052409,0.23692492356334116,0.16113343436443844,0.17909656013660991,0.23666596167210494,0.15961477707336091,0.17743939204346001,0.23400539463426151,-0.001847137628268658,-0.0018282949464998588,-0.0039913245708387834,-0.00016038658682385187,-0.00015699756863099545,-0.00025896189123622571,-0.0015186572910775298,-0.0016571680931498911,-0.0026605670378434254,-0.0020075242150925099,-0.0019852925151308543,-0.0042502864620750092,-0.0016790438779013817,-0.0018141656617808866,-0.0029195289290796511,-0.0035261815061700397,-0.0036424606082807454,-0.0069108534999184346
2023,124,0.16133334845811856,0.17888862092828661,0.23994392199682252,0.1591645661623643,0.17684447478344928,0.23541707994787456,0.15907921605731729,0.17672995000218841,0.2352316932537237,0.15768598359588112,0.1752341404651572,0.23283093018080644,-0.0021687822957542624,-0.0020441461448373333,-0.0045268420489479599,-8.5350105047010683e-05,-0.00011452478126086629,-0.00018538669415085751,-0.0013932324614361613,-0.0014958095370312119,-0.0024007630729172558,-0.0022541324008012731,-0.0021586709260981995,-0.0047122287430988175,-0.001478582566483172,-0.0016103343182920782,-0.0025861497670681133,-0.0036473648622374344,-0.0036544804631294114,-0.0071129918160160732
2023,125,0.16019063910391032,0.17863018710724965,0.24004167824818567,0.15798835106430587,0.17639711486229079,0.23534375084021308,0.15795702042790255,0.1763472027322022,0.23524361923559881,0.15699984852455731,0.17540202264703936,0.23353531731083468,-0.0022022880396044553,-0.0022330722449588614,-0.0046979274079725908,-3.1330636403315015e-05,-4.9912130088591855e-05,-0.00010013160461427861,-0.00095717190334523861,-0.00094518008516283891,-0.0017083019247641218,-0.0022336186760077703,-0.0022829843750474532,-0.0047980590125868694,-0.00098850253974855362,-0.00099509221525143077,-0.0018084335293784004,-0.0031907905793530089,-0.0032281644602102921,-0.0065063609373509912
2023,126,0.15971332152334292,0.17647986211996428,0.24051294335307677,0.15752431938906961,0.17426529713339844,0.23612025242828397,0.15748344189807417,0.17421078675090346,0.23607164961549107,0.15584853425622394,0.17234232788143375,0.23348263059487409,-0.0021890021342733101,-0.0022145649865658312,-0.0043926909247928025,-4.0877490995433474e-05,-5.4510382494987741e-05,-4.8602812792897243e-05,-0.0016349076418502306,-0.001868458869469708,-0.0025890190206169783,-0.0022298796252687436,-0.002269075369060819,-0.0044412937375856998,-0.0016757851328456641,-0.0019229692519646957,-0.0026376218334098755,-0.0038647872671189742,-0.0041375342385305269,-0.0070303127582026781
2023,127,0.16169494366576817,0.17940707317138122,0.240079736074504,0.1593444259878608,0.17710774685731984,0.23519320992769269,0.15926814229753283,0.17699772739973132,0.23516866147007415,0.1580305178776383,0.17574279073440921,0.23292361367052022,-0.0023505176779073655,-0.0022993263140613784,-0.0048865261468113153,-7.6283690327971776e-05,-0.00011001945758851162,-2.4548457618539521e-05,-0.0012376244198945285,-0.001254936665322115,-0.0022450477995539231,-0.0024268013682353373,-0.0024093457716498901,-0.0049110746044298548,-0.0013139081102225003,-0.0013649561229106266,-0.0022695962571724626,-0.0036644257881298659,-0.0036642824369720051,-0.0071561224039837779
2023,128,0.16196414350135138,0.18042454530351601,0.24032979804388663,0.15966633562790991,0.17829724986371634,0.23524618527073907,0.15960378389550656,0.17821655824949706,0.23511028724276839,0.1581866044344078,0.17664156024347194,0.23284701206466418,-0.0022978078734414709,-0.0021272954397996702,-0.0050836127731475611,-6.255173240335421e-05,-8.0691614219280394e-05,-0.00013589802797067674,-0.0014171794610987609,-0.001574998006025119,-0.0022632751781042071,-0.0023603596058448251,-0.0022079870540189506,-0.0052195108011182378,-0.0014797311935021151,-0.0016556896202443994,-0.0023991732060748838,-0.003777539066943586,-0.0037829850600440695,-0.0074827859792224449
2023,129,0.16124216943412012,0.17931801711219145,0.24008277126334246,0.15912600771921978,0.17742943474417788,0.23541367380357947,0.15908691564552957,0.17738865859194622,0.23534798876756016,0.15781256186989306,0.17589095426737961,0.23331731298769215,-0.0021161617149003387,-0.0018885823680135638,-0.0046690974597629886,-3.9092073690211171e-05,-4.0776152231664087e-05,-6.5685036019308418e-05,-0.0012743537756365053,-0.0014977043245666122,-0.0020306757798680131,-0.0021552537885905498,-0.0019293585202452279,-0.004734782495782297,-0.0013134458493267165,-0.0015384804767982763,-0.0020963608158873215,-0.0034296075642270551,-0.0034270628448118401,-0.0067654582756503101
2023,130,0.16115672101352921,0.17907105987156516,0.24047557879606488,0.15920675575818688,0.17729145708666877,0.23599248956349747,0.15910226317053941,0.17717111999963925,0.23586771896731454,0.15778265147036813,0.17574762282587483,0.23349528894365443,-0.0019499652553423286,-0.0017796027848963891,-0.0044830892325674054,-0.00010449258764747005,-0.00012033708702952062,-0.00012477059618293262,-0.0013196117001712804,-0.0014234971737644153,-0.0023724300236601104,-0.0020544578429897986,-0.0018999398719259097,-0.0046078598287503381,-0.0014241042878187504,-0.0015438342607939359,-0.002497200619843043,-0.003374069543161079,-0.0033234370456903251,-0.0069802898524104484
2023,131,0.15959115898620507,0.17628002139707552,0.23922601542574162,0.15749229219840663,0.17425747484250498,0.23464279241645677,0.1574487733198521,0.17415561037148314,0.23453985594698623,0.15590438160813422,0.17250192072683526,0.23188112799755339,-0.0020988667877984424,-0.0020225465545705423,-0.004583223009284848,-4.3518878554527074e-05,-0.00010186447102183971,-0.00010293646947054369,-0.0015443917117178851,-0.0016536896446478766,-0.0026587279494328375,-0.0021423856663529695,-0.002124411025592382,-0.0046861594787553917,-0.0015879105902724122,-0.0017555541156697163,-0.0027616644189033812,-0.0036867773780708546,-0.0037781006702402586,-0.0073448874281882293
2023,132,0.16196667290474401,0.18000600349589713,0.24035248814041871,0.16000745833817351,0.17819686617098271,0.23589962452765276,0.15995136610345714,0.17808539762127254,0.23584204040845852,0.1584403129682162,0.17639974472686279,0.23317533975640264,-0.0019592145665704996,-0.0018091373249144171,-0.0044528636127659504,-5.6092234716365041e-05,-0.00011146854971016973,-5.7584119194237227e-05,-0.0015110531352409418,-0.0016856528944097504,-0.0026667006520558756,-0.0020153068012868647,-0.0019206058746245869,-0.0045104477319601877,-0.0015671453699573068,-0.0017971214441199201,-0.0027242847712501128,-0.0035263599365278064,-0.0036062587690343373,-0.0071771483840160633
2023,133,0.16218358506928124,0.18075230699342451,0.24064246469227027,0.15979088017683346,0.17833958709781406,0.2356080112329389,0.15974513612841107,0.17825874347626663,0.23554433634866156,0.15834770120125496,0.17676487111316236,0.23321778527824844,-0.0023927048924477778,-0.0024127198956104545,-0.0050344534593313728,-4.5744048422391437e-05,-8.0843621547421751e-05,-6.3674884277331589e-05,-0.0013974349271561048,-0.0014938723631042761,-0.0023265510704131298,-0.0024384489408701693,-0.0024935635171578763,-0.0050981283436087044,-0.0014431789755784963,-0.0015747159846516978,-0.0023902259546904614,-0.0038358838680262741,-0.0039874358802621523,-0.0074246794140218342
2023,134,0.16097970693547414,0.17820728205194777,0.24016713550132485,0.15925564749064752,0.1764852755578146,0.23649009144702005,0.15925271935326085,0.17646423804806785,0.23644184840039906,0.15797321538004477,0.17505324842205766,0.23417093490269911,-0.00172405944482662,-0.001722006494133177,-0.0036770440543048011,-2.9281373866707483e-06,-2.1037509746746341e-05,-4.8243046620988217e-05,-0.0012795039732160784,-0.0014109896260101895,-0.0022709134976999501,-0.0017269875822132907,-0.0017430440038799233,-0.0037252871009257893,-0.0012824321106027492,-0.0014320271357569359,-0.0023191565443209383,-0.0030064915554293692,-0.0031540336298901128,-0.0059962005986257394
2023,135,0.16058628446798787,0.17848008247315067,0.24055766353873606,0.15846393515903218,0.17655145256849933,0.2359773850350827,0.15838854483620587,0.1764499816701981,0.23590193006719973,0.15693343911920657,0.17473307820751088,0.23346294023449815,-0.00212234930895569,-0.0019286299046513411,-0.0045802785036533622,-7.5390322826301981e-05,-0.00010147089830123135,-7.5454967882970791e-05,-0.0014551057169993054,-0.0017169034626872137,-0.0024389898327015769,-0.0021977396317819919,-0.0020301008029525724,-0.004655733471536333,-0.0015304960398256073,-0.0018183743609884451,-0.0025144448005845477,-0.0036528453487812973,-0.0037470042656397862,-0.0070947233042379099
2023,136,0.16020856391800758,0.17742280208025518,0.2400568470614719,0.15801209053738904,0.17532416889936217,0.23519803775743436,0.15806931857445181,0.17537533763843052,0.23520309842021001,0.15666622184781712,0.17412373128192407,0.23251222060001517,-0.002196473380618541,-0.0020986331808930114,-0.0048588093040375369,5.7228037062762027e-05,5.1168739068352398e-05,5.0606627756411005e-06,-0.0014030967266346894,-0.0012516063565064517,-0.0026908778201948369,-0.002139245343555779,-0.002047464441824659,-0.0048537486412618958,-0.0013458686895719274,-0.0012004376174380993,-0.0026858171574191958,-0.0035423420701904684,-0.0032990707983311107,-0.0075446264614567327
2023,137,0.16089356192427318,0.17863753893286843,0.24061768663572336,0.1593673128389316,0.1773489694813572,0.23706634703337026,0.15935200205549016,0.17726504249507846,0.23709782626868861,0.15773843698706219,0.1753818994259517,0.23423605306093279,-0.0015262490853415744,-0.0012885694515112345,-0.0035513396023530985,-1.5310783441441211e-05,-8.3926986278737292e-05,3.1479235318349064e-05,-0.001613565068427969,-0.0018831430691267637,-0.0028617732077558244,-0.0015415598687830157,-0.0013724964377899718,-0.0035198603670347495,-0.0016288758518694102,-0.001967070055405501,-0.0028302939724374754,-0.0031551249372109846,-0.0032556395069167354,-0.0063816335747905739
2023,138,0.15933098067619827,0.1771798900074297,0.23998672843449401,0.15705225688562113,0.17501454781978998,0.23504280663226818,0.15705661002889434,0.17500668367773961,0.23507079908021289,0.15537016457007044,0.17300131390175311,0.23235399266707266,-0.0022787237905771418,-0.0021653421876397239,-0.0049439218022258313,4.3531432732113462e-06,-7.8641420503677839e-06,2.7992447944713561e-05,-0.0016864454588239042,-0.0020053697759865041,-0.0027168064131402325,-0.0022743706473039305,-0.0021732063296900916,-0.0049159293542811178,-0.0016820923155506928,-0.0020132339180368719,-0.002688813965195519,-0.0039608161061278346,-0.0041785761056765958,-0.0076327357674213503
2023,139,0.16143273050152426,0.1791569510783734,0.24060696260564629,0.15911559376901457,0.17701686514767373,0.2355779464314377,0.15921077036471612,0.17710270013690044,0.23572969591348791,0.1578459611930183,0.17550084047196315,0.23347148249075375,-0.0023171367325096892,-0.00214008593069967,-0.0050290161742085893,9.5176595701546018e-05,8.5834989226707403e-05,0.00015174948205021188,-0.0013648091716978172,-0.0016018596649372829,-0.0022582134227341621,-0.0022219601368081432,-0.0020542509414729626,-0.0048772666921583774,-0.0012696325759962712,-0.0015160246757105755,-0.0021064639406839503,-0.0035867693085059604,-0.0036561106064102455,-0.0071354801148925395
2023,140,0.1613648820492683,0.17961527560978496,0.24048186867251112,0.15931070471116768,0.17766522961940939,0.23613718869597661,0.15927087612593599,0.17759191324842283,0.23604349810882069,0.15780031865992819,0.17587763705418541,0.23349999277291342,-0.0020541773381006212,-0.0019500459903755707,-0.0043446799765345101,-3.9828585231688196e-05,-7.3316370986564738e-05,-9.3690587155914606e-05,-0.0014705574660077991,-0.0017142761942374185,-0.0025435053359072757,-0.0020940059233323094,-0.0020233623613621354,-0.0044383705636904247,-0.0015103860512394873,-0.0017875925652239832,-0.0026371959230631903,-0.0035645633893401085,-0.0037376385555995539,-0.0069818758995977004
2023,141,0.16204959236322011,0.17981312452853779,0.24090412445642062,0.16014265434662517,0.17791462597237032,0.23665637950221122,0.16008694720191521,0.17782164302013403,0.2365665012352717,0.15862093414426445,0.17625967925905137,0.2338057639836727,-0.0019069380165949446,-0.0018984985561674717,-0.0042477449542094037,-5.5707144709954415e-05,-9.298295223628128e-05,-8.9878266939513729e-05,-0.0014660130576507613,-0.0015619637610826687,-0.0027607372515990047,-0.001962645161304899,-0.0019914815084037529,-0.0043376232211489174,-0.0015217202023607157,-0.0016549467133189499,-0.0028506155185385185,-0.0034286582189556603,-0.0035534452694864216,-0.0070983604727479221
2023,142,0.16023997553564939,0.178195838050868,0.24030711845601538,0.15809535259434346,0.1761470801152856,0.23575328243748722,0.15806334195250038,0.17607985772272414,0.23569655523591543,0.15662721179836481,0.17451696702994271,0.2331978367446953,-0.0021446229413059348,-0.0020487579355824015,-0.0045538360185281568,-3.201064184307767e-05,-6.7222392561461231e-05,-5.6727201571793451e-05,-0.0014361301541355731,-0.0015628906927814268,-0.002498718491220131,-0.0021766335831490125,-0.0021159803281438627,-0.0046105632200999502,-0.0014681407959786508,-0.001630113085342888,-0.0025554456927919245,-0.0036127637372845856,-0.0036788710209252895,-0.0071092817113200812
2023,143,0.16047505212889884,0.17759281019493878,0.24011880132670277,0.15835725440177403,0.17552003873158345,0.23545924622025016,0.15830030510482351,0.17542858398218558,0.23535741113615535,0.15680362065752176,0.17372753942040003,0.23287685585455936,-0.0021177977271248094,-0.0020727714633553274,-0.0046595551064526064,-5.6949296950520312e-05,-9.1454749397867907e-05,-0.00010183508409480901,-0.0014966844473017493,-0.0017010445617855474,-0.0024805552815959919,-0.0021747470240753297,-0.0021642262127531953,-0.0047613901905474154,-0.0015536337442522696,-0.0017924993111834153,-0.0025823903656908009,-0.003671431471377079,-0.0038652707745387427,-0.0072419454721434073
2023,144,0.16064009856885983,0.17896464651793278,0.24065076114774098,0.15840358744430186,0.17695331778830936,0.23560391855547386,0.15839248456362356,0.1769149352461156,0.23562076735877852,0.15718906995063459,0.17566036854796252,0.23351554649076328,-0.0022365111245579716,-0.0020113287296234239,-0.0050468425922671201,-1.1102880678293126e-05,-3.8382542193765579e-05,1.6848803304658766e-05,-0.0012034146129889789,-0.0012545666981530756,-0.002105220868015234,-0.0022476140052362648,-0.0020497112718171895,-0.0050299937889624613,-0.001214517493667272,-0.0012929492403468412,-0.0020883720647105752,-0.0034510286182252436,-0.0033042779699702651,-0.0071352146569776953
2023,145,0.16263515443773155,0.1811310115279251,0.24118122718385648,0.1607457050482114,0.17949066543344042,0.23691793444611686,0.16071858685263218,0.17944911136601274,0.23689820602641398,0.15919311981722908,0.17778148318469811,0.23424645040518727,-0.0018894493895201536,-0.0016403460944846848,-0.0042632927377396213,-2.7118195579212134e-05,-4.1554067427673758e-05,-1.9728419702880196e-05,-0.0015254670354030997,-0.0016676281813146343,-0.0026517556212267146,-0.0019165675850993658,-0.0016819001619123586,-0.0042830211574425014,-0.0015525852309823118,-0.0017091822487423081,-0.0026714840409295948,-0.0034420346205024654,-0.0033495283432269929,-0.006934776778669216
2023,146,0.16199387858101547,0.1800346804218321,0.24063702541532869,0.15968149094252382,0.17769107964736186,0.23574123663181398,0.15974329899488043,0.17777275722840505,0.23584833507144171,0.15829749955979386,0.17623028107179592,0.23319567936627164,-0.0023123876384916475,-0.0023436007744702392,-0.0048957887835147096,6.1808052356615573e-05,8.1677581043188008e-05,0.00010709843962772303,-0.0014457994350865755,-0.0015424761566091294,-0.002652655705170065,-0.002250579586135032,-0.0022619231934270512,-0.0047886903438869866,-0.0013839913827299599,-0.0014607985755659414,-0.002545557265542342,-0.0036963790212216074,-0.0038043993500361806,-0.0074413460490570515
2023,147,0.16181210028466314,0.17944992423253533,0.24052468237151206,0.15970886893880548,0.17748005724313048,0.23588649223331007,0.15960956127972903,0.17735738594184261,0.23570540001138071,0.15805357030767669,0.17560580593104189,0.23289496334861623,-0.002103231345857659,-0.0019698669894048504,-0.0046381901382019919,-9.9307659076453003e-05,-0.0001226713012878744,-0.00018109222192935759,-0.0015559909720523346,-0.001751580010800724,-0.0028104366627644817,-0.002202539004934112,-0.0020925382906927248,-0.0048192823601313495,-0.0016552986311287876,-0.0018742513120885984,-0.0029915288846938393,-0.0037585299769864466,-0.0038441183014934488,-0.0076297190228958311
2023,148,0.16123817106021154,0.17927208223022734,0.24026037719393434,0.15926023442304121,0.17746434736491271,0.23615135101717785,0.15918044756534239,0.1773538034684026,0.23596269892269106,0.15815914593684444,0.17621634179502094,0.23427285913637785,-0.00197793663717033,-0.0018077348653146308,-0.0041090261767564862,-7.9786857698826985e-05,-0.00011054389651010688,-0.00018865209448679088,-0.0010213016284979504,-0.0011374616733816623,-0.0016898397863132075,-0.002057723494869157,-0.0019182787618247377,-0.0042976782712432771,-0.0011010884861967773,-0.0012480055698917691,-0.0018784918807999984,-0.0030790251233671073,-0.0030557404352063999,-0.0059875180575564846
2023,149,0.16258315438339815,0.18096425258870638,0.2411488220399135,0.16030220022372446,0.17889408101916326,0.23592718817780495,0.16030587598934606,0.17889654462557766,0.23593926101344309,0.15916670337441782,0.17749979365134397,0.23415490470442424,-0.0022809541596736926,-0.0020701715695431167,-0.0052216338621085545,3.6757656216024337e-06,2.4636064143990222e-06,1.2072835638143875e-05,-0.0011391726149282411,-0.0013967509742336959,-0.001784356309018853,-0.0022772783940520902,-0.0020677079631287176,-0.0052095610264704106,-0.0011354968493066386,-0.0013942873678192969,-0.0017722834733807091,-0.0034164510089803313,-0.0034644589373624135,-0.0069939173354892636
2023,150,0.16146005612926392,0.17830070053275088,0.23984582510845212,0.15909623165366166,0.17595719803228976,0.23486699798734886,0.1589697807062434,0.17576194339032045,0.234718254114855,0.1576532546993144,0.17431909349557581,0.23252395482605695,-0.0023638244756022664,-0.0023435025004611143,-0.0049788271211032575,-0.00012645094741825513,-0.00019525464196931686,-0.00014874387249386167,-0.0013165260069289975,-0.0014428498947446355,-0.0021942992887980517,-0.0024902754230205215,-0.0025387571424304312,-0.0051275709935971192,-0.0014429769543472526,-0.0016381045367139524,-0.0023430431612919134,-0.003806801429949519,-0.0039816070371750667,-0.0073218702823951709
2023,151,0.16086136859459207,0.17787834108917533,0.2403655314542652,0.15892568418238404,0.17602516407739843,0.23624604980284045,0.15885334248805952,0.17589603205685009,0.23611762857654381,0.15735129249857194,0.17438036275345484,0.23365261394879738,-0.0019356844122080386,-0.0018531770117768964,-0.0041194816514247556,-7.2341694324518091e-05,-0.00012913202054834483,-0.00012842122629663777,-0.0015020499894875805,-0.0015156693033952506,-0.0024650146277464258,-0.0020080261065325566,-0.0019823090323252412,-0.0042479028777213934,-0.0015743916838120986,-0.0016448013239435955,-0.0025934358540430635,-0.0035100760960201371,-0.0034979783357204919,-0.0067129175054678192
2023,152,0.16133432045335602,0.1786365251033416,0.24054269006412965,0.15923868243291547,0.17651124299375254,0.23614025149454268,0.15913152193899616,0.17641755472706114,0.23590596081046622,0.15750504667167495,0.17469290123590742,0.23318692944017388,-0.0020956380204405489,-0.0021252821095890662,-0.0044024385695869694,-0.00010716049391931715,-9.3688266691399624e-05,-0.00023429068407646025,-0.0016264752673212091,-0.0017246534911537215,-0.0027190313702923352,-0.0022027985143598661,-0.0022189703762804658,-0.0046367292536634297,-0.0017336357612405262,-0.0018183417578451211,-0.0029533220543687955,-0.0038292737816810751,-0.0039436238674341872,-0.0073557606239557649
2023,153,0.16055236123451644,0.17797100741198951,0.2402254159600716,0.15826432406229332,0.17595129728412418,0.23489253715785924,0.15817099525789347,0.17581203927019956,0.23465605033695039,0.1568612963915062,0.17427314050600265,0.23239586728117001,-0.0022880371722231174,-0.0020197101278653373,-0.0053328788022123652,-9.3328804399855914e-05,-0.00013925801392461468,-0.00023648682090884887,-0.0013096988663872655,-0.001538898764196911,-0.0022601830557803793,-0.0023813659766229733,-0.002158968141789952,-0.0055693656231212141,-0.0014030276707871214,-0.0016781567781215256,-0.0024966698766892281,-0.0036910648430102388,-0.003697866905986863,-0.0078295486789015933
2023,154,0.16020851547877188,0.17814443877297811,0.24017791967451396,0.15796493860787256,0.17594727446045846,0.2353405284015464,0.15794709160327366,0.17591648781453129,0.23528864527691626,0.15618230483371515,0.17405990260302265,0.23231728441664268,-0.002243576870899322,-0.0021971643125196505,-0.0048373912729675617,-1.7847004598892102e-05,-3.0786645927177725e-05,-5.1883124630142108e-05,-0.0017647867695585184,-0.0018565852115086379,-0.0029713608602735808,-0.0022614238754982141,-0.0022279509584468282,-0.0048892743975977038,-0.0017826337741574105,-0.0018873718574358156,-0.0030232439849037229,-0.0040262106450567325,-0.0040845361699554661,-0.0078606352578712846
2023,155,0.16205894233658816,0.18039721189948549,0.24033374705719773,0.1597933235637814,0.17826991290526739,0.23548862579884641,0.15976112275645346,0.17822721271182193,0.23542183443190157,0.15823727533673282,0.17670007476591254,0.2328162987557304,-0.0022656187728067601,-0.0021272989942180964,-0.0048451212583513203,-3.2200807327936731e-05,-4.2700193445460721e-05,-6.6791366944846109e-05,-0.001523847419720642,-0.0015271379459093903,-0.0026055356761711668,-0.0022978195801346968,-0.0021699991876635571,-0.0049119126252961665,-0.0015560482270485787,-0.0015698381393548511,-0.0026723270431160129,-0.0038216669998553388,-0.0036971371335729475,-0.0075174483014673332
2023,156,0.16081874870859397,0.17805935885042695,0.24059654472925565,0.15877178640493103,0.17618952699741855,0.23599279701037226,0.15863799307041038,0.17599677636669764,0.23581635588742769,0.15757861285549754,0.17474386201316636,0.23405750861824579,-0.0020469623036629414,-0.0018698318530084024,-0.0046037477188833886,-0.00013379333452065434,-0.00019275063072091148,-0.00017644112294457059,-0.0010593802149128362,-0.0012529143535312814,-0.0017588472691819068,-0.0021807556381835957,-0.0020625824837293139,-0.0047801888418279592,-0.0011931735494334905,-0.0014456649842521929,-0.0019352883921264774,-0.0032401358530964319,-0.0033154968372605953,-0.006539036111009866
2023,157,0.15885377030104109,0.1762959351037878,0.23986933240708241,0.15654755582008539,0.17411747124704371,0.23479014868484782,0.1564691516116655,0.17397595101601007,0.23469755506499484,0.15502581175370392,0.17231840664116624,0.23229010542935002,-0.0023062144809556928,-0.0021784638567440839,-0.0050791837222345926,-7.8404208419896593e-05,-0.00014152023103364275,-9.2593619852976428e-05,-0.0014433398579615786,-0.0016575443748438334,-0.0024074496356448205,-0.0023846186893755894,-0.0023199840877777267,-0.005171777342087569,-0.0015217440663814752,-0.0017990646058774762,-0.0025000432554977969,-0.003827958547337168,-0.0039775284626215601,-0.0075792269777323895
2023,158,0.16136024765909246,0.17904169060780281,0.24068108115090542,0.15925468574086357,0.17698857190420497,0.2360438434159238,0.15917095908590409,0.17688645775600012,0.23592776874657448,0.15779935748168633,0.17538896603422052,0.2336596019868093,-0.0021055619182288876,-0.0020531187035978393,-0.0046372377349816196,-8.3726654959481728e-05,-0.00010211414820485154,-0.00011607466934931976,-0.0013716016042177592,-0.001497491721779598,-0.0022681667597651833,-0.0021892885731883693,-0.0021552328518026909,-0.0047533124043309394,-0.001455328259177241,-0.0015996058699844495,-0.0023842414291145031,-0.0035608901774061286,-0.0036527245735822889,-0.0070214791640961227
2023,159,0.16106676959708546,0.17925746923868277,0.24009385649112494,0.1594525599579632,0.1777625505150536,0.23625957611484591,0.15939751801807975,0.1776471804286919,0.23617361568460735,0.15811488263502288,0.17606962264636267,0.23391368030113741,-0.0016142096391222605,-0.0014949187236291683,-0.0038342803762790312,-5.5041939883454516e-05,-0.0001153700863616991,-8.5960430238563035e-05,-0.0012826353830568682,-0.0015775577823292364,-0.0022599353834699409,-0.001669251579005715,-0.0016102888099908674,-0.0039202408065175942,-0.0013376773229403227,-0.0016929278686909355,-0.002345895813708504,-0.0029518869620625832,-0.0031878465923201038,-0.0061801761899875352
2023,160,0.1629047248839304,0.18164264158067248,0.24098308477918187,0.16053658089609119,0.17940726344139582,0.23588720204681915,0.16055062867298611,0.17939270025050919,0.23589687654461883,0.15913656035899879,0.17778447373002065,0.23368009619685282,-0.0023681439878392163,-0.0022353781392766559,-0.005095882732362722,1.4047776894926534e-05,-1.4563190886635047e-05,9.6744977996776615e-06,-0.0014140683139873267,-0.0016082265204885315,-0.002216780347766012,-0.0023540962109442898,-0.0022499413301632909,-0.0050862082345630444,-0.0014000205370924002,-0.0016227897113751666,-0.0022071058499663343,-0.0037681645249316165,-0.0038581678506518224,-0.0073029885823290563
2023,161,0.16025201714583842,0.17789302506908045,0.24023204942111964,0.1581414287719336,0.17592888191986619,0.23555693139594944,0.15801836794516469,0.17577933058274059,0.23533751653170717,0.15660527477823563,0.17411363461026808,0.23293455187180012,-0.0021105883739048203,-0.0019641431492142536,-0.0046751180251702051,-0.0001230608267689115,-0.00014955133712560298,-0.0002194148642422622,-0.0014130931669290581,-0.001665695972472514,-0.0024029646599070531,-0.0022336492006737318,-0.0021136944863398566,-0.0048945328894124673,-0.0015361539936979696,-0.001815247309598117,-0.0026223795241493153,-0.0036467423676027899,-0.0037793904588123706,-0.0072974975493195204
2023,162,0.16322463337978518,0.18127142648414515,0.24107490616604094,0.16094749017560914,0.17906561792221951,0.23625957704046843,0.16089413338600148,0.17900681525712997,0.23611998665426431,0.15972043881261011,0.17771660603478115,0.23415905227033565,-0.0022771432041760464,-0.0022058085619256484,-0.0048153291255725039,-5.3356789607661437e-05,-5.8802665089535688e-05,-0.00013959038620411923,-0.0011736945733913651,-0.0012902092223488204,-0.0019609343839286641,-0.0023304999937837079,-0.0022646112270151841,-0.0049549195117766232,-0.0012270513629990265,-0.0013490118874383561,-0.0021005247701327834,-0.0035041945671750729,-0.0035548204493640045,-0.0069158538957052873
2023,163,0.16125489979324487,0.17975601820938059,0.24041794482851297,0.15893260262671324,0.17740268168215223,0.2359326402857424,0.15889079027976116,0.17734920272879878,0.23581436430935993,0.15749812340148431,0.17574577654877446,0.23342020830181179,-0.0023222971665316228,-0.0023533365272283557,-0.004485304542770574,-4.1812346952080359e-05,-5.3478953353447434e-05,-0.00011827597638247589,-0.0013926668782768548,-0.0016034261800243199,-0.0023941560075481372,-0.0023641095134837031,-0.0024068154805818032,-0.0046035805191530499,-0.0014344792252289351,-0.0016569051333777673,-0.0025124319839306131,-0.0037567763917605579,-0.0040102416606061231,-0.0069977365267011871
2023,164,0.16225507729874161,0.18059809386945547,0.24074446457245677,0.16038712307964345,0.17902299308652997,0.23648024044165325,0.16035967657482655,0.1789728105804245,0.23640719808040916,0.15924816837244701,0.17781794618131633,0.23438110508496063,-0.0018679542190981613,-0.0015751007829254982,-0.0042642241308035178,-2.7446504816897033e-05,-5.0182506105472813e-05,-7.3042361244085585e-05,-0.0011115082023795408,-0.0011548643991081686,-0.0020260929954485363,-0.0018954007239150583,-0.001625283289030971,-0.0043372664920476034,-0.0011389547071964379,-0.0012050469052136414,-0.0020991353566926219,-0.0030069089262945992,-0.0027801476881391396,-0.0063633594874961397
2023,165,0.15964456095496973,0.17728586742588204,0.23984023380841435,0.15750038609590214,0.17526544012595124,0.2352565502678379,0.15741063494102694,0.17519916732575608,0.23506107381318916,0.15601450430759276,0.17373405408013512,0.23251781756503356,-0.0021441748590675935,-0.0020204272999307937,-0.0045836835405764498,-8.9751154875195027e-05,-6.6272800195166237e-05,-0.00019547645464873531,-0.0013961306334341894,-0.0014651132456209581,-0.0025432562481556009,-0.0022339260139427886,-0.00208670010012596,-0.0047791599952251851,-0.0014858817883093844,-0.0015313860458161244,-0.0027387327028043362,-0.003630056647376978,-0.0035518133457469181,-0.007322416243380786
2023,166,0.16069351529088272,0.17918133459923036,0.24042407646876321,0.15842911059544026,0.17700766560865108,0.23561112512845295,0.15840784392323709,0.17697385731377591,0.23553430408922718,0.15687092315183979,0.17529014567627602,0.23287301257441559,-0.0022644046954424513,-0.002173668990579275,-0.0048129513403102619,-2.126667220317402e-05,-3.3808294875176115e-05,-7.6821039225766219e-05,-0.0015369207713973043,-0.0016837116374998906,-0.0026612915148115923,-0.0022856713676456253,-0.0022074772854544511,-0.0048897723795360282,-0.0015581874436004783,-0.0017175199323750667,-0.0027381125540373585,-0.0038225921390429296,-0.0038911889229543417,-0.0075510638943476205
2023,167,0.16133692726926974,0.17959856082252937,0.240575996165068,0.15918489705174577,0.17755608134597325,0.23581651791433852,0.15907326207418948,0.17740720361208207,0.23558637469997634,0.15788877957732522,0.17595814515984243,0.23354626339457049,-0.0021520302175239703,-0.0020424794765561138,-0.0047594782507294764,-0.00011163497755628526,-0.00014887773389118952,-0.00023014321436218288,-0.0011844824968642587,-0.0014490584522396377,-0.0020401113054058506,-0.0022636651950802555,-0.0021913572104473034,-0.0049896214650916593,-0.0012961174744205439,-0.0015979361861308272,-0.0022702545197680335,-0.0034481476919445142,-0.0036404156626869411,-0.0070297327704975099
2023,168,0.16054362222913496,0.17840052105094481,0.23971506465519918,0.15854489809719061,0.17654374945701323,0.23520298564506559,0.15847834936117569,0.17645555541247498,0.23508988273447926,0.1569858987192923,0.17475320606908398,0.23268702830904558,-0.0019987241319443516,-0.0018567715939315776,-0.0045120790101335906,-6.6548736014915288e-05,-8.8194044538247862e-05,-0.00011310291058633237,-0.0014924506418833861,-0.001702349343391002,-0.0024028544254336703,-0.0020652728679592669,-0.0019449656384698255,-0.004625181920719923,-0.0015589993778983013,-0.0017905433879292498,-0.0025159573360200027,-0.003557723509842653,-0.0036473149818608275,-0.0070280363461535933
2023,169,0.16019688738237634,0.17751976976620232,0.23983289595178359,0.15795489153030193,0.17546783565236915,0.23480175314552562,0.15777952488321129,0.17526920844712937,0.23447240077280709,0.15663565068519952,0.17417595039216696,0.23214481035198056,-0.0022419958520744077,-0.0020519341138331704,-0.0050311428062579655,-0.0001753666470906412,-0.00019862720523977639,-0.00032935237271852769,-0.0011438741980117628,-0.0010932580549624094,-0.0023275904208265308,-0.0024173624991650489,-0.0022505613190729468,-0.0053604951789764932,-0.001319240845102404,-0.0012918852602021857,-0.0026569427935450585,-0.0035612366971768117,-0.0033438193740353561,-0.007688085599803024
2023,170,0.16110634168111104,0.17991945860066863,0.24064740622850786,0.15907567213512536,0.1780174320254507,0.23615622259845157,0.15897126651244636,0.17789730815636529,0.23597539472077628,0.15741041643152809,0.17621379173325538,0.23342580185722572,-0.0020306695459856861,-0.0019020265752179299,-0.0044911836300562946,-0.00010440562267899356,-0.0001201238690854145,-0.00018082787767528807,-0.0015608500809182746,-0.0016835164231099042,-0.0025495928635505538,-0.0021350751686646796,-0.0020221504443033445,-0.0046720115077315827,-0.0016652557035972682,-0.0018036402921953187,-0.0027304207412258419,-0.0036959252495829542,-0.0037056668674132487,-0.0072216043712821365
2023,171,0.16215157025654214,0.18002542888160797,0.24046345844849201,0.15978559412583335,0.1777200491430237,0.23562122293992355,0.15967581673308168,0.177598939829438,0.23539727335053331,0.15819794144737717,0.17609623018925133,0.2327941357136071,-0.0023659761307087968,-0.0023053797385842734,-0.0048422355085684654,-0.00010977739275166987,-0.00012110931358569332,-0.00022394958939023213,-0.0014778752857045052,-0.0015027096401866724,-0.0026031376369262116,-0.0024757535234604666,-0.0024264890521699667,-0.0050661850979586975,-0.0015876526784561751,-0.0016238189537723657,-0.0028270872263164437,-0.0039536288091649718,-0.0039291986923566391,-0.0076693227348849091
2023,172,0.16153601777600107,0.17966267576229203,0.24020978937580642,0.15948927224080642,0.17780238781366614,0.23585230518256595,0.15944398329836504,0.17773833960646568,0.23580423372674297,0.15753466996390475,0.1754776834935397,0.23275482987379387,-0.0020467455351946551,-0.0018602879486258883,-0.004357484193240474,-4.5288942441379376e-05,-6.4048207200462226e-05,-4.8071455822973341e-05,-0.0019093133344602886,-0.0022606561129259739,-0.0030494038529491063,-0.0020920344776360345,-0.0019243361558263505,-0.0044055556490634473,-0.001954602276901668,-0.0023247043201264361,-0.0030974753087720797,-0.0040013478120963231,-0.0041849922687523244,-0.0074549595020125536
2023,173,0.16135104086851829,0.17950190114828779,0.24064280485108008,0.15921124067262785,0.17741344298651743,0.23593552286486741,0.15920342926733616,0.17739545095487211,0.23590162168993456,0.157912532890879,0.1760183806855779,0.23364914779838303,-0.00213980019589044,-0.0020884581617703624,-0.0047072819862126747,-7.8114052916855581e-06,-1.7992031645319706e-05,-3.3901174932848832e-05,-0.0012908963764571568,-0.0013770702692942061,-0.0022524738915515319,-0.0021476116011821256,-0.0021064501934156821,-0.0047411831611455235,-0.0012987077817488424,-0.0013950623009395258,-0.0022863750664843807,-0.0034385079776392824,-0.0034835204627098881,-0.0069936570526970554
2023,174,0.16120185469284051,0.17838732326336995,0.2402711670487582,0.15916246142343451,0.17658566790104804,0.23567603195066655,0.15915931996712346,0.1765523401822256,0.23566855298276909,0.15792966706308034,0.17513166613320852,0.23365535887682737,-0.002039393269405998,-0.0018016553623219078,-0.0045951350980916461,-3.1414563110565563e-06,-3.3327718822445673e-05,-7.4789678974618301e-06,-0.0012296529040431159,-0.0014206740490170788,-0.0020131941059417235,-0.0020425347257170545,-0.0018349830811443535,-0.0046026140659891079,-0.0012327943603541724,-0.0014540017678395245,-0.0020206730738391854,-0.0032721876297601704,-0.0032556571301614323,-0.0066158081719308315
2023,175,0.16119267764585432,0.1789606388806548,0.24028154894863052,0.15903791742822976,0.17707252241412147,0.23561226866363139,0.15895764795708522,0.17694638344726757,0.23546338245372408,0.15762907009608909,0.17527794665863225,0.23338181658860302,-0.0021547602176245628,-0.001888116466533335,-0.0046692802849991333,-8.0269471144533977e-05,-0.00012613896685390036,-0.00014888620990730073,-0.001328577860996133,-0.0016684367886353191,-0.0020815658651210656,-0.0022350296887690968,-0.0020142554333872353,-0.004818166494906434,-0.0014088473321406669,-0.0017945757554892194,-0.0022304520750283663,-0.0035636075497652298,-0.0036826922220225544,-0.0068997323600274996
2023,176,0.16061105849035484,0.17768431247096617,0.24065622089276756,0.1586049119532624,0.17565296893974952,0.23649232127449071,0.15850779637618037,0.17549692415249399,0.23634569847274173,0.15713224547558072,0.17394743116323044,0.2338976979289617,-0.0020061465370924403,-0.002031343531216645,-0.0041638996182768451,-9.711557708202978e-05,-0.00015604478725553261,-0.00014662280174898568,-0.0013755509005996536,-0.0015494929892635456,-0.0024480005437800267,-0.0021032621141744701,-0.0021873883184721776,-0.0043105224200258307,-0.0014726664776816834,-0.0017055377765190782,-0.0025946233455290124,-0.0034788130147741236,-0.0037368813077357232,-0.0067585229638058575
2023,177,0.16158914004848085,0.1791633919609294,0.24066940232895701,0.15963064570389865,0.17737849699690267,0.2360418057625871,0.15949815182613189,0.17722320071278089,0.23578918014143677,0.15823495507126331,0.17577331478324207,0.23369437105783719,-0.0019584943445822012,-0.0017848949640267286,-0.004627596566369907,-0.00013249387776675947,-0.00015529628412178087,-0.00025262562115033194,-0.0012631967548685785,-0.0014498859295388189,-0.0020948090835995747,-0.0020909882223489606,-0.0019401912481485095,-0.004880222187520239,-0.001395690632635338,-0.0016051822136605998,-0.0023474347047499067,-0.0033541849772175392,-0.0033900771776873284,-0.0069750312711198137
2023,178,0.1621277234948599,0.17969862820666643,0.24038871947873816,0.15990745935793765,0.177616118163896,0.23547281274137455,0.15978477392480805,0.17744103868300753,0.23531339064282999,0.15836989653333247,0.17594146952348791,0.23289357100668215,-0.0022202641369222509,-0.0020825100427704357,-0.0049159067373636123,-0.00012268543312959901,-0.00017507948088846259,-0.0001594220985445538,-0.001414877391475583,-0.0014995691595196259,-0.0024198196361478463,-0.0023429495700518499,-0.0022575895236588983,-0.0050753288359081661,-0.001537562824605182,-0.0016746486404080885,-0.0025792417346924001,-0.0037578269615274329,-0.0037571586831785242,-0.0074951484720560124
2023,179,0.16203914843803308,0.18074186001645351,0.24078575236665248,0.15999545957723857,0.17892878981182278,0.23623566349397607,0.15996568517231072,0.17888753747700092,0.2362249846802007,0.15851307928184641,0.17720306052905363,0.23361491760002875,-0.002043688860794507,-0.001813070204630729,-0.004550088872676411,-2.9774404927851439e-05,-4.1252334821856307e-05,-1.0678813775366613e-05,-0.0014526058904643091,-0.0016844769479472943,-0.0026100670801719461,-0.0020734632657223584,-0.0018543225394525853,-0.0045607676864517777,-0.0014823802953921605,-0.0017257292827691506,-0.0026207458939473127,-0.0035260691561866675,-0.0035387994873998796,-0.0071708347666237238
2023,180,0.16177510295075423,0.18041756409857035,0.24036067040091319,0.15965885820657114,0.17839243792244225,0.23583159776794785,0.15960249345608599,0.17831568488964764,0.23577477448549489,0.1581169104487461,0.17671641948668229,0.23334833897836962,-0.0021162447441830934,-0.0020251261761281003,-0.0045290726329653419,-5.636475048514944e-05,-7.6753032794613096e-05,-5.682328245296131e-05,-0.0014855830073398912,-0.0015992654029653441,-0.002426435507125263,-0.0021726094946682428,-0.0021018792089227134,-0.0045858959154183032,-0.0015419477578250407,-0.0016760184357599572,-0.0024832587895782243,-0.0036581925020081341,-0.0037011446118880575,-0.0070123314225435662
2023,181,0.1603450418454159,0.17826096580546297,0.24033304720058093,0.15803999726857748,0.17606280198901117,0.23526617307866918,0.15799392483241978,0.17601730561279386,0.23515745516862444,0.15663396645410585,0.17463863850159422,0.23267998769700149,-0.0023050445768384165,-0.002198163816451798,-0.0050668741219117575,-4.6072436157701402e-05,-4.5496376217313284e-05,-0.00010871791004474218,-0.0013599583783139302,-0.0013786671111996329,-0.0024774674716229461,-0.0023511170129961179,-0.0022436601926691113,-0.0051755920319564996,-0.0014060308144716316,-0.0014241634874169462,-0.0025861853816676883,-0.003711075391310048,-0.0036223273038687442,-0.0076530595035794458
2023,182,0.16057962096558528,0.17812742757312847,0.23993282242776018,0.15829284588119363,0.17577527354837733,0.2350561031726249,0.15824505418798063,0.17569225590550264,0.23496650128211446,0.1566799283987054,0.1740239609484828,0.23249093576734206,-0.0022867750843916512,-0.0023521540247511408,-0.0048767192551352756,-4.7791693213006248e-05,-8.3017642874688713e-05,-8.9601890510437876e-05,-0.0015651257892752291,-0.0016682949570198391,-0.0024755655147724043,-0.0023345667776046575,-0.0024351716676258295,-0.0049663211456457135,-0.0016129174824882353,-0.0017513125998945278,-0.0025651674052828422,-0.0038996925668798865,-0.0041034666246456686,-0.0074418866604181177
2023,183,0.1611280858123802,0.17974418972567427,0.24030926862632826,0.15895368355294479,0.17764143478258052,0.23585491405148115,0.15886364981397333,0.17755109357737198,0.23565802307120812,0.15723241646272484,0.17582345796863552,0.23295300826476173,-0.0021744022594354095,-0.0021027549430937542,-0.0044543545748471081,-9.0033738971456723e-05,-9.0341205208538389e-05,-0.00019689098027303453,-0.0016312333512484845,-0.0017276356087364553,-0.0027050148064463875,-0.0022644359984068663,-0.0021930961483022926,-0.0046512455551201426,-0.0017212670902199412,-0.0018179768139449937,-0.002901905786719422,-0.0038956693496553507,-0.0039207317570387479,-0.0073562603615665301
2023,184,0.16228509672503452,0.18028302332561089,0.24107957827571908,0.16036325263192164,0.17848164785809323,0.236663100500596,0.16032178177637701,0.17839188730126665,0.2365685205618995,0.15904611349435543,0.17708503544152945,0.23428141537782257,-0.0019218440931128844,-0.0018013754675176574,-0.0044164777751230788,-4.1470855544623042e-05,-8.976055682657913e-05,-9.4579938696492949e-05,-0.0012756682820215803,-0.0013068518597371959,-0.0022871051840769319,-0.0019633149486575074,-0.0018911360243442366,-0.0045110577138195718,-0.0013171391375662034,-0.001396612416563775,-0.0023816851227734248,-0.0032389832306790878,-0.0031979878840814324,-0.0067981628978965036
2023,185,0.16201197335170583,0.18003367337265783,0.24056182585158745,0.15979443897965986,0.177788754594498,0.23604672371053681,0.15975694127696274,0.17770909651103772,0.23603853281881584,0.15819751541654031,0.17600254040090468,0.23355240054428977,-0.0022175343720459706,-0.0022449187781598268,-0.0045151021410506365,-3.7497702697120161e-05,-7.9658083460276696e-05,-8.1908917209660981e-06,-0.0015594258604224309,-0.0017065561101330395,-0.0024861322745260706,-0.0022550320747430908,-0.0023245768616201035,-0.0045232930327716026,-0.0015969235631195511,-0.0017862141935933162,-0.0024943231662470366,-0.0038144579351655217,-0.004031132971753143,-0.0070094253072976731
2023,186,0.16104809628747263,0.1784997033058193,0.24042261465394296,0.15909801105455262,0.17677934238315865,0.23575570026413656,0.15908266986520631,0.1767560558881707,0.23579274556436758,0.15767170251207038,0.17522998909967405,0.23332687780457262,-0.0019500852329200069,-0.0017203609226606464,-0.0046669143898064036,-1.5341189346318451e-05,-2.3286494987950768e-05,3.704530023102004e-05,-0.0014109673531359224,-0.0015260667884966495,-0.0024658677597949596,-0.0019654264222663254,-0.0017436474176485972,-0.0046298690895753836,-0.0014263085424822408,-0.0015493532834846002,-0.0024288224595639396,-0.0033763937754022477,-0.0032697142061452467,-0.0070957368493703432
2023,187,0.1613240446237513,0.17879510446551763,0.24041258142071786,0.15914394680816801,0.17665644784884266,0.23562289778204329,0.1590964284884116,0.17657767672498914,0.2355401322586263,0.15781475877395437,0.17526856560810641,0.23311217454782554,-0.0021800978155832873,-0.0021386566166749776,-0.0047896836386745745,-4.7518319756412186e-05,-7.8771123853516034e-05,-8.276552341698884e-05,-0.0012816697144572287,-0.0013091111168827274,-0.0024279577108007599,-0.0022276161353396995,-0.0022174277405284937,-0.0048724491620915633,-0.0013291880342136408,-0.0013878822407362434,-0.0025107232342177488,-0.0035092858497969281,-0.0035265388574112211,-0.0073004068728923233
2023,188,0.16026395423272627,0.17820028505841351,0.24061380385661951,0.15836642904955625,0.17634835971757348,0.23672875753629816,0.15824478906233291,0.17617126789961304,0.2365258673401518,0.156872505490111,0.17473147930295876,0.23381311960916268,-0.0018975251831700179,-0.0018519253408400271,-0.0038850463203213559,-0.00012163998722333758,-0.00017709181796043971,-0.00020289019614636028,-0.0013722835722219107,-0.0014397885966542789,-0.0027127477309891179,-0.0020191651703933555,-0.0020290171588004668,-0.0040879365164677162,-0.0014939235594452482,-0.0016168804146147187,-0.0029156379271354782,-0.0033914487426152662,-0.0034688057554547458,-0.0068006842474568341
2023,189,0.16042585361228856,0.17779164961763444,0.24050800619387086,0.15841838291562493,0.17590486396203134,0.23618169634644534,0.15828313864610671,0.17579185659295657,0.23584741925998826,0.15703163554898175,0.17445446940876919,0.23370136124755853,-0.0020074706966636269,-0.0018867856556031015,-0.0043263098474255191,-0.00013524426951821988,-0.00011300736907476905,-0.00033427708645708543,-0.0012515030971249619,-0.001337387184187383,-0.0021460580124297302,-0.0021427149661818468,-0.0019997930246778706,-0.0046605869338826045,-0.0013867473666431818,-0.0014503945532621521,-0.0024803350988868156,-0.0033942180633068086,-0.0033371802088652536,-0.0068066449463123346
2023,190,0.16141817393021948,0.18013276986278498,0.24063042010267907,0.15937908836174886,0.17811772138442941,0.23625693738768044,0.15929151190861601,0.17798205703398773,0.23615424458145673,0.15795677509240127,0.17658077782125575,0.23367597546420341,-0.0020390855684706277,-0.0020150484783555689,-0.0043734827149986277,-8.757645313284268e-05,-0.00013566435044168323,-0.00010269280622371424,-0.0013347368162147377,-0.0014012792127319762,-0.0024782691172533233,-0.0021266620216034704,-0.0021507128287972521,-0.004476175521222342,-0.0014223132693475804,-0.0015369435631736594,-0.0025809619234770376,-0.0034613988378182081,-0.0035519920415292283,-0.0069544446384756653
2023,191,0.16006436981077715,0.17711845612773472,0.23987999435810312,0.15781359417298146,0.17506408508542903,0.23495166081051633,0.1577810499770467,0.17499528094106911,0.23492981344515981,0.15649411816900269,0.17352239115617324,0.23276445279587801,-0.0022507756377956878,-0.002054371042305686,-0.0049283335475867884,-3.2544195934763875e-05,-6.8804144359918551e-05,-2.1847365356514326e-05,-0.0012869318080440117,-0.0014728897848958755,-0.0021653606492818001,-0.0022833198337304517,-0.0021231751866656046,-0.0049501809129433028,-0.0013194760039787756,-0.0015416939292557941,-0.0021872080146383144,-0.0035702516417744634,-0.0035960649715614801,-0.0071155415622251028
2023,192,0.1623562274263933,0.18052974250951592,0.24040728422174756,0.15968186530916431,0.17772109193887414,0.23491287385181889,0.1595616430547738,0.17757912214502161,0.2346705579128138,0.15793129436390724,0.17572477211476142,0.23195015162629282,-0.00267436211722899,-0.0028086505706417797,-0.0054944103699286762,-0.00012022225439051182,-0.00014196979385253106,-0.00024231593900508885,-0.0016303486908665621,-0.0018543500302601879,-0.0027204062865209822,-0.0027945843716195018,-0.0029506203644943108,-0.005736726308933765,-0.0017505709452570739,-0.0019963198241127189,-0.002962722225526071,-0.0044249330624860639,-0.0048049703947544986,-0.0084571325954547472
2023,193,0.16303451474373612,0.18106141560666078,0.24103778143188137,0.1612886641207763,0.1795905174558132,0.23689813380531777,0.16131839976238582,0.17958996134608871,0.23700743372670965,0.16004790429952448,0.17815522017352689,0.2349344441486903,-0.0017458506229598159,-0.0014708981508475827,-0.0041396476265636029,2.9735641609518471e-05,-5.5610972449215978e-07,0.0001092999213918866,-0.001270495462861343,-0.0014347411725618153,-0.0020729895780193519,-0.0017161149813502974,-0.0014714542605720748,-0.0040303477051717163,-0.0012407598212518245,-0.0014352972822863075,-0.0019636896566274653,-0.0029866104442116403,-0.0029061954331338902,-0.0061033372831910682
2023,194,0.16056073884744404,0.17855866750982036,0.24030938877573865,0.15848824150161478,0.17648774578388474,0.23574792485065196,0.15849930538009427,0.17650416945597663,0.23579704353759992,0.15692483633410156,0.17498191582693742,0.23290630345575378,-0.0020724973458292606,-0.0020709217259356205,-0.0045614639250866895,1.1063878479489198e-05,1.6423672091897545e-05,4.9118686947957624e-05,-0.0015744690459927047,-0.0015222536290392108,-0.0028907400818461437,-0.0020614334673497714,-0.002054498053843723,-0.0045123452381387319,-0.0015634051675132155,-0.0015058299569473133,-0.0028416213948981861,-0.0036359025133424761,-0.0035767516828829338,-0.0074030853199848756
2023,195,0.16168220273781195,0.18029305699314876,0.24082833172977941,0.15960552927568367,0.17826429797956297,0.23637316318685592,0.15944157639278389,0.17802376164523714,0.23617460768115675,0.15803409097466262,0.17646345567177749,0.23377706287872582,-0.0020766734621282812,-0.0020287590135857902,-0.0044551685429234933,-0.00016395288289977605,-0.00024053633432583044,-0.00019855550569916613,-0.0014074854181212737,-0.001560305973459658,-0.0023975448024309287,-0.0022406263450280572,-0.0022692953479116207,-0.0046537240486226594,-0.0015714383010210498,-0.0018008423077854885,-0.0025961003081300948,-0.0036481117631493309,-0.0038296013213712787,-0.0070512688510535881
2023,196,0.16007590309229247,0.17741503342291895,0.23984460723307063,0.15784469428000875,0.17525473360918903,0.2351572087562617,0.15781663220326703,0.17519585632721404,0.23505259629890426,0.15637418270647468,0.1736451170580332,0.23252746000599506,-0.0022312088122837248,-0.0021602998137299212,-0.004687398476808935,-2.8062076741719455e-05,-5.8877281974983875e-05,-0.00010461245735743363,-0.0014424494967923418,-0.0015507392691808397,-0.002525136292909208,-0.0022592708890254443,-0.0022191770957049051,-0.0047920109341663686,-0.0014705115735340613,-0.0016096165511558236,-0.0026297487502666417,-0.0037017203858177861,-0.0037699163648857448,-0.0073171472270755766
2023,197,0.16083025266776829,0.17896557497171264,0.24046399919897168,0.15875835573089314,0.17691992760502875,0.23589021016682671,0.15866206164584307,0.17676849369544581,0.23574455127913921,0.15732209872233713,0.17532383821084385,0.23347786278971561,-0.0020718969368751505,-0.0020456473666838892,-0.0045737890321449759,-9.6294085050074862e-05,-0.00015143390958294312,-0.00014565888768749979,-0.0013399629235059385,-0.0014446554846019588,-0.0022666884894236017,-0.0021681910219252254,-0.0021970812762668324,-0.0047194479198324757,-0.0014362570085560133,-0.0015960893941849019,-0.0024123473771111015,-0.0035081539454311639,-0.0036417367608687912,-0.0069861364092560774
2023,198,0.16172437633869488,0.17846864916149835,0.24063224963418983,0.15959308468285924,0.1765016706923295,0.23598603806634941,0.15960062648005577,0.1765058336629188,0.23595805196565986,0.15814786776735265,0.17493845457840831,0.23337156281344093,-0.0021312916558356432,-0.0019669784691688508,-0.0046462115678404248,7.5417971965308084e-06,4.1629705893053703e-06,-2.7986100689547655e-05,-0.0014527587127031172,-0.0015673790845104896,-0.0025864891522189293,-0.0021237498586391124,-0.0019628154985795454,-0.0046741976685299724,-0.0014452169155065864,-0.0015632161139211842,-0.0026144752529084769,-0.0035765085713422295,-0.003530194583090035,-0.0072606868207489017
2023,199,0.16200008504336641,0.18058811374949851,0.24121878346824055,0.16006637109142768,0.17870051899985048,0.23721230697538334,0.15998142708759433,0.17857862619089204,0.23706797521242293,0.1587568592951841,0.17730155595686714,0.23499250051086967,-0.0019337139519387259,-0.0018875947496480305,-0.0040064764928572083,-8.4944003833353765e-05,-0.00012189280895844035,-0.00014433176296041461,-0.0012245677924102305,-0.0012770702340249018,-0.0020754747015532538,-0.0020186579557720796,-0.0020094875586064709,-0.0041508082558176229,-0.0013095117962435843,-0.0013989630429833422,-0.0022198064645136684,-0.0032432257481823101,-0.0032865577926313727,-0.0062262829573708767
2023,200,0.16160271778621324,0.17912479452369426,0.24065778902772106,0.15927879744600493,0.17705377291915539,0.23553936478974288,0.15914922117499725,0.1769183678457297,0.23528836134826381,0.15789955185518675,0.17553455135921472,0.23295168790132403,-0.0023239203402083131,-0.0020710216045388696,-0.0051184242379781753,-0.00012957627100768088,-0.00013540507342568731,-0.00025100344147907516,-0.0012496693198104925,-0.0013838164865149771,-0.0023366734469397743,-0.0024534966112159939,-0.0022064266779645569,-0.0053694276794572504,-0.0013792455908181733,-0.0015192215599406644,-0.0025876768884188495,-0.0037031659310264864,-0.0035902431644795341,-0.0077061011263970247
2023,201,0.16118635411603982,0.17865842144480218,0.24039712956175591,0.1590959911983158,0.17666264209157007,0.23584574957127855,0.15904285020557798,0.17662049766442628,0.2357145033527617,0.15779599215217649,0.17528843153307733,0.23361594646496489,-0.0020903629177240202,-0.0019957793532321133,-0.0045513799904773611,-5.3140992737815695e-05,-4.2144427143786523e-05,-0.00013124621851684504,-0.001246858053401495,-0.0013320661313489524,-0.0020985568877968097,-0.0021435039104618359,-0.0020379237803758998,-0.0046826262089942061,-0.0012999990461393107,-0.0013742105584927389,-0.0022298031063136547,-0.0033903619638633309,-0.0033699899117248522,-0.0067811830967910158
2023,202,0.1616152714620547,0.17874647840268351,0.24047940845719276,0.15970307705586015,0.17685334570557068,0.23635408848842268,0.15972555461773552,0.17685126985044117,0.23644296187113112,0.15830645335766866,0.17517586667826013,0.23389936611954737,-0.0019121944061945562,-0.0018931326971128315,-0.0041253199687700803,2.2477561875372531e-05,-2.0758551295130268e-06,8.8873382708437587e-05,-0.0014191012600668629,-0.0016754031721810392,-0.0025435957515837493,-0.0018897168443191836,-0.0018952085522423445,-0.0040364465860616427,-0.0013966236981914903,-0.0016774790273105522,-0.0024547223688753117,-0.0033088181043860465,-0.0035706117244233837,-0.006580042337645392
2023,203,0.15947844404310291,0.17657303750988146,0.23966946680485307,0.15738087443174564,0.17465906449082921,0.23491564622499714,0.15732483775560613,0.17456015266297606,0.23478886524920026,0.15598787946719447,0.17319358364422865,0.23235793446333497,-0.0020975696113572639,-0.0019139730190522453,-0.004753820579855933,-5.6036676139514796e-05,-9.8911827853154222e-05,-0.00012678097579688075,-0.0013369582884116549,-0.0013665690187474044,-0.0024309307858652873,-0.0021536062874967787,-0.0020128848469053995,-0.0048806015556528137,-0.0013929949645511697,-0.0014654808466005587,-0.0025577117616621681,-0.0034905645759084336,-0.0033794538656528039,-0.0073115323415181011
2023,204,0.16262073768976809,0.18104322444748452,0.24087018607837615,0.16066622383981743,0.17917206150452916,0.23659105711334572,0.16055411364598055,0.17902070881166923,0.23636583242728693,0.15883110081153404,0.17724777615860998,0.23352201347328561,-0.0019545138499506565,-0.0018711629429553622,-0.0042791289650304376,-0.00011211019383688958,-0.00015135269285992958,-0.0002252246860587892,-0.0017230128344465079,-0.0017729326530592504,-0.0028438189540013203,-0.0020666240437875461,-0.0020225156358152918,-0.0045043536510892268,-0.0018351230282833975,-0.00192428534591918,-0.0030690436400601095,-0.0037896368782340539,-0.0037954482888745422,-0.0073481726050905471
2023,205,0.15922983439086383,0.17677653358371684,0.24014085949369923,0.15718114750433426,0.17493683357398926,0.23529052426426564,0.15712544824945351,0.1748541430894695,0.23519656878375692,0.15578939897949912,0.17348716072692585,0.23268834251661791,-0.002048686886529566,-0.0018397000097275795,-0.0048503352294335944,-5.5699254880747784e-05,-8.2690484519754026e-05,-9.3955480508722822e-05,-0.001336049269954398,-0.0013669823625436506,-0.0025082262671390076,-0.0021043861414103138,-0.0019223904942473335,-0.0049442907099423172,-0.0013917485248351458,-0.0014496728470634046,-0.0026021817476477305,-0.0034404354113647118,-0.0032893728567909841,-0.0074525169770813249
2023,206,0.16271224011374638,0.1811201781615904,0.24117065188998782,0.16090667835225253,0.17932361421887594,0.23719727144186201,0.16081840472737299,0.17925279540523209,0.23704840519379869,0.15907918611100511,0.17744464225609508,0.23407490543168263,-0.0018055617614938513,-0.0017965639427144631,-0.0039733804481258128,-8.8273624879536827e-05,-7.0818813643847012e-05,-0.00014886624806331739,-0.001739218616367888,-0.0018081531491370151,-0.0029734997621160553,-0.0018938353863733881,-0.0018673827563583101,-0.0041222466961891302,-0.0018274922412474248,-0.0018789719627808621,-0.0031223660101793727,-0.0036330540027412761,-0.0036755359054953252,-0.0070957464583051855
2023,207,0.16095252372005231,0.17963876789627226,0.24043350634327534,0.15875038944711839,0.17752512787536931,0.23578116834070514,0.15864642604686366,0.17737045626385817,0.23560551051252318,0.1568727794078289,0.17550716325181173,0.23258634667497349,-0.0022021342729339199,-0.002113640020902946,-0.0046523380025701999,-0.00010396340025473072,-0.00015467161151114239,-0.00017565782818196318,-0.0017736466390347594,-0.0018632930120464353,-0.0030191638375496876,-0.0023060976731886507,-0.0022683116324140884,-0.0048279958307521631,-0.0018776100392894901,-0.0020179646235575777,-0.0031948216657316508,-0.0040797443122234101,-0.0041316046444605237,-0.0078471596683018507
2023,208,0.16230023262345883,0.17976483481717523,0.24094943363162588,0.16027535878684557,0.17776114957241576,0.2365412477094149,0.16008247052613878,0.1775193422911005,0.23631521131225069,0.15919301127975227,0.17666801358065948,0.23461106488624375,-0.0020248738366132613,-0.0020036852447594677,-0.0044081859222109832,-0.00019288826070679166,-0.00024180728131525941,-0.00022603639716420321,-0.00088945924638650364,-0.00085132871044102387,-0.0017041464260069417,-0.0022177620973200529,-0.0022454925260747272,-0.0046342223193751864,-0.0010823475070932953,-0.0010931359917562833,-0.0019301828231711449,-0.0031072213437065566,-0.003096821236515751,-0.006338368745382128
2023,209,0.16176236808189401,0.17962363499182168,0.24085716433365703,0.1595855554705545,0.17748201799239599,0.23616006151266836,0.15953537283449318,0.17740138435586428,0.23608998455448432,0.15816442528236424,0.17589759374912542,0.23365594780924678,-0.002176812611339507,-0.0021416169994256939,-0.0046971028209886745,-5.0182636061324448e-05,-8.0633636531712849e-05,-7.0076958184034366e-05,-0.0013709475521289372,-0.0015037906067388584,-0.0024340367452375389,-0.0022269952474008314,-0.0022222506359574068,-0.0047671797791727089,-0.0014211301881902616,-0.0015844242432705713,-0.0025041137034215732,-0.0035979427995297686,-0.0037260412426962652,-0.0072012165244102477
2023,210,0.16264924828113864,0.18107246943661801,0.24067880269013336,0.16074519514437854,0.17911474065236468,0.23651735415633671,0.16067285731071149,0.17899115589619419,0.23645056753219945,0.15910115174825024,0.17728130141805984,0.23359974502079944,-0.0019040531367600921,-0.0019577287842533209,-0.0041614485337966578,-7.2337833667057705e-05,-0.00012358475617049725,-6.6786624137255002e-05,-0.0015717055624612508,-0.0017098544781343483,-0.0028508225114000085,-0.0019763909704271498,-0.0020813135404238181,-0.0042282351579339128,-0.0016440433961283085,-0.0018334392343048456,-0.0029176091355372635,-0.0035480965328884007,-0.0037911680185581664,-0.0070790576693339213
2023,211,0.1627960872223046,0.18204669992342259,0.24081157027420488,0.16056982571676437,0.1800542572405196,0.23564897160154186,0.16051444059042461,0.18002096470119436,0.23554984914407986,0.15916618145402592,0.17862986032957612,0.23304426799145833,-0.0022262615055402279,-0.0019924426829029951,-0.0051625986726630269,-5.5385126339763113e-05,-3.3292539325241455e-05,-9.9122457461991997e-05,-0.0013482591363986884,-0.0013911043716182403,-0.0025055811526215332,-0.0022816466318799911,-0.0020257352222282365,-0.0052617211301250189,-0.0014036442627384516,-0.0014243969109434818,-0.0026047036100835252,-0.0036299057682786795,-0.0034168395938464768,-0.0077673022827465521
2023,212,0.16243206121149939,0.18056845514062744,0.24038026305248333,0.16031658084987635,0.17868560739409484,0.23580805380056408,0.16018336674581871,0.17853364477991837,0.23559053107029732,0.15833085235055974,0.17657417948257878,0.23252447792216208,-0.00211548036162304,-0.0018828477465326066,-0.004572209251919257,-0.000133214104057644,-0.00015196261417646517,-0.0002175227302667615,-0.001852514395258964,-0.001959465297339591,-0.0030660531481352393,-0.002248694465680684,-0.0020348103607090717,-0.0047897319821860185,-0.001985728499316608,-0.0021114279115160561,-0.0032835758784020008,-0.004101208860939648,-0.0039942756580486627,-0.0078557851303212578
2023,213,0.16186083261099374,0.18026029143174352,0.24077359075578963,0.15979988617240279,0.17826719927354032,0.23633835033568917,0.15972647743587931,0.17816055252024907,0.2362209431676574,0.15842725393718912,0.17666124971043165,0.23410145568130872,-0.0020609464385909493,-0.0019930921582032024,-0.0044352404201004614,-7.3408736523478124e-05,-0.00010664675329125073,-0.00011740716803176898,-0.0012992234986901885,-0.0014993028098174155,-0.0021194874863486868,-0.0021343551751144274,-0.0020997389114944531,-0.0045526475881322304,-0.0013726322352136666,-0.0016059495631086662,-0.0022368946543804558,-0.0034335786738046159,-0.0035990417213118686,-0.0066721350744809171
2023,214,0.1601127209044739,0.17820114942500062,0.24034601460326105,0.15824207948940658,0.17647645944122761,0.23615847195440981,0.1581655437537389,0.17638787299193837,0.23603359860245193,0.15660133725062261,0.17464546573712927,0.23349026914462653,-0.0018706414150673201,-0.001724689983773009,-0.0041875426488512391,-7.6535735667682125e-05,-8.8586449289246305e-05,-0.00012487335195787708,-0.0015642065031162833,-0.0017424072548090919,-0.0025433294578253995,-0.0019471771507350022,-0.0018132764330622553,-0.0043124160008091161,-0.0016407422387839654,-0.0018309937040983382,-0.0026682028097832766,-0.0035113836538512855,-0.0035556836878713471,-0.0068557454586345157
2023,215,0.16089101395423946,0.17913549937327086,0.24095547375501941,0.15888389513181136,0.17729369884683793,0.23644239858910748,0.15878768069776084,0.17714335634239395,0.23633521584730105,0.15717179569639497,0.17535406240309551,0.23369660712087759,-0.0020071188224281,-0.0018418005264329296,-0.0045130751659119284,-9.6214434050528874e-05,-0.00015034250444398434,-0.00010718274180643306,-0.0016158850013658632,-0.0017892939392984419,-0.0026386087264234637,-0.0021033332564786289,-0.0019921430308769139,-0.0046202579077183614,-0.0017120994354163921,-0.0019396364437424263,-0.0027457914682298967,-0.0037192182578444921,-0.0037814369701753558,-0.0072588666341418251
2023,216,0.16240277556120036,0.18103855396309196,0.24081781264483806,0.16011372088535594,0.17903016257896462,0.23555148652560517,0.16006899051594933,0.17897098785654933,0.23545036475537839,0.15878507783616352,0.17766452152741308,0.23309567195865927,-0.0022890546758444208,-0.0020083913841273393,-0.0052663261192328892,-4.4730369406609238e-05,-5.9174722415289427e-05,-0.00010112177022678082,-0.0012839126797858091,-0.0013064663291362522,-0.0023546927967191267,-0.00233378504525103,-0.0020675661065426287,-0.00536744788945967,-0.0013286430491924184,-0.0013656410515515416,-0.0024558145669459075,-0.0036176977250368392,-0.0033740324356788809,-0.0077221406861787967
2023,217,0.15981636248181794,0.17685810127663984,0.23955184152042466,0.1577169222082567,0.17486321441688957,0.23495771829437964,0.1575554558036861,0.17463935543959802,0.23473279740248795,0.15605395623879367,0.17297702435556328,0.2321592503139813,-0.0020994402735612372,-0.0019948868597502722,-0.0045941232260450215,-0.00016146640457059824,-0.00022385897729154669,-0.00022492089189168896,-0.0015014995648924279,-0.0016623310840347405,-0.0025735470885066558,-0.0022609066781318354,-0.0022187458370418189,-0.0048190441179367105,-0.0016629659694630261,-0.0018861900613262872,-0.0027984679803983448,-0.0037624062430242633,-0.0038810769210765594,-0.0073925912064433663
2023,218,0.16031286045442461,0.17743812648574311,0.23984947738281662,0.15814496399454794,0.17528705905008871,0.235631478391233,0.15803566064799338,0.17515392125335405,0.23539897277843946,0.15660806107005035,0.1735385081027728,0.23293809129239071,-0.002167896459876667,-0.0021510674356544079,-0.0042179989915836213,-0.00010930334655456786,-0.00013313779673465587,-0.0002325056127935321,-0.0014275995779430284,-0.0016154131505812519,-0.0024608814860487549,-0.0022771998064312349,-0.0022842052323890638,-0.0044505046043771535,-0.0015369029244975962,-0.0017485509473159078,-0.002693387098842287,-0.0037047993843742633,-0.0038996183829703157,-0.0069113860904259083
2023,219,0.16266487549007833,0.18108995299929995,0.24101972943460984,0.16066727959295943,0.17923383036524232,0.2366450320016098,0.16072196312777803,0.17926059299025499,0.2366788395780684,0.15900403787303347,0.17733325159318605,0.23357213067436053,-0.0019975958971188978,-0.0018561226340576276,-0.0043746974330000354,5.4683534818605883e-05,2.6762625012666241e-05,3.3807576458599886e-05,-0.0017179252547445678,-0.0019273413970689324,-0.0031067089037078721,-0.001942912362300292,-0.0018293600090449613,-0.0043408898565414356,-0.0016632417199259619,-0.0019005787720562661,-0.0030729013272492722,-0.0036608376170448598,-0.0037567014061138937,-0.0074475987602493077
2023,220,0.16275348627530564,0.18183560139032648,0.24036673025081462,0.16098889278427611,0.18019025181940471,0.23632004392793862,0.16087511581213218,0.18004451527603521,0.23609551170103529,0.15934626478184508,0.17837403949947916,0.2333848288957695,-0.0017645934910295313,-0.0016453495709217725,-0.0040466863228759975,-0.00011377697214393079,-0.00014573654336949571,-0.00022453222690332897,-0.0015288510302871039,-0.0016704757765560463,-0.0027106828052657905,-0.0018783704631734621,-0.0017910861142912682,-0.0042712185497793265,-0.0016426280024310347,-0.001816212319925542,-0.0029352150321691195,-0.003407221493460566,-0.0034615618908473145,-0.006981901355045117
2023,221,0.16211253926138988,0.17922511000239486,0.2401182747761261,0.15983293471227508,0.17717657113896543,0.23507413771560726,0.15975783659520645,0.17709252788097724,0.23492608113463806,0.15824203858405572,0.17563244925489288,0.23218922377801399,-0.0022796045491147998,-0.0020485388634294277,-0.005044137060518844,-7.5098117068628234e-05,-8.4043257988192233e-05,-0.00014805658096919694,-0.0015157980111507319,-0.0014600786260843546,-0.0027368573566240728,-0.0023547026661834281,-0.0021325821214176199,-0.005192193641488041,-0.0015908961282193601,-0.0015441218840725468,-0.0028849139375932698,-0.0038705006773341599,-0.0035926607475019745,-0.0079290509981121138
2023,222,0.16217186877874157,0.18075638978598041,0.24099751108571252,0.16016846287262257,0.17877573236546498,0.2364289212240335,0.16010350555772163,0.1786950075331685,0.23631295351075629,0.15884801484336944,0.1773814191280827,0.23389911826832455,-0.002003405906118999,-0.0019806574205154248,-0.0045685898616790177,-6.4957314900943031e-05,-8.0724832296485971e-05,-0.00011596771327720967,-0.0012554907143521865,-0.0013135884050858027,-0.0024138352424317444,-0.0020683632210199421,-0.0020613822528119108,-0.0046845575749562274,-0.0013204480292531295,-0.0013943132373822886,-0.0025298029557089541,-0.0033238539353721286,-0.0033749706578977134,-0.0070983928173879718
2023,223,0.16177612558407481,0.18003069450507203,0.2403449461385421,0.15966834984896544,0.17790364948338019,0.23600601148456066,0.15960872725624214,0.17783204640099989,0.23591896352423722,0.15851110485951486,0.17654115419394614,0.23388363332165632,-0.0021077757351093684,-0.0021270450216918368,-0.0043389346539814411,-5.9622592723296286e-05,-7.1603082380300442e-05,-8.7047960323438645e-05,-0.0010976223967272825,-0.001290892207053751,-0.0020353302025808984,-0.0021673983278326647,-0.0021986481040721373,-0.0044259826143048797,-0.0011572449894505787,-0.0013624952894340514,-0.002122378162904337,-0.0032650207245599472,-0.0034895403111258883,-0.0064613128168857781
2023,224,0.16149183965132544,0.17968618974998171,0.24011614301487955,0.15920057327670434,0.17746329771229216,0.23541126202004886,0.15914250145343939,0.17739539697416634,0.23530709217298126,0.15789984806152402,0.17600677372751003,0.23305448281382954,-0.0022912663746210982,-0.00222289203768955,-0.0047048809948306847,-5.8071823264949085e-05,-6.7900738125820093e-05,-0.0001041698470675978,-0.0012426533919153715,-0.001388623246656312,-0.0022526093591517249,-0.0023493381978860473,-0.0022907927758153701,-0.0048090508418982825,-0.0013007252151803206,-0.0014565239847821321,-0.0023567792062193227,-0.0035919915898014187,-0.0036794160224716821,-0.0070616602010500074
2023,225,0.16137801136757052,0.17930541591093238,0.2405933388297696,0.15921234985823784,0.17726002504273644,0.23586173816743775,0.15916849943050068,0.17714454241696889,0.23579764643456011,0.15784647070875715,0.17572421858711096,0.23347660576621429,-0.0021656615093326725,-0.0020453908681959398,-0.0047316006623318585,-4.3850427737163189e-05,-0.00011548262576754897,-6.409173287763581e-05,-0.0013220287217435289,-0.0014203238298579335,-0.0023210406683458196,-0.0022095119370698357,-0.0021608734939634888,-0.0047956923952094943,-0.0013658791494806921,-0.0015358064556254825,-0.0023851324012234554,-0.0035315406588133647,-0.0035811973238214223,-0.0071167330635553139
2023,226,0.16137782343398502,0.17865724442277198,0.24059684199205275,0.15925369994956151,0.17658937855993748,0.23609789759671457,0.1592228128809961,0.17651612613392617,0.23603835496687373,0.15781612317373594,0.17492217548873545,0.23356536340916273,-0.0021241234844235068,-0.0020678658628345004,-0.0044989443953381836,-3.0887068565410569e-05,-7.3252426011305438e-05,-5.954262984084191e-05,-0.0014066897072601559,-0.0015939506451907171,-0.0024729915577109962,-0.0021550105529889174,-0.0021411182888458058,-0.0045584870251790255,-0.0014375767758255664,-0.0016672030712020225,-0.0025325341875518381,-0.0035617002602490733,-0.0037350689340365228,-0.0070314785828900217
2023,227,0.1607424878992888,0.17784900786094637,0.24001196855918597,0.15896131467133889,0.17614580600696597,0.23594978389053919,0.15891399186663258,0.17606247647434817,0.23583560556225161,0.15766133404662847,0.17466485641241553,0.23370366422704095,-0.001781173227949906,-0.0017032018539804017,-0.0040621846686467733,-4.7322804706317889e-05,-8.332953261780407e-05,-0.00011417832828758412,-0.0012526578200041105,-0.0013976200619326418,-0.0021319413352106631,-0.0018284960326562238,-0.0017865313865982058,-0.0041763629969343574,-0.0012999806247104284,-0.0014809495945504458,-0.0022461196634982472,-0.0030811538526603344,-0.0031841514485308475,-0.0063083043321450205
2023,228,0.15920961362411726,0.1770497280761564,0.2396962406520827,0.15738470033153784,0.17529738611237847,0.23555606570729454,0.15731389473297094,0.17523523312009803,0.23539934567596563,0.15584124286776002,0.17359765185134587,0.23283665729607142,-0.0018249132925794165,-0.0017523419637779369,-0.0041401749447881608,-7.080559856689761e-05,-6.2152992280434249e-05,-0.00015672003132891077,-0.0014726518652109222,-0.0016375812687521585,-0.0025626883798942068,-0.0018957188911463141,-0.0018144949560583712,-0.0042968949761170716,-0.0015434574637778198,-0.0016997342610325927,-0.0027194084112231176,-0.0033683707563572363,-0.0034520762248105297,-0.0068595833560112784
2023,229,0.16182903170491081,0.17983605651044424,0.24087520375500043,0.15982251441333178,0.17807734868708935,0.23630480794147427,0.15976344454307032,0.17801803654324674,0.23616577147994366,0.1583200683825334,0.17651872470955884,0.23335424752066911,-0.0020065172915790241,-0.0017587078233548825,-0.004570395813526168,-5.9069870261468926e-05,-5.9312143842610299e-05,-0.00013903646153060056,-0.0014433761605369133,-0.0014993118336878997,-0.0028115239592745589,-0.0020655871618404931,-0.0018180199671974928,-0.0047094322750567685,-0.0015024460307983822,-0.00155862397753051,-0.0029505604208051595,-0.0035089633223774064,-0.0033173318008853925,-0.0075209562343313274
2023,230,0.16047662898933143,0.17740776332307759,0.24086611696612267,0.15854180502245541,0.17546078667234408,0.23663847175103866,0.15841691012331879,0.17527248571407608,0.23642367892330601,0.15689876589359278,0.1734176583123393,0.23413612595790353,-0.0019348239668760259,-0.0019469766507335118,-0.0042276452150840083,-0.00012489489913661278,-0.00018830095826799509,-0.00021479282773265163,-0.001518144229726015,-0.0018548274017367861,-0.0022875529654024784,-0.0020597188660126386,-0.0021352776090015069,-0.0044424380428166599,-0.0016430391288626278,-0.0020431283600047812,-0.0025023457931351301,-0.0035778630957386537,-0.0039901050107382929,-0.0067299910082191383
2023,231,0.1618605469321118,0.17952036226240772,0.24054377712951672,0.15994692529880533,0.17773713954860026,0.23620995839995929,0.15988508548370325,0.17764247544127146,0.23612319698887527,0.1585635579709084,0.17631232649619669,0.23367524110418497,-0.0019136216333064671,-0.0017832227138074586,-0.0043338187295574315,-6.1839815102077145e-05,-9.4664107328806812e-05,-8.6761411084018691e-05,-0.0013215275127948511,-0.0013301489450747717,-0.0024479558846902949,-0.0019754614484085442,-0.0018778868211362654,-0.0044205801406414502,-0.0013833673278969283,-0.0014248130524035785,-0.0025347172957743136,-0.0032969889612033954,-0.003208035766211037,-0.0068685360253317451
2023,232,0.16217818152567914,0.18015396721345245,0.24071440785749304,0.15984085116944155,0.17776075893445339,0.2360992798985295,0.15976725674895167,0.17765794158253012,0.23599704960681253,0.15849832665119534,0.17608041215270945,0.23416516162323597,-0.0023373303562375936,-0.0023932082789990539,-0.0046151279589635441,-7.3594420489875301e-05,-0.00010281735192327335,-0.00010223029171696485,-0.0012689300977563323,-0.0015775294298206732,-0.0018318879835765578,-0.0024109247767274689,-0.0024960256309223272,-0.004717358250680509,-0.0013425245182462076,-0.0016803467817439466,-0.0019341182752935226,-0.0036798548744838011,-0.0040735550607430004,-0.0065492462342570668
2023,233,0.16149733438315711,0.17914937021127769,0.24102325283551554,0.15955941618975861,0.17738450360832098,0.23626130912873769,0.15953774964074374,0.17734642833189498,0.23630850283183816,0.15820008836201527,0.17581211910153646,0.23394290322676914,-0.0019379181933985024,-0.0017648666029567162,-0.0047619437067778492,-2.1666549014864867e-05,-3.8075276425991733e-05,4.7193703100467665e-05,-0.0013376612787284747,-0.0015343092303585215,-0.0023655996050690187,-0.0019595847424133672,-0.0018029418793827079,-0.0047147500036773815,-0.0013593278277433396,-0.0015723845067845132,-0.002318405901968551,-0.003297246021141842,-0.0033372511097412294,-0.0070803496087464002
2023,234,0.16162529678134729,0.17981302004364494,0.24066152286646122,0.15996603110794366,0.1782750850134931,0.23703456914579774,0.15981829194379318,0.17811826712335652,0.23680624712445472,0.15810544093260467,0.17640025328969811,0.23371947941785715,-0.0016592656734036315,-0.0015379350301518435,-0.0036269537206634894,-0.00014773916415047883,-0.0001568178901365791,-0.00022832202134301371,-0.0017128510111885098,-0.0017180138336584105,-0.0030867677065975763,-0.0018070048375541103,-0.0016947529202884226,-0.0038552757420065031,-0.0018605901753389886,-0.0018748317237949896,-0.00331508972794059,-0.0035198558487426201,-0.0034127667539468332,-0.0069420434486040794
2023,235,0.16105538941590533,0.1786543347149076,0.24071730375361197,0.15884893805558001,0.17660122294220648,0.23586596442327845,0.15869785972417294,0.17643798372843963,0.23558545946832835,0.15724708186923314,0.17479431857321373,0.23314391574804225,-0.0022064513603253233,-0.0020531117727011217,-0.0048513393303335206,-0.00015107833140706739,-0.00016323921376684702,-0.00028050495495010597,-0.0014507778549397998,-0.0016436651552259041,-0.002441543720286099,-0.0023575296917323907,-0.0022163509864679687,-0.0051318442852836266,-0.0016018561863468672,-0.0018069043689927511,-0.002722048675236205,-0.0038083075466721905,-0.0038600161416938727,-0.0075733880055697256
2023,236,0.16032075192667802,0.17736931100438796,0.23914324525574071,0.15805967196483528,0.17506073089475022,0.23422528614262753,0.15804524487139127,0.17503813244790359,0.23419463063850249,0.15684290623093244,0.17389571615241173,0.23173530512642551,-0.0022610799618427435,-0.0023085801096377478,-0.004917959113113185,-1.4427093444013828e-05,-2.2598446846627818e-05,-3.0655504125037814e-05,-0.0012023386404588221,-0.0011424162954918604,-0.0024593255120769764,-0.0022755070552867573,-0.0023311785564843757,-0.0049486146172382228,-0.0012167657339028359,-0.0011650147423384882,-0.0024899810162020142,-0.0034778456957455794,-0.0034735948519762361,-0.0074079401293151992
2023,237,0.16142549547266238,0.17896193340085159,0.24118851289434665,0.15942393090377291,0.1771664359760497,0.23660108110851355,0.15935827894855911,0.17708880010692934,0.23649605316680181,0.15812966644038945,0.17573307718143105,0.2342605076745938,-0.0020015645688894745,-0.0017954974248018951,-0.004587431785833096,-6.5651955213796853e-05,-7.7635869120351586e-05,-0.0001050279417117439,-0.0012286125081696631,-0.0013557229254982928,-0.002235545492208002,-0.0020672165241032714,-0.0018731332939222467,-0.0046924597275448399,-0.0012942644633834599,-0.0014333587946186443,-0.0023405734339197459,-0.0032958290322729344,-0.0032288562194205395,-0.0069280052197528419
2023,238,0.15953294775125906,0.17755757907215683,0.23942674103441289,0.15741542456607857,0.17549635335951233,0.2349204613854142,0.15734021852032895,0.17539339648095278,0.23482943385944474,0.15630940303807603,0.17432120756580077,0.2329061047185384,-0.0021175231851804921,-0.0020612257126444988,-0.00450627964899869,-7.5206045749620642e-05,-0.00010295687855954583,-9.1027525969455958e-05,-0.0010308154822529225,-0.0010721889151520114,-0.0019233291409063435,-0.0021927292309301127,-0.0021641825912040447,-0.004597307174968146,-0.0011060215280025432,-0.0011751457937115573,-0.0020143566668757995,-0.0032235447131830353,-0.0032363715063560561,-0.0065206363158744896
2023,239,0.1587159883880222,0.17584581274163319,0.23930138184206298,0.15675179384399676,0.17405897263203776,0.23482526126370007,0.15664615367193924,0.17391741743079067,0.23463782726713986,0.1552529363007969,0.17238249612666354,0.23204035203914669,-0.0019641945440254382,-0.0017868401095954278,-0.0044761205783629132,-0.00010564017205752507,-0.00014155520124708998,-0.00018743399656021009,-0.0013932173711423412,-0.0015349213041271348,-0.0025974752279931679,-0.0020698347160829633,-0.0019283953108425178,-0.0046635545749231233,-0.0014988575431998663,-0.0016764765053742248,-0.002784909224553378,-0.0034630520872253046,-0.0034633166149696526,-0.0072610298029162912
2023,240,0.16250836807874139,0.18010711551651121,0.24122364170379282,0.16052879622129645,0.17842453207497008,0.23657856397352214,0.16047798991102863,0.1783890873425355,0.23647677364243425,0.15926188456692542,0.17694373811736666,0.234442618721902,-0.0019795718574449339,-0.0016825834415411245,-0.0046450777302706747,-5.0806310267825783e-05,-3.5444732434580795e-05,-0.00010179033108789759,-0.0012161053441032132,-0.0014453492251688405,-0.002034154920532244,-0.0020303781677127597,-0.0017180281739757053,-0.0047468680613585723,-0.001266911654371039,-0.0014807939576034213,-0.0021359452516201416,-0.0032464835118159729,-0.0031633773991445457,-0.0067810229818908163
2023,241,0.16116615400902673,0.17882578539440938,0.24007976919173052,0.15919850878721256,0.17694944883124397,0.23591801352943464,0.15909623405430939,0.1768413744734478,0.23568955903402425,0.15763436483430077,0.17526524926334286,0.23337111245517339,-0.0019676452218141682,-0.0018763365631654094,-0.004161755662295874,-0.00010227473290316813,-0.00010807435779616736,-0.0002284544954103962,-0.001461869220008627,-0.001576125210104945,-0.0023184465788508579,-0.0020699199547173364,-0.0019844109209615768,-0.0043902101577062702,-0.0015641439529117951,-0.0016841995679011124,-0.0025469010742612541,-0.0035317891747259633,-0.0035605361310665218,-0.0067086567365571281
2023,242,0.16088621220510196,0.17775480923612802,0.24000459264763541,0.15888489334903175,0.17584672118614655,0.23552633226796416,0.15880133604943417,0.17570838106214895,0.23545412731088927,0.1572884549517001,0.17415302186585221,0.23280225482530661,-0.0020013188560702166,-0.0019080880499814656,-0.0044782603796712506,-8.3557299597580847e-05,-0.00013834012399760454,-7.2204957074883946e-05,-0.0015128810977340645,-0.001555359196296735,-0.002651872485582657,-0.0020848761556677975,-0.0020464281739790702,-0.0045504653367461345,-0.0015964383973316454,-0.0016936993202943396,-0.0027240774426575409,-0.003597757253401862,-0.0036017873702758052,-0.0072023378223287915
2023,243,0.16189808417479645,0.18107867385819895,0.23998544646898828,0.15938431030603531,0.17865473183853137,0.23463217491835053,0.15926013818117357,0.17851107152518531,0.23445117015973671,0.15815382825169358,0.17743507778060777,0.23236455658462934,-0.0025137738687611433,-0.0024239420196675854,-0.0053532715506377504,-0.00012417212486173779,-0.00014366031334606122,-0.00018100475861382304,-0.0011063099294799927,-0.0010759937445775358,-0.0020866135751073656,-0.0026379459936228811,-0.0025676023330136466,-0.0055342763092515734,-0.0012304820543417305,-0.001219654057923597,-0.0022676183337211886,-0.0037442559231028738,-0.0036435960775911824,-0.007620889884358939
2023,244,0.16093355070751461,0.17873267677381438,0.24037273510844578,0.15924273020510832,0.17720008426133979,0.23647687387871286,0.15915483125255875,0.17707259611918921,0.23635805598279741,0.15775553069793016,0.17547895183987508,0.23394802558481062,-0.0016908205024062928,-0.0015325925124745898,-0.0038958612297329276,-8.789895254956992e-05,-0.00012748814215057802,-0.00011881789591544623,-0.0013993005546285853,-0.0015936442793141326,-0.0024100303979867899,-0.0017787194549558627,-0.0016600806546251679,-0.0040146791256483738,-0.0014871995071781552,-0.0017211324214647106,-0.0025288482939022361,-0.003178020009584448,-0.0032537249339393004,-0.0064247095236351637
2023,245,0.16239260010364814,0.18058736396331773,0.24060970472530518,0.15995605177545086,0.17834942895588449,0.23514462280438078,0.15994347980635551,0.17833217690481701,0.23509839800385704,0.15825151884753419,0.1765250482220426,0.23211830660484861,-0.0024365483281972855,-0.0022379350074332449,-0.0054650819209244028,-1.2571969095348523e-05,-1.7252051067478957e-05,-4.6224800523742005e-05,-0.0016919609588213202,-0.0018071286827744115,-0.0029800913990084277,-0.002449120297292634,-0.0022551870585007239,-0.0055113067214481448,-0.0017045329279166688,-0.0018243807338418905,-0.0030263161995321697,-0.0041410812561139543,-0.0040623157412751354,-0.0084913981204565725
2023,246,0.16160246795814998,0.17962139266656393,0.2405291589443033,0.15918924077073146,0.17723107789691958,0.23535674095930556,0.15915036631416946,0.17716322084501696,0.23526527534766048,0.15799488939756204,0.17596022628402216,0.23314257423815435,-0.0024132271874185152,-0.0023903147696443527,-0.0051724179849977348,-3.8874456562004722e-05,-6.7857051902625587e-05,-9.1465611645080713e-05,-0.0011554769166074175,-0.0012029945609947912,-0.002122701109506131,-0.0024521016439805199,-0.0024581718215469783,-0.0052638835966428155,-0.0011943513731694222,-0.0012708516128974168,-0.0022141667211512117,-0.0036075785605879374,-0.0036611663825417695,-0.0073865847061489465
2023,247,0.16251845570573745,0.18069356118951965,0.24076982898437069,0.16033768070083038,0.17877765458777059,0.23584159917558178,0.16025719641781222,0.17866373121825327,0.23570414873208975,0.15869125008424739,0.17703566484303301,0.23299355333296076,-0.0021807750049070707,-0.0019159066017490622,-0.0049282298087889032,-8.0484283018156244e-05,-0.0001139233695173214,-0.00013745044349203206,-0.0015659463335648272,-0.0016280663752202551,-0.0027105953991289899,-0.0022612592879252269,-0.0020298299712663836,-0.0050656802522809352,-0.0016464306165829834,-0.0017419897447375765,-0.002848045842621022,-0.0038272056214900541,-0.0036578963464866388,-0.0077762756514099252
2023,248,0.16127903307885594,0.17976484966200823,0.24037705674115639,0.15882826961358312,0.17735614361383839,0.23532604076001154,0.1586288404107713,0.17714698854780911,0.23497286120921484,0.15717211120908683,0.17545484503725908,0.23257752985848798,-0.002450763465272815,-0.0024087060481698397,-0.0050510159811448518,-0.00019942920281182386,-0.0002091550660292818,-0.00035317955079669505,-0.0014567292016844646,-0.001692143510550026,-0.0023953313507268648,-0.0026501926680846388,-0.0026178611141991215,-0.0054041955319415469,-0.0016561584044962885,-0.0019012985765793078,-0.0027485109015235598,-0.0041069218697691035,-0.0043100046247491475,-0.0077995268826684117
2023,249,0.16217035797509333,0.17927408209734544,0.24067649229636254,0.1604345838938972,0.17747154051270939,0.23708000472097604,0.16031475719954175,0.17731263410895001,0.23686003769396302,0.15921852066673986,0.17624340016626563,0.23485390560132866,-0.0017357740811961286,-0.0018025415846360526,-0.0035964875753864978,-0.00011982669435545157,-0.00015890640375937348,-0.00021996702701301829,-0.0010962365328018864,-0.0010692339426843778,-0.0020061320926343662,-0.0018556007755515802,-0.0019614479883954261,-0.0038164546023995161,-0.0012160632271573379,-0.0012281403464437513,-0.0022260991196473845,-0.0029518373083534666,-0.0030306819310798039,-0.0058225866950338823
2023,250,0.16107650333814957,0.17912518197214447,0.23956523356125897,0.15904616389562309,0.17715394898879036,0.23528420825626012,0.15896885955517023,0.17704706240784771,0.23512411584004433,0.15754101429857409,0.17554086456399837,0.23275274063894072,-0.0020303394425264798,-0.0019712329833541098,-0.0042810253049988534,-7.7304340452860609e-05,-0.00010688658094265557,-0.00016009241621578463,-0.0014278452565961441,-0.0015061978438493384,-0.0023713752011036149,-0.0021076437829793404,-0.0020781195642967654,-0.004441117721214638,-0.0015051495970490048,-0.001613084424791994,-0.0025314676173193995,-0.0035354890395754845,-0.0035843174081461038,-0.0068124929223182529
2023,251,0.16233657760450945,0.18051343948930071,0.24072783527271416,0.16017948515549932,0.17851324063415733,0.23603247304869651,0.16010959144144724,0.17840973261347309,0.23591335397781957,0.1584090829842231,0.17632619443509684,0.23330836584478795,-0.002157092449010134,-0.0020001988551433814,-0.0046953622240176462,-6.9893714052082778e-05,-0.00010350802068423426,-0.00011911907087694407,-0.0017005084572241369,-0.0020835381783762541,-0.002604988133031616,-0.0022269861630622168,-0.0021037068758276156,-0.0048144812948945903,-0.0017704021712762197,-0.0021870461990604884,-0.0027241072039085601,-0.0039274946202863537,-0.0041872450542038697,-0.0074194694279262063
2023,252,0.16059329698158406,0.17723488867723761,0.24051662861071368,0.15858323620891379,0.17538798889634893,0.23593540433985627,0.1584917773607645,0.1752829464530741,0.23576017359071816,0.15693172088762905,0.17363189928677655,0.23300293249734677,-0.0020100607726702691,-0.0018468997808886722,-0.0045812242708574147,-9.1458848149289507e-05,-0.00010504244327483314,-0.0001752307491381111,-0.0015600564731354516,-0.0016510471662975479,-0.0027572410933713876,-0.0021015196208195586,-0.0019519422241635054,-0.0047564550199955258,-0.0016515153212847411,-0.001756089609572381,-0.0029324718425094987,-0.0036615760939550102,-0.0036029893904610533,-0.0075136961133669133
2023,253,0.16251992137618759,0.18006671290429913,0.2407739763541123,0.16039205840116078,0.1779617065800308,0.23635092266624999,0.16035481753637443,0.17788384946217423,0.23628679885116718,0.15888138741952715,0.17612149284651873,0.23382622852183715,-0.0021278629750268174,-0.002105006324268327,-0.004423053687862305,-3.7240864786347583e-05,-7.7857117856572344e-05,-6.4123815082806068e-05,-0.0014734301168472796,-0.0017623566156554915,-0.0024605703293300307,-0.002165103839813165,-0.0021828634421248994,-0.0044871775029451111,-0.0015106709816336272,-0.0018402137335120639,-0.0025246941444128368,-0.0036385339566604447,-0.0039452200577803909,-0.0069477478322751418
2023,254,0.16248009407380368,0.18079108621825238,0.24028560085555609,0.16004282687902302,0.17852422364474149,0.23516422992258937,0.15995585221271647,0.1783781842609139,0.23501184455528012,0.15857934511525704,0.17690186846497385,0.23271671031450009,-0.0024372671947806568,-0.002266862573510886,-0.0051213709329667179,-8.6974666306555148e-05,-0.00014603938382759529,-0.00015238536730924346,-0.0013765070974594285,-0.0014763157959400419,-0.002295134240780039,-0.0025242418610872119,-0.0024129019573384813,-0.0052737563002759613,-0.0014634817637659836,-0.0016223551797676372,-0.0024475196080892825,-0.0039007489585466404,-0.0038892177532785233,-0.0075688905410560003
2023,255,0.16167026618264452,0.17969521672843144,0.23997852256720373,0.15913388353136598,0.17720280290141829,0.23463747143763075,0.15901919136825626,0.17708649512385144,0.2344106150412241,0.15774855422420483,0.17551870854195478,0.23225887672391154,-0.0025363826512785348,-0.0024924138270131513,-0.0053410511295729768,-0.00011469216310971975,-0.00011630777756685418,-0.000226856396406655,-0.0012706371440514286,-0.0015677865818966574,-0.0021517383173125515,-0.0026510748143882545,-0.0026087216045800055,-0.0055679075259796318,-0.0013853293071611483,-0.0016840943594635116,-0.0023785947137192065,-0.0039217119584396831,-0.0041765081864766629,-0.0077196458432921833
2023,256,0.15981937840852697,0.17737083406058385,0.23962311890226243,0.15753798210415831,0.17535994652713977,0.23431221016114426,0.15749203367431086,0.17530117547718299,0.23423035731171069,0.15593672266972927,0.17350883471934936,0.2317762684633301,-0.0022813963043686603,-0.0020108875334440834,-0.0053109087411181699,-4.5948429847453287e-05,-5.8771049956773957e-05,-8.1852849433572406e-05,-0.0015553110045815888,-0.0017923407578336326,-0.0024540888483805812,-0.0023273447342161135,-0.0020696585834008574,-0.0053927615905517423,-0.0016012594344290421,-0.0018511118077904065,-0.0025359416978141536,-0.0038826557387977023,-0.00386199934123449,-0.0078468504389323235
2023,257,0.16284196638281731,0.18026666431237351,0.24084176548820027,0.16081356718686521,0.1782800403569812,0.23658845689058999,0.1607727361950172,0.1782433701399854,0.23649283254083017,0.15950179452261279,0.17684130460614655,0.23445260909966073,-0.0020283991959521019,-0.0019866239553923137,-0.004253308597610278,-4.0830991848012088e-05,-3.6670216995798866e-05,-9.5624349759820815e-05,-0.0012709416724044076,-0.0014020655338388421,-0.002040223441169442,-0.002069230187800114,-0.0020232941723881126,-0.0043489329473700988,-0.0013117726642524197,-0.001438735750834641,-0.0021358477909292628,-0.0033401718602045216,-0.0034253597062269547,-0.0063891563885395408
2023,258,0.16046597826035611,0.1779288097564353,0.2404378056079001,0.15845848795559597,0.17609286059197943,0.2358301606317568,0.1583398326557621,0.17594837834866703,0.23565212393220769,0.1568051740562541,0.17431316321235735,0.23307966887702325,-0.0020074903047601345,-0.001835949164455869,-0.0046076449761432992,-0.00011865529983387524,-0.00014448224331239934,-0.00017803669954910561,-0.0015346585995079931,-0.0016352151363096812,-0.0025724550551844416,-0.0021261456045940097,-0.0019804314077682683,-0.0047856816756924048,-0.0016533138993418683,-0.0017796973796220805,-0.0027504917547335472,-0.0036608042041020028,-0.0036156465440779495,-0.0073581367308768464
2023,259,0.16125099722023264,0.17884940250435263,0.24027585923218922,0.15900962975980051,0.17669395167930074,0.23514288942710182,0.15899555255174588,0.1766757998202072,0.23503553171812119,0.15771022408316143,0.17534490025072935,0.23281765466553592,-0.002241367460432131,-0.0021554508250518911,-0.0051329698050874006,-1.4077208054630308e-05,-1.8151859093540335e-05,-0.00010735770898062658,-0.0012853284685844513,-0.0013308995694778503,-0.0022178770525852765,-0.0022554446684867613,-0.0021736026841454315,-0.0052403275140680272,-0.0012994056766390816,-0.0013490514285713906,-0.002325234761565903,-0.0035407731370712126,-0.0035045022536232817,-0.0074582045666533037
2023,260,0.16222285097375397,0.17962375593658925,0.24079692576700304,0.16030156491404243,0.17787234411554456,0.23650021112672914,0.16023864686977743,0.17775688108198789,0.23639072764962626,0.15911079255640934,0.17673506480299503,0.2343876120136609,-0.0019212860597115355,-0.001751411821044685,-0.0042967146402738965,-6.291804426500347e-05,-0.00011546303355666754,-0.00010948347710287853,-0.0011278543133680929,-0.0010218162789928653,-0.0020031156359653635,-0.001984204103976539,-0.0018668748546013525,-0.004406198117376775,-0.0011907723576330964,-0.0011372793125495329,-0.002112599113068242,-0.003112058417344632,-0.0028886911335942178,-0.0064093137533421385
2023,261,0.16024728014683606,0.17730105876710239,0.2404033020979422,0.15813319524223959,0.17522517268959525,0.23603931862310767,0.15804342812775898,0.17509088461550479,0.23584152048319643,0.15702979447915238,0.17400563509432537,0.2340750518118723,-0.0021140849045964694,-0.0020758860775071386,-0.0043639834748345208,-8.9767114480610033e-05,-0.00013428807409046617,-0.00019779813991124828,-0.0010136336486065989,-0.0010852495211794155,-0.0017664686713241284,-0.0022038520190770794,-0.0022101741515976048,-0.004561781614745769,-0.0011034007630872089,-0.0012195375952698817,-0.0019642668112353767,-0.0032174856676836783,-0.0032954236727770203,-0.0063282502860698975
2023,262,0.15976197751502183,0.17679509930241902,0.23932629630963367,0.15739551678150432,0.17450056004027154,0.23430992358457295,0.1572991849146741,0.1743671543697109,0.23411250284985952,0.1559258078727179,0.17282504229420373,0.23166160657060245,-0.0023664607335175114,-0.0022945392621474825,-0.0050163727250607248,-9.6331866830223767e-05,-0.0001334056705606379,-0.00019742073471343269,-0.0013733770419561975,-0.0015421120755071682,-0.0024508962792570699,-0.0024627926003477352,-0.0024279449327081204,-0.0052137934597741575,-0.0014697089087864212,-0.0016755177460678061,-0.0026483170139705026,-0.0038361696423039326,-0.0039700570082152886,-0.0076646897390312274
2023,263,0.16032732352692494,0.17854393369963145,0.24000194507082775,0.15781426513310709,0.17606729562065621,0.23463515475396526,0.15774189402335748,0.17594616044376118,0.23452927404701937,0.1565099059759435,0.17467886940969604,0.23223900010825962,-0.0025130583938178519,-0.0024766380789752462,-0.0053667903168624909,-7.2371109749613804e-05,-0.00012113517689502085,-0.00010588070694589335,-0.0012319880474139788,-0.0012672910340651433,-0.0022902739387597459,-0.0025854295035674657,-0.0025977732558702671,-0.0054726710238083842,-0.0013043591571635926,-0.0013884262109601642,-0.0023961546457056393,-0.0038174175509814445,-0.0038650642899354104,-0.0077629449625681302
2023,264,0.1622869821373116,0.18076224920455958,0.24113574904932525,0.15999901753647428,0.17875135045283821,0.23619772987305543,0.15983501436765199,0.17851444621900833,0.23594101705432002,0.15837595751331782,0.1769383308670141,0.23341615210251837,-0.0022879646008373278,-0.0020108987517213628,-0.00493801917626982,-0.00016400316882228538,-0.00023690423382988213,-0.00025671281873540508,-0.0014590568543341731,-0.0015761153519942284,-0.002524864951801653,-0.0024519677696596132,-0.0022478029855512449,-0.0051947319950052251,-0.0016230600231564585,-0.0018130195858241105,-0.0027815777705370581,-0.0039110246239937863,-0.0038239183375454733,-0.0077195969468068781
2023,265,0.16240621019528798,0.17974170396921565,0.24049279792842909,0.16025447740567411,0.17764874444569426,0.23584235974212384,0.16017005548616267,0.17754486052146812,0.23567726987022336,0.15862266244061554,0.17580206425424352,0.23295381606581569,-0.0021517327896138638,-0.0020929595235213982,-0.0046504381863052557,-8.4421919511440402e-05,-0.00010388392422613912,-0.00016508987190047564,-0.0015473930455471296,-0.0017427962672245945,-0.0027234538044076662,-0.0022361547091253042,-0.0021968434477475374,-0.0048155280582057314,-0.00163181496505857,-0.0018466801914507336,-0.0028885436763081418,-0.0037835477546724339,-0.0039396397149721318,-0.0075389818626133975
2023,266,0.16299108303922835,0.18142040355681738,0.24141186948434359,0.16115575763300455,0.1798918202859183,0.23698664308314021,0.16109843972881002,0.17980641784386084,0.23688956521377602,0.15989712896357577,0.17840632909565363,0.2348831082218622,-0.0018353254062238034,-0.001528583270899081,-0.0044252264012033804,-5.7317904194525982e-05,-8.5402442057458394e-05,-9.7077869364192715e-05,-0.0012013107652342481,-0.0014000887482072122,-0.0020064569919138187,-0.0018926433104183293,-0.0016139857129565394,-0.0045223042705675731,-0.001258628669428774,-0.0014854911902646706,-0.0021035348612780114,-0.0030939540756525774,-0.0030140744611637516,-0.0065287612624813918
2023,267,0.16201114786595538,0.17945361536335935,0.2409831158096051,0.1598691338440216,0.17731446032216006,0.23652674747010613,0.15982731641281381,0.17727328554518346,0.23640811128081937,0.15844755790768458,0.17578281599264436,0.23394400254596848,-0.0021420140219337858,-0.0021391550411992977,-0.0044563683394989728,-4.1817431207791245e-05,-4.1174776976599103e-05,-0.00011863618928675823,-0.0013797585051292249,-0.0014904695525390921,-0.002464108734850895,-0.002183831453141577,-0.0021803298181758968,-0.0045750045287857311,-0.0014215759363370162,-0.0015316443295156912,-0.0025827449241376532,-0.0035635899582708019,-0.0036707993707149889,-0.007039113263636626
2023,268,0.16257669229536606,0.18079663712537283,0.24060172713841907,0.16034334126834079,0.17859079299915673,0.23596429793570783,0.16022306837188677,0.17845318954305991,0.23576087779280933,0.15877872754419733,0.17666947826011059,0.2335528876576117,-0.0022333510270252654,-0.0022058441262161055,-0.0046374292027112352,-0.00012027289645402672,-0.00013760345609681313,-0.00020342014289850829,-0.0014443408276894332,-0.001783711282949324,-0.0022079901351976239,-0.0023536239234792922,-0.0023434475823129186,-0.0048408493456097434,-0.0015646137241434599,-0.0019213147390461371,-0.0024114102780961322,-0.0037979647511687253,-0.0041271588652622426,-0.0070488394808073673
2023,269,0.16188204601973435,0.17898669047874338,0.2404885994031512,0.15990653662524065,0.1770481311001551,0.23610955938064931,0.15991842595847836,0.17700029655856445,0.23615935536294982,0.15849956798338327,0.17543913436317732,0.23365675959438781,-0.0019755093944937019,-0.0019385593785882782,-0.00437904002250189,1.188933323770236e-05,-4.7834541590657809e-05,4.9795982300510078e-05,-0.0014188579750950836,-0.001561162195387128,-0.0025025957685620159,-0.0019636200612559995,-0.001986393920178936,-0.0043292440402013799,-0.0014069686418573812,-0.0016089967369777858,-0.0024527997862615059,-0.0033824780363510831,-0.003547556115566064,-0.0068318398087633958
2023,270,0.16279941319082869,0.18111053211414166,0.24070681254260456,0.16119763602660955,0.17967639574815539,0.23688988893646698,0.16114067796022152,0.17957457536905669,0.23683108890860569,0.15956535220605836,0.1779467048180515,0.23403656041591181,-0.001601777164219137,-0.0014341363659862716,-0.0038169236061375844,-5.6958066388029804e-05,-0.00010182037909869934,-5.8800027861294346e-05,-0.0015753257541631649,-0.0016278705510051894,-0.0027945284926938763,-0.0016587352306071668,-0.0015359567450849709,-0.0038757236339988788,-0.0016322838205511947,-0.0017296909301038887,-0.0028533285205551706,-0.0032340609847703317,-0.0031638272960901603,-0.006670252126692755
2023,271,0.16300287537908598,0.1819474493524886,0.24091682396389952,0.16142613540326334,0.18060954860209535,0.23726629466258661,0.1613959251992802,0.18055337158710949,0.23719031421277906,0.1598568422047581,0.17884600056032349,0.23441673876121916,-0.0015767399758226386,-0.0013379007503932505,-0.0036505293013129048,-3.0210203983138673e-05,-5.6177014985864249e-05,-7.5980449807555583e-05,-0.0015390829945221007,-0.0017073710267860032,-0.0027735754515599009,-0.0016069501798057773,-0.0013940777653791148,-0.0037265097511204603,-0.0015692931985052394,-0.0017635480417718674,-0.0028495559013674565,-0.003146033174327878,-0.0031014487921651179,-0.0065000852026803613
2023,272,0.16141523600629684,0.17928933391867349,0.24114863915650248,0.1593488085932665,0.17724187824897811,0.23640350174847982,0.15926267856250159,0.17712027872762329,0.23626222308685155,0.15804839091965955,0.17571396276115009,0.23421388515230412,-0.0020664274130303417,-0.0020474556696953861,-0.0047451374080226538,-8.6130030764908216e-05,-0.00012159952135482044,-0.00014127866162827463,-0.0012142876428420379,-0.0014063159664731983,-0.0020483379345474229,-0.0021525574437952499,-0.0021690551910502065,-0.0048864160696509285,-0.0013004176736069462,-0.0015279154878280188,-0.0021896165961756975,-0.0033668450866372879,-0.0035753711575234048,-0.0069347540041983513
2023,273,0.16212968989275089,0.18042471498292859,0.24072305735058239,0.15966860930537041,0.17817658355917473,0.23530630242783787,0.15958421568659367,0.17806894447901628,0.23518850124069701,0.15797900947719701,0.17631845922856337,0.23254733597646099,-0.002461080587380482,-0.0022481314237538519,-0.0054167549227445155,-8.4393618776740231e-05,-0.00010763908015845591,-0.00011780118714085908,-0.0016052062093966646,-0.0017504852504529045,-0.0026411652642360228,-0.0025454742061572222,-0.0023557705039123078,-0.0055345561098853746,-0.0016895998281734048,-0.0018581243306113604,-0.0027589664513768819,-0.0041506804155538868,-0.0041062557543652123,-0.0081757213741213974
2023,274,0.16249565638331856,0.18024359373660168,0.24083074392146522,0.16046639313610536,0.17848834410138484,0.2361057328944684,0.16030359817330775,0.17829724837830122,0.23584559251006518,0.15884459146659158,0.17670207608514243,0.23323799877888199,-0.0020292632472131977,-0.0017552496352168379,-0.0047250110269968226,-0.0001627949627976133,-0.00019109572308362299,-0.00026014038440322351,-0.0014590067067161705,-0.0015951722931587808,-0.0026075937311831887,-0.002192058210010811,-0.0019463453583004608,-0.0049851514114000461,-0.0016218016695137838,-0.0017862680162424038,-0.0028677341155864122,-0.0036510649167269815,-0.0035415176514592417,-0.0075927451425832349
2023,275,0.16196258229639565,0.17941519089753483,0.24062425073184052,0.16002752688187075,0.17782955121774577,0.23591964603603272,0.15995365080772483,0.17770942820701444,0.23583024684947559,0.15853898918571069,0.1762210998252623,0.23343971650792872,-0.0019350554145249055,-0.0015856396797890582,-0.0047046046958078014,-7.387607414591213e-05,-0.00012012301073133225,-8.9399186557120869e-05,-0.0014146616220141461,-0.0014883283817521409,-0.0023905303415468759,-0.0020089314886708176,-0.0017057626905203904,-0.0047940038823649223,-0.0014885376961600583,-0.0016084513924834731,-0.0024799295281039968,-0.0034235931106849637,-0.0031940910722725313,-0.0071845342239117982
2023,276,0.1589932064376097,0.17577012631199471,0.23917105539943467,0.15689283569317677,0.17356134183445934,0.23484408936378184,0.15674114900470559,0.17335278158348613,0.23460744354284682,0.15536800050160751,0.17192499593218441,0.23209549689777084,-0.0021003707444329223,-0.0022087844775353638,-0.0043269660356528294,-0.00015168668847118094,-0.00020856025097321096,-0.00023664582093502196,-0.0013731485030980817,-0.0014277856513017217,-0.0025119466450759798,-0.0022520574329041032,-0.0024173447285085747,-0.0045636118565878514,-0.0015248351915692626,-0.0016363459022749327,-0.0027485924660110017,-0.0036252059360021849,-0.0038451303798102965,-0.0070755585016638312
2023,277,0.16249024450096469,0.18076126211406654,0.24093348570285636,0.16023908768691966,0.17849785604143106,0.23624449044046145,0.16021184674456976,0.17843414220065335,0.23624947125379442,0.15898752319584369,0.17714249361894238,0.23410814445480796,-0.00225115681404503,-0.0022634060726354766,-0.0046889952623949127,-2.7240942349904262e-05,-6.3713840777718245e-05,4.9808133329720672e-06,-0.001224323548726064,-0.0012916485817109635,-0.0021413267989864593,-0.0022783977563949342,-0.0023271199134131948,-0.0046840144490619406,-0.0012515644910759682,-0.0013553624224886818,-0.0021363459856534872,-0.0035027213051209982,-0.0036187684951241583,-0.0068253412480483999
2023,278,0.16120260614574808,0.17813634774826764,0.24060440799774777,0.15924123749318933,0.17623701928827384,0.23631881760619045,0.15912152000556326,0.17607578864867912,0.23617841747125393,0.15769576431220311,0.17470528238470556,0.23350686877086471,-0.0019613686525587481,-0.0018993284599937987,-0.0042855903915573201,-0.00011971748762606982,-0.00016123063959472272,-0.00014040013493651915,-0.0014257556933601478,-0.0013705062639735588,-0.0026715487003892147,-0.002081086140184818,-0.0020605590995885215,-0.0044259905264938393,-0.0015454731809862177,-0.0015317369035682815,-0.0028119488353257338,-0.0035068418335449658,-0.0034310653635620803,-0.0070975392268830539
2023,279,0.16245093604576935,0.18089249544126546,0.24071628409366436,0.16030848510685294,0.17892468807770284,0.23584640191479531,0.16021317643390262,0.17874050857593993,0.23572887773779452,0.15884870463509335,0.17728977998534859,0.23338802114460358,-0.002142450938916407,-0.0019678073635626125,-0.0048698821788690505,-9.5308672950322748e-05,-0.00018417950176291553,-0.00011752417700078288,-0.0013644717988092747,-0.0014507285905913381,-0.0023408565931909431,-0.0022377596118667298,-0.0021519868653255281,-0.0049874063558698334,-0.0014597804717595975,-0.0016349080923542536,-0.002458380770191726,-0.0036022314106760045,-0.0036027154559168661,-0.0073282629490607765
2023,280,0.16309557135158864,0.18186549658816489,0.24079439800976105,0.16103943593235004,0.17990784249935893,0.23629118208237904,0.16100364561490746,0.17981986046261833,0.23625905193440308,0.15939738563383959,0.17821133855078505,0.23342788217302735,-0.0020561354192386028,-0.0019576540888059657,-0.0045032159273820094,-3.5790317442579989e-05,-8.7982036740597014e-05,-3.2130147975956147e-05,-0.0016062599810678646,-0.0016085219118332772,-0.0028311697613757347,-0.0020919257366811828,-0.0020456361255465627,-0.0045353460753579655,-0.0016420502985104446,-0.0016965039485738742,-0.0028632999093516909,-0.0036981857177490474,-0.0036541580373798399,-0.0073665158367337003
2023,281,0.16328577998285665,0.18156522795072608,0.24103292805133913,0.16112802364395251,0.17960598658111473,0.23652229260974317,0.1610270114185039,0.1794718686812633,0.23636061984870385,0.15950331492639197,0.17776789624849554,0.23390158844873934,-0.0021577563389041376,-0.001959241369611342,-0.0045106354415959671,-0.00010101222544861566,-0.00013411789985143252,-0.00016167276103931649,-0.0015236964921119256,-0.0017039724327677641,-0.0024590313999645064,-0.0022587685643527533,-0.0020933592694627745,-0.0046723082026352836,-0.0016247087175605412,-0.0018380903326191966,-0.0026207041610038229,-0.0037824650564646789,-0.0037973317022305386,-0.0071313396025997899
2023,282,0.1623766177545059,0.18022106752420186,0.24073773726337383,0.16028030577823224,0.17822582324844058,0.23608809189657903,0.16013150625517292,0.1780532934249599,0.23575579559448195,0.15851876038707907,0.17614392521574079,0.23316899569763858,-0.0020963119762736626,-0.001995244275761282,-0.0046496453667947968,-0.00014879952305932309,-0.00017252982348067714,-0.00033229630209707928,-0.0016127458680938456,-0.0019093682092191089,-0.0025867998968433781,-0.0022451114993329857,-0.0021677740992419592,-0.0049819416688918761,-0.0017615453911531687,-0.002081898032699786,-0.0029190961989404574,-0.0038578573674268313,-0.0040771423084610681,-0.0075687415657352541
2023,283,0.1605250455857169,0.17809565370372393,0.2400740281454283,0.1585956831713497,0.1764659082361156,0.23547391525444206,0.15856790500768861,0.17644518685328273,0.23543243087450941,0.15717451388823181,0.17482874194487708,0.23303784383379553,-0.0019293624143671972,-0.0016297454676083289,-0.0046001128909862465,-2.777816366109076e-05,-2.0721382832877833e-05,-4.1484379932649196e-05,-0.0013933911194567994,-0.0016164449084056509,-0.0023945870407138803,-0.001957140578028288,-0.0016504668504412068,-0.0046415972709188957,-0.0014211692831178901,-0.0016371662912385287,-0.0024360714206465295,-0.0033505316974850874,-0.0032669117588468577,-0.007036184311632776
2023,284,0.16192552295382462,0.17941154747944216,0.24068754775975204,0.1601532576089873,0.17775964279877418,0.23647059870928405,0.16007940665740594,0.17766068788488087,0.23634392116149477,0.15865997561553155,0.17605015467731996,0.2340135678570808,-0.0017722653448373205,-0.001651904680667976,-0.0042169490504679885,-7.3850951581355684e-05,-9.8954913893306573e-05,-0.00012667754778927787,-0.0014194310418743916,-0.0016105332075609102,-0.0023303533044139735,-0.0018461162964186761,-0.0017508595945612826,-0.0043436265982572664,-0.0014932819934557473,-0.0017094881214542168,-0.0024570308522032513,-0.0032655473382930678,-0.0033613928021221928,-0.0066739799026712399
2023,285,0.16107647185749499,0.17871053251533869,0.24019171231380898,0.15933297419363504,0.17724020418581396,0.23607009796671249,0.15930773423602429,0.17720238015956546,0.23598063673251538,0.15784547096923818,0.17564554534347471,0.23349556167324212,-0.0017434976638599498,-0.0014703283295247338,-0.0041216143470964861,-2.5239957610750929e-05,-3.7824026248495235e-05,-8.9461234197119044e-05,-0.0014622632667861124,-0.0015568348160907575,-0.0024850750592732562,-0.0017687376214707007,-0.001508152355773229,-0.0042110755812936052,-0.0014875032243968633,-0.0015946588423392527,-0.0025745362934703753,-0.0032310008882568131,-0.0030649871718639865,-0.0066961506405668614
2023,286,0.16256286909754902,0.18033746620783009,0.2408053589675998,0.16079396134383878,0.17866554532012097,0.23677669716608321,0.16083466427640036,0.17868080359768312,0.23677992371853138,0.15945747447449327,0.17729233768171448,0.23425072752495826,-0.0017689077537102471,-0.0016719208877091218,-0.004028661801516592,4.070293256158708e-05,1.5258277562157918e-05,3.2265524481656094e-06,-0.0013771898019070972,-0.0013884659159686397,-0.0025291961935731133,-0.00172820482114866,-0.0016566626101469639,-0.0040254352490684264,-0.0013364868693455101,-0.0013732076384064817,-0.0025259696411249477,-0.0031053946230557572,-0.0030451285261156036,-0.0065546314426415397
2023,287,0.16098850668056991,0.17910765854365998,0.24090223801065955,0.15868489426351631,0.17678107879543362,0.23618589440539364,0.15866929279202102,0.17677442747429836,0.23616453992623218,0.15718682841510045,0.17534489604790993,0.23324031072836376,-0.0023036124170535965,-0.002326579748226365,-0.0047163436052659047,-1.560147149529123e-05,-6.651321135253685e-06,-2.1354479161461715e-05,-0.001482464376920567,-0.0014295314263884362,-0.0029242291978684165,-0.0023192138885488878,-0.0023332310693616187,-0.0047376980844273664,-0.0014980658484158582,-0.0014361827475236899,-0.0029455836770298782,-0.0038016782654694548,-0.0037627624957500549,-0.0076619272822957829
2023,288,0.16016851033564314,0.17774762544847594,0.24033622067810456,0.15776641868477739,0.17543285212865323,0.23496765756317781,0.15768773845490727,0.17533915281749143,0.23481127120621356,0.15642554367233369,0.17389871721836564,0.23260153886269255,-0.0024020916508657453,-0.0023147733198227161,-0.0053685631149267554,-7.8680229870120577e-05,-9.3699311161793419e-05,-0.0001563863569642443,-0.0012621947825735835,-0.0014404355991257944,-0.0022097323435210092,-0.0024807718807358659,-0.0024084726309845095,-0.0055249494718909997,-0.0013408750124437041,-0.0015341349102875879,-0.0023661187004852535,-0.0037429666633094494,-0.0038489082301103039,-0.0077346818154120089
2023,289,0.16249346128423475,0.18036296696085491,0.24020156628931219,0.16056331417433517,0.17846161592946436,0.2358052136476701,0.16050146942079055,0.17838935008863102,0.23565237788726845,0.15894572090971557,0.17651694347374558,0.23307929952412459,-0.0019301471098995826,-0.0019013510313905524,-0.0043963526416420928,-6.1844753544620934e-05,-7.2265840833335426e-05,-0.00015283576040164837,-0.0015557485110749836,-0.0018724066148854412,-0.0025730783631438547,-0.0019919918634442035,-0.0019736168722238878,-0.0045491884020437412,-0.0016175932646196045,-0.0019446724557187767,-0.0027259141235455031,-0.0035477403745191871,-0.0038460234871093291,-0.0071222667651875959
2023,290,0.1602546579128947,0.17853553261983651,0.23983536003584305,0.15804869938384986,0.17646041760026973,0.23495552302119752,0.15797410765732198,0.17638409437039784,0.23482050791909648,0.15667692931411947,0.17484627485774298,0.23276452365843034,-0.0022059585290448436,-0.0020751150195667811,-0.0048798370146455328,-7.4591726527878377e-05,-7.6323229871888554e-05,-0.00013501510210103818,-0.0012971783432025041,-0.0015378195126548588,-0.0020559842606661383,-0.002280550255572722,-0.0021514382494386697,-0.0050148521167465709,-0.0013717700697303825,-0.0016141427425267474,-0.0021909993627671764,-0.0035777285987752261,-0.0036892577620935285,-0.0070708363774127092
2023,291,0.16132721676749867,0.17907925829280555,0.24037126509160953,0.15902000392778595,0.176755491368214,0.23581289796050509,0.1589529255792077,0.17667037370175373,0.23566285766152512,0.15758378493926364,0.17522390665418114,0.23339463026420662,-0.002307212839712719,-0.0023237669245915471,-0.0045583671311044405,-6.7078348578247793e-05,-8.5117666460271524e-05,-0.00015004029897996984,-0.0013691406399440609,-0.0014464670475725916,-0.0022682273973184952,-0.0023742911882909667,-0.0024088845910518186,-0.0047084074300844103,-0.0014362189885223087,-0.0015315847140328631,-0.0024182676962984651,-0.0037434318282350276,-0.0038553516386244102,-0.0069766348274029055
2023,292,0.16119481880319317,0.17914345165225201,0.24092301192646839,0.15903893454144305,0.17706061091426573,0.23647135727372584,0.15902289435009692,0.17701714009635675,0.23648305442352793,0.15786468101837337,0.17580797176812643,0.23442284881988842,-0.0021558842617501184,-0.0020828407379862857,-0.0044516546527425538,-1.604019134612833e-05,-4.3470817908980441e-05,1.1697149802092355e-05,-0.0011582133317235566,-0.0012091683282303145,-0.0020602056036395089,-0.0021719244530962467,-0.0021263115558952661,-0.0044399575029404614,-0.0011742535230696849,-0.0012526391461392949,-0.0020485084538374165,-0.0033301377848198033,-0.0033354798841255806,-0.0065001631065799703
2023,293,0.1616028288231855,0.17987619243591288,0.24012258213802057,0.15962081240591094,0.1780116775900959,0.23602927573270541,0.15951346613336176,0.17788710243967812,0.23588143128916769,0.15795478811630928,0.17622166977438203,0.23339725732226105,-0.0019820164172745514,-0.0018645148458169836,-0.0040933064053151613,-0.00010734627254918583,-0.00012457515041777723,-0.00014784444353771464,-0.0015586780170524783,-0.0016654326652960905,-0.0024841739669066443,-0.0020893626898237372,-0.0019890899962347608,-0.004241150848852876,-0.0016660242896016642,-0.0017900078157138677,-0.0026320184104443589,-0.0036480407068762155,-0.0036545226615308513,-0.0067253248157595202
2023,294,0.16027885240653181,0.17714127494288259,0.24009965338880326,0.15787736964876595,0.17474132687803057,0.23498786433380964,0.15776547019667092,0.17456841041906346,0.23483898391136543,0.15620236996507797,0.17286196756557959,0.23213597713151793,-0.0024014827577658604,-0.0023999480648520255,-0.0051117890549936262,-0.00011189945209502672,-0.0001729164589671095,-0.00014888042244420863,-0.001563100231592951,-0.0017064428534838694,-0.0027030067798474999,-0.0025133822098608871,-0.002572864523819135,-0.0052606694774378349,-0.0016749996836879777,-0.0018793593124509789,-0.0028518872022917086,-0.0040764824414538381,-0.0042793073773030044,-0.0079636762572853348
2023,295,0.16293177841479115,0.18136999863986827,0.24035640302348252,0.16099624238429783,0.17960021027196599,0.2359436775442896,0.16096219198695169,0.17956340087676151,0.23586573056661761,0.15986626008427818,0.17832535286395579,0.23411364160082862,-0.0019355360304933178,-0.0017697883679022863,-0.0044127254791929138,-3.4050397346135908e-05,-3.6809395204479012e-05,-7.7946977671994322e-05,-0.0010959319026735137,-0.0012380480128057203,-0.0017520889657889893,-0.0019695864278394537,-0.0018065977631067653,-0.0044906724568649081,-0.0011299823000196496,-0.0012748574080101993,-0.0018300359434609836,-0.0030655183305129674,-0.0030446457759124856,-0.0062427614226538974
2023,296,0.16136469546946752,0.17958844473403951,0.24084030665755421,0.15918939170674171,0.17761248589649037,0.23593088696428585,0.15915554149316402,0.17755911728127427,0.23582614915776517,0.15766875136616362,0.17585204470517291,0.23354075339744079,-0.0021753037627258165,-0.001975958837549141,-0.0049094196932683576,-3.3850213577685251e-05,-5.336861521609837e-05,-0.00010473780652067721,-0.001486790127000398,-0.001707072576101365,-0.0022853957603243824,-0.0022091539763035017,-0.0020293274527652394,-0.0050141574997890348,-0.0015206403405780833,-0.0017604411913174633,-0.0023901335668450596,-0.0036959441033038998,-0.0037364000288666044,-0.0072995532601134172
2023,297,0.1591725768876181,0.17602904038425993,0.23947963599540695,0.15686530322265552,0.1739382313907637,0.23438273149392239,0.15678914217380902,0.17383356685721538,0.23419262166870597,0.15536138030460386,0.1722924344625183,0.23145483522458374,-0.0023072736649625836,-0.0020908089934962293,-0.0050969045014845615,-7.6161048846501433e-05,-0.00010466453354832095,-0.00019010982521641684,-0.0014277618692051519,-0.0015411323946970812,-0.002737786444122231,-0.002383434713809085,-0.0021954735270445502,-0.0052870143267009784,-0.0015039229180516533,-0.0016457969282454021,-0.0029278962693386479,-0.0038111965830142369,-0.0037366059217416314,-0.0080248007708232094
2023,298,0.16032056556827176,0.17755415560097118,0.2399255713971529,0.15823059141574941,0.17552188394873994,0.23526158609779918,0.15813157282454124,0.17534268968943029,0.23514265192451242,0.15666027840617822,0.17371892857378574,0.23260031936302505,-0.0020899741525223503,-0.0020322716522312434,-0.0046639852993537179,-9.9018591208172024e-05,-0.00017919425930965072,-0.00011893417328676104,-0.0014712944183630228,-0.0016237611156445508,-0.0025423325614873649,-0.0021889927437305223,-0.0022114659115408941,-0.0047829194726404789,-0.0015703130095711948,-0.0018029553749542016,-0.0026612667347741259,-0.0036602871620935451,-0.0038352270271854449,-0.0073252520341278438
2023,299,0.16122613059483179,0.17982514762416876,0.24076243084470797,0.15918882506499177,0.1779193194421709,0.23628988863951347,0.15911081904963675,0.17780441960791049,0.23620589185716859,0.1578890381638976,0.17655899652561338,0.23401298662701253,-0.0020373055298400222,-0.0019058281819978595,-0.0044725422051944963,-7.8006015355014391e-05,-0.00011489983426041239,-8.3996782344886167e-05,-0.0012217808857391543,-0.0012454230822971091,-0.0021929052301560559,-0.0021153115451950366,-0.0020207280162582719,-0.0045565389875393825,-0.0012997869010941687,-0.0013603229165575215,-0.002276902012500942,-0.0033370924309341909,-0.003266151098555381,-0.0067494442176954383
2023,300,0.15931126306044194,0.17738548579744084,0.24003891702639529,0.15703024152693512,0.1754418646275081,0.23485576008481218,0.15700269951043699,0.17537272766568293,0.23482393302703686,0.15586484634577705,0.17408975830849174,0.23290539855018103,-0.0022810215335068162,-0.001943621169932741,-0.0051831569415831114,-2.7542016498127708e-05,-6.9136961825172483e-05,-3.1827057775324352e-05,-0.0011378531646599466,-0.0012829693571911882,-0.0019185344768558321,-0.002308563550004944,-0.0020127581317579135,-0.0052149839993584357,-0.0011653951811580743,-0.0013521063190163607,-0.0019503615346311565,-0.0034464167146648905,-0.0032957274889491017,-0.0071335184762142678
2023,301,0.16202687218227857,0.18049871632821723,0.24039281255179359,0.15969536157609496,0.17843523673881881,0.23505040112082121,0.15952292655557407,0.17822747125748686,0.23483897675947601,0.1580758800410535,0.17672273370330391,0.23247088146724429,-0.0023315106061836122,-0.0020634795893984259,-0.005342411430972388,-0.0001724350205208891,-0.00020776548133194517,-0.0002114243613451916,-0.0014470465145205724,-0.0015047375541829555,-0.0023680952922317255,-0.0025039456267045013,-0.0022712450707303711,-0.0055538357923175796,-0.0016194815350414615,-0.0017125030355149007,-0.0025795196535769171,-0.0039509921412250737,-0.0037759826249133266,-0.0079219310845493052
2023,302,0.16161736699006651,0.17998177414230265,0.24009036361193339,0.15946642605500977,0.17794095714587033,0.23516450929042679,0.15935490147487166,0.17780111738084731,0.23497964181508724,0.15803193127923959,0.17648392462275306,0.23256848947868752,-0.0021509409350567443,-0.0020408169964323264,-0.0049258543215066064,-0.00011152458013810596,-0.00013983976502301987,-0.00018486747533955072,-0.0013229701956320727,-0.0013171927580942489,-0.0024111523363997134,-0.0022624655151948503,-0.0021806567614553463,-0.0051107217968461571,-0.0014344947757701787,-0.0014570325231172687,-0.0025960198117392641,-0.003585435710826923,-0.0034978495195495951,-0.0075218741332458705
2023,303,0.15965514885565105,0.17716134955942006,0.23986814664920178,0.15769295905981573,0.17531981032857427,0.23546228203823694,0.15759939673393147,0.17523128922798134,0.23531056586628113,0.15641327746778871,0.17401068113826576,0.23313439244470505,-0.0019621897958353174,-0.0018415392308457901,-0.0044058646109648436,-9.3562325884255504e-05,-8.8521100592930946e-05,-0.00015171617195580689,-0.00118611926614276,-0.0012206080897155802,-0.0021761734215760831,-0.0020557521217195729,-0.001930060331438721,-0.0045575807829206505,-0.0012796815920270155,-0.0013091291903085112,-0.00232788959353189,-0.0032418713878623329,-0.0031506684211543012,-0.0067337542044967336
2023,304,0.16135728531789445,0.18001511578245522,0.24012709011458649,0.15915634839090662,0.17784947646096677,0.23535978504035426,0.15904750784260102,0.17772485070414074,0.23511184793223999,0.15774727284677229,0.1763419847447322,0.23276438585846462,-0.0022009369269878343,-0.002165639321488444,-0.0047673050742322309,-0.00010884054830559431,-0.00012462575682603561,-0.00024793710811427117,-0.0013002349958287363,-0.0013828659594085357,-0.0023474620737753693,-0.0023097774752934286,-0.0022902650783144796,-0.0050152421823465021,-0.0014090755441343306,-0.0015074917162345713,-0.0025953991818896405,-0.0036100124711221648,-0.0036731310377230153,-0.0073627042561218714
2023,305,0.16239421308494759,0.18041159607821991,0.24087969650101665,0.16003430462653895,0.17809164337385508,0.23581530415367222,0.15990535091552713,0.17789597298585941,0.23562169028375637,0.158391936283382,0.17627485029662496,0.23306758482485626,-0.0023599084584086383,-0.0023199527043648305,-0.0050643923473444319,-0.00012895371101181996,-0.00019567038799567227,-0.00019361386991584295,-0.0015134146321451325,-0.0016211226892344499,-0.0025541054589001133,-0.0024888621694204582,-0.0025156230923605027,-0.0052580062172602748,-0.0016423683431569525,-0.0018167930772301222,-0.0027477193288159563,-0.0040022768015655907,-0.0041367457815949527,-0.0078121116761603882
2023,306,0.16161518350076368,0.17972477759439837,0.24032731453286368,0.15956290427198994,0.17782757072666022,0.23583420138123509,0.15941800233982162,0.17760804189447429,0.23563337572642168,0.15817077320665204,0.17627901894650413,0.23346112966291493,-0.0020522792287737401,-0.0018972068677381437,-0.0044931131516285916,-0.00014490193216831759,-0.00021952883218592789,-0.00020082565481341352,-0.0012472291331695751,-0.0013290229479701599,-0.0021722460635067442,-0.0021971811609420577,-0.0021167356999240716,-0.0046939388064420051,-0.0013921310653378927,-0.0015485517801560877,-0.0023730717183201577,-0.0034444102941116328,-0.0034457586478942315,-0.0068661848699487493
2023,307,0.16127157993188515,0.17876522286714827,0.24002756258556016,0.15917752341391009,0.17682317390740629,0.23539778695561442,0.15911096684601211,0.17672063983697692,0.2352607205806361,0.15786324858382003,0.17536221133144414,0.23309647501533556,-0.0020940565179750625,-0.0019420489597419821,-0.0046297756299457371,-6.6556567897974039e-05,-0.00010253407042937202,-0.00013706637497831742,-0.0012477182621920824,-0.0013584285055327772,-0.0021642455653005377,-0.0021606130858730366,-0.0020445830301713541,-0.0047668420049240545,-0.0013142748300900564,-0.0014609625759621492,-0.0023013119402788551,-0.0034083313480651189,-0.0034030115357041313,-0.0069310875702245922
2023,308,0.16008806551933571,0.17686213282412333,0.24005113244811707,0.15804216166801913,0.1747904428521144,0.23589680943388844,0.15800634187027551,0.17473452084203658,0.23576641010989821,0.15660792503079388,0.17316608101317724,0.23342935678308743,-0.0020459038513165884,-0.0020716899720089332,-0.0041543230142286336,-3.5819797743613657e-05,-5.59220100778135e-05,-0.0001303993239902268,-0.0013984168394816365,-0.0015684398288593471,-0.0023370533268107785,-0.002081723649060202,-0.0021276119820867467,-0.0042847223382188604,-0.0014342366372252502,-0.0016243618389371606,-0.0024674526508010053,-0.0034801404885418386,-0.0036960518109460938,-0.0066217756650296389
2023,309,0.16169038851815154,0.17947237088690271,0.24006491620866141,0.15945266872719838,0.1775359483373406,0.23499883945170344,0.15928083435032506,0.17734021457504778,0.23470254769715984,0.15782776682395988,0.17583563320731205,0.23199146399103768,-0.0022377197909531632,-0.0019364225495621112,-0.0050660767569579712,-0.00017183437687331993,-0.00019573376229281569,-0.00029629175454359835,-0.001453067526365176,-0.0015045813677357356,-0.0027110837061221638,-0.0024095541678264831,-0.0021321563118549269,-0.0053623685115015696,-0.0016249019032384959,-0.0017003151300285513,-0.0030073754606657621,-0.0038626216941916591,-0.0036367376795906625,-0.0080734522176237333
2023,310,0.16229758074459724,0.18087465083138665,0.24051708419174833,0.1601892782403872,0.17898671856955581,0.23584943959395849,0.1600819807314634,0.17888629440618109,0.23558026205047275,0.15855219148645511,0.17716102018254487,0.23307431452194791,-0.0021083025042100412,-0.0018879322618308436,-0.004667644597789844,-0.00010729750892379819,-0.00010042416337471827,-0.00026917754348573797,-0.0015297892450082951,-0.0017252742236362195,-0.0025059475285248434,-0.0022156000131338394,-0.0019883564252055619,-0.0049368221412755819,-0.0016370867539320932,-0.0018256983870109378,-0.0027751250720105813,-0.0037453892581421344,-0.0037136306488417814,-0.0074427696698004253
2023,311,0.16104465805822887,0.17881448776375128,0.24059398149439976,0.15902934221285117,0.17693782324193696,0.23605786891074859,0.15899472935814588,0.17684004376276785,0.23609858230200409,0.15736758167956374,0.17497841370379105,0.23330236683731378,-0.002015315845377702,-0.0018766645218143141,-0.004536112583651164,-3.4612854705295959e-05,-9.7779479169113337e-05,4.0713391255497999e-05,-0.0016271476785821304,-0.0018616300589767987,-0.0027962154646903048,-0.002049928700082998,-0.0019744440009834274,-0.004495399192395666,-0.0016617605332874263,-0.001959409538145912,-0.0027555020734348068,-0.0036770763786651284,-0.0038360740599602261,-0.0072916146570859708
2023,312,0.16116316896175761,0.17908130597691863,0.24082028600906516,0.15870381883897416,0.17683518415018151,0.23571021366624517,0.15861243016842611,0.17671665218277999,0.23556385531047438,0.15725800641480536,0.17528738554762596,0.23320045668412873,-0.0024593501227834491,-0.002246121826737113,-0.0051100723428199879,-9.1388670548059325e-05,-0.00011853196740152505,-0.00014635835577078704,-0.0013544237536207426,-0.0014292666351540251,-0.0023633986263456586,-0.0025507387933315084,-0.0023646537941386381,-0.0052564306985907749,-0.001445812424168802,-0.0015477986025555501,-0.0025097569821164456,-0.0039051625469522511,-0.0037939204292926632,-0.0076198293249364335
2023,313,0.16127695555651431,0.17864961019294412,0.24045230349983923,0.1593732287078386,0.17677057629222004,0.23644840918255905,0.15935581365858728,0.17675087484909982,0.23635289008294977,0.15787700166395227,0.17514300122490215,0.23398889280993623,-0.0019037268486757075,-0.0018790339007240808,-0.0040038943172801822,-1.7415049251318093e-05,-1.9701443120218043e-05,-9.5519099609281399e-05,-0.0014788119946350098,-0.0016078736241976754,-0.002363997273013535,-0.0019211418979270256,-0.0018987353438442989,-0.0040994134168894636,-0.0014962270438863279,-0.0016275750673178935,-0.0024595163726228164,-0.0033999538925620354,-0.0035066089680419743,-0.0064634106899029986
2023,314,0.16182437818845224,0.18015981027051181,0.24096821572672444,0.1597461755563564,0.17811144388795866,0.23670303108685783,0.15966779926018021,0.17797186275296994,0.23659814378980115,0.15838672833771206,0.17667003449682522,0.2343463252267631,-0.0020782026320958491,-0.0020483663825531517,-0.0042651846398666093,-7.83762961761858e-05,-0.00013958113498871438,-0.00010488729705668276,-0.0012810709224681527,-0.0013018282561447214,-0.0022518185630380494,-0.0021565789282720349,-0.0021879475175418661,-0.0043700719369232921,-0.0013594472186443385,-0.0014414093911334358,-0.0023567058600947322,-0.0034376498507401876,-0.0034897757736865875,-0.0066218904999613415
2023,315,0.16277005364404581,0.18090921351087494,0.24107948007571045,0.16050269665136385,0.17859462883641655,0.23636663632187119,0.16045835814360621,0.17850243754426875,0.23628998439563034,0.15907106514469771,0.1770922760212312,0.23376740419921957,-0.0022673569926819626,-0.0023145846744583864,-0.0047128437538392631,-4.4338507757646362e-05,-9.2191292147797421e-05,-7.6651926240844936e-05,-0.0013872929989084959,-0.0014101615230375508,-0.002522580196410773,-0.0023116955004396089,-0.0024067759666061839,-0.0047894956800801081,-0.0014316315066661423,-0.0015023528151853482,-0.002599232122651618,-0.0036989884993481048,-0.0038169374896437347,-0.0073120758764908811
2023,316,0.16219586689445073,0.18002530350528628,0.24115790823428043,0.16022627642019971,0.17810080189797639,0.2368220336382475,0.16021967178866567,0.17805421348387893,0.23685964359179768,0.15900610107525215,0.1767512681281907,0.23456895455568405,-0.0019695904742510206,-0.0019245016073098919,-0.0043358745960329348,-6.6046315340406725e-06,-4.6588414097464836e-05,3.7609953550177266e-05,-0.0012135707134135199,-0.0013029453556882287,-0.0022906890361136245,-0.0019761951057850613,-0.0019710900214073568,-0.0042982646424827575,-0.0012201753449475605,-0.0013495337697856935,-0.0022530790825634472,-0.0031897658191985812,-0.0032740353770955855,-0.006588953678596382
2023,317,0.16197303230011842,0.17924696695477355,0.24091324664827579,0.15995863809336605,0.17728206450735629,0.23654650136216651,0.15993967737936196,0.17724325401817595,0.23653409629526465,0.15890090548696756,0.17605285059698789,0.23460337785323757,-0.0020143942067523679,-0.0019649024474172605,-0.0043667452861092804,-1.8960714004090384e-05,-3.8810489180335361e-05,-1.2405066901866046e-05,-0.0010387718923944023,-0.0011904034211880632,-0.0019307184420270795,-0.0020333549207564583,-0.0020037129365975959,-0.0043791503530111464,-0.0010577326063984926,-0.0012292139103683986,-0.0019431235089289456,-0.0030721268131508606,-0.0031941163577856591,-0.006309868795038226
2023,318,0.16102863588947611,0.1788730922048668,0.23983721835070604,0.15911222932120503,0.17704467923386086,0.23560869661434777,0.15904999911308029,0.17699109037846389,0.23542092560958294,0.15777833419534726,0.17556709708562146,0.23312170738394461,-0.0019164065682710785,-0.0018284129710059438,-0.004228521736358265,-6.2230208124736119e-05,-5.3588855396968782e-05,-0.00018777100476483066,-0.0012716649177330341,-0.0014239932928424293,-0.0022992182256383331,-0.0019786367763958146,-0.0018820018264029126,-0.0044162927411230957,-0.0013338951258577703,-0.001477582148239398,-0.0024869892304031638,-0.0032503016941288487,-0.0033059951192453418,-0.0067155109667614288
2023,319,0.16274794072574797,0.1804251218117407,0.23979506706690626,0.16082546290847283,0.17878729234099172,0.2351515023894141,0.16071335201184872,0.17863394703491223,0.23495640983207425,0.15910358208312902,0.17674304136355654,0.23258676805200584,-0.0019224778172751422,-0.0016378294707489749,-0.0046435646774921624,-0.00011211089662410689,-0.00015334530607949426,-0.00019509255733984876,-0.0016097699287196954,-0.0018909056713556915,-0.0023696417800684044,-0.0020345887138992491,-0.0017911747768284692,-0.0048386572348320112,-0.0017218808253438023,-0.0020442509774351858,-0.0025647343374082532,-0.0036443586426189445,-0.0036820804481841607,-0.0072082990149004156
2023,320,0.16133398996060838,0.17913705456153586,0.24016238536486281,0.15934742156309217,0.17719117383895519,0.23570250028415535,0.1592540884559735,0.17706688501541526,0.23559782547991689,0.15809787958495919,0.17595210074883022,0.23316811880816149,-0.0019865683975162085,-0.0019458807225806729,-0.0044598850807074653,-9.333310711867604e-05,-0.00012428882353993087,-0.00010467480423845266,-0.0011562088710143081,-0.0011147842665850394,-0.002429706671755405,-0.0020799015046348845,-0.0020701695461206038,-0.0045645598849459179,-0.0012495419781329842,-0.0012390730901249702,-0.0025343814759938577,-0.0032361103756491927,-0.0031849538127056432,-0.0069942665567013229
2023,321,0.16143444626181755,0.17828831356051572,0.24092792540165608,0.15926064330014705,0.17642944009260003,0.23595300845924841,0.15909177996107718,0.17622460185638419,0.23570597659703296,0.15748309973199548,0.17440811413831436,0.23303991678574243,-0.0021738029616704957,-0.0018588734679156893,-0.0049749169424076756,-0.00016886333906987461,-0.00020483823621583741,-0.0002470318622154466,-0.0016086802290816993,-0.0018164877180698313,-0.0026660598112905332,-0.0023426663007403703,-0.0020637117041315267,-0.0052219488046231222,-0.0017775435681515739,-0.0020213259542856687,-0.0029130916735059798,-0.0039513465298220696,-0.0038801994222013581,-0.0078880086159136553
2023,322,0.1630663308205606,0.18083492367757062,0.24070557086509561,0.16086246468475765,0.17878737950943688,0.23580707963384953,0.16075461486187595,0.17863732626092491,0.23561190541037177,0.15948566872480258,0.17726958816520388,0.23338674968786538,-0.002203866135802951,-0.0020475441681337414,-0.0048984912312460827,-0.00010784982288170042,-0.0001500532485119721,-0.00019517422347775648,-0.0012689461370733734,-0.0013677380957210217,-0.0022251557225063945,-0.0023117159586846514,-0.0021975974166457135,-0.0050936654547238391,-0.0013767959599550739,-0.0015177913442329938,-0.002420329945984151,-0.0035806620957580249,-0.0035653355123667352,-0.0073188211772302336
2023,323,0.16171713821043371,0.17941007070719983,0.24057342414620816,0.15988440900759657,0.17773396995270774,0.23624157471914242,0.15986352809853643,0.17771610803957891,0.23620340628002234,0.1584749969308272,0.17611586457608741,0.23373858992252988,-0.0018327292028371411,-0.0016761007544920936,-0.0043318494270657426,-2.0880909060133623e-05,-1.7861913128830453e-05,-3.8168439120078723e-05,-0.0013885311677092338,-0.0016002434634914964,-0.0024648163574924609,-0.0018536101118972748,-0.0016939626676209241,-0.0043700178661858213,-0.0014094120767693674,-0.0016181053766203268,-0.0025029847966125396,-0.0032421412796065086,-0.0032942061311124204,-0.0068348342236782822
2023,324,0.1622712182041281,0.1811817988669199,0.24067856495589393,0.15996194583675746,0.1788982891168012,0.23596208279646361,0.1598646632130353,0.1787403328918106,0.23579193631743067,0.15845064256724808,0.17715538428074362,0.23330364599766043,-0.002309272367370635,-0.0022835097501187063,-0.0047164821594303241,-9.7282623722161343e-05,-0.00015795622499059636,-0.00017014647903293434,-0.0014140206457872173,-0.0015849486110669775,-0.0024882903197702422,-0.0024065549910927964,-0.0024414659751093026,-0.0048866286384632585,-0.0015113032695093787,-0.0017429048360575738,-0.0026584367988031765,-0.0038205756368800137,-0.0040264145861762801,-0.0073749189582335006
2023,325,0.16041647240103535,0.17785025043975236,0.24011155660792904,0.15824562887904664,0.17567761201184834,0.23565498336317173,0.15812955540353377,0.17550411568505758,0.23549169473927561,0.15649886785334791,0.17370151174381385,0.23280881902938377,-0.0021708435219887079,-0.0021726384279040223,-0.004456573244757317,-0.00011607347551287339,-0.00017349632679075633,-0.00016328862389611287,-0.0016306875501858609,-0.0018026039412437356,-0.002682875709891841,-0.0022869169975015813,-0.0023461347546947786,-0.0046198618686534298,-0.0017467610256987343,-0.0019761002680344919,-0.0028461643337879539,-0.0039176045476874422,-0.0041487386959385142,-0.0073027375785452708
2023,326,0.161872015989169,0.1804401345200459,0.24053769263664224,0.15991560331629923,0.17849538148265684,0.23639922866448734,0.15982572444097762,0.17835699449260836,0.23621950558294288,0.1584188426276068,0.17685957905172991,0.23404388679339522,-0.0019564126728697784,-0.0019447530373890576,-0.0041384639721548933,-8.9878875321608431e-05,-0.00013838699004847799,-0.00017972308154445837,-0.0014068818133708139,-0.0014974154408784468,-0.0021756187895476675,-0.0020462915481913868,-0.0020831400274375356,-0.0043181870536993516,-0.0014967606886924223,-0.0016358024309269248,-0.0023553418710921259,-0.0034531733615622007,-0.0035805554683159824,-0.0064938058432470191
2023,327,0.16171787770414792,0.17871404204308652,0.24025136656067089,0.15965153106651461,0.17670279815149811,0.23556463587501458,0.15960798117240771,0.17664451845409854,0.23547932564769733,0.15819573836137893,0.17515282527889095,0.23297545911918546,-0.002066346637633304,-0.0020112438915884101,-0.0046867306856563096,-4.3549894106903464e-05,-5.8279697399576946e-05,-8.5310227317253462e-05,-0.0014122428110287799,-0.0014916931752075868,-0.0025038665285118666,-0.0021098965317402074,-0.0020695235889879871,-0.004772040912973563,-0.0014557927051356834,-0.0015499728726071638,-0.0025891767558291201,-0.0035221393427689873,-0.0035612167641955739,-0.0072759074414854297
2023,328,0.16063681961505219,0.17767688697340811,0.23976672905136007,0.15864833356464206,0.17568900883243255,0.23529923057623697,0.15862140015293144,0.17564922877849251,0.23524239910081632,0.15756715027548707,0.17457340286344927,0.23334543593437171,-0.001988486050410132,-0.001987878140975563,-0.0044674984751230939,-2.6933411710616806e-05,-3.9780053940036142e-05,-5.6831475420654476e-05,-0.0010542498774443743,-0.0010758259150432381,-0.0018969631664446096,-0.0020154194621207489,-0.0020276581949155992,-0.0045243299505437484,-0.0010811832891549911,-0.0011156059689832742,-0.0019537946418652641,-0.0030696693395651231,-0.0031034841099588373,-0.006421293116988358
2023,329,0.16101507426020548,0.17753241634199418,0.23976153996792643,0.15904388370306627,0.17579376839882441,0.23538702478126636,0.15894276787086203,0.17563871513830889,0.23520934863550069,0.15741827460155811,0.17406398722088631,0.23234695520298501,-0.0019711905571392074,-0.0017386479431697743,-0.0043745151866600718,-0.00010111583220423492,-0.00015505326051551416,-0.00017767614576566504,-0.0015244932693039281,-0.0015747279174225803,-0.0028623934325156808,-0.0020723063893434424,-0.0018937012036852885,-0.0045521913324257368,-0.0016256091015081631,-0.0017297811779380945,-0.0030400695782813458,-0.0035967996586473705,-0.0034684291211078688,-0.0074145847649414176
2023,330,0.16159136252665884,0.1791081108542836,0.24058745945861754,0.15942196733436007,0.17697555799384013,0.23617343808120497,0.15936811477620377,0.17688978277353237,0.23605253390026387,0.15830396697185634,0.17578949731928603,0.23416831471065588,-0.0021693951922987786,-0.0021325528604434763,-0.0044140213774125636,-5.3852558156292085e-05,-8.5775220307754418e-05,-0.00012090418094110045,-0.0010641478043474373,-0.0011002854542463414,-0.0018842191896079885,-0.0022232477504550707,-0.0022183280807512307,-0.0045349255583536641,-0.0011180003625037294,-0.0011860606745540958,-0.002005123370549089,-0.003287395554802508,-0.0033186135349975721,-0.0064191447479616526
2023,331,0.16166779473016338,0.17953961709298075,0.24050803588232894,0.15935580260199569,0.17741458142201708,0.23532888203796568,0.15925556834718513,0.17728394742347262,0.23513935594005983,0.15824738473449235,0.17619191911550025,0.2332651755925991,-0.0023119921281676836,-0.0021250356709636709,-0.0051791538443632656,-0.00010023425481056614,-0.00013063399854446045,-0.00018952609790584551,-0.0010081836126927812,-0.0010920283079723647,-0.0018741803474607299,-0.0024122263829782498,-0.0022556696695081313,-0.0053686799422691112,-0.0011084178675033474,-0.0012226623065168252,-0.0020637064453665754,-0.003420409995671031,-0.003347697977480496,-0.0072428602897298411
2023,332,0.16046834199673624,0.17847916607734798,0.24012076346344408,0.15800139455634163,0.1760943394332356,0.23463403337258323,0.15791007484420372,0.17599367209037969,0.23442539933073772,0.15630692957072842,0.17430790882845718,0.23165564877334696,-0.0024669474403946068,-0.0023848266441123811,-0.0054867300908608418,-9.1319712137910569e-05,-0.00010066734285590906,-0.00020863404184551237,-0.0016031452734752982,-0.0016857632619225182,-0.0027697505573907599,-0.0025582671525325174,-0.0024854939869682902,-0.0056953641327063542,-0.0016944649856132088,-0.0017864306047784273,-0.0029783845992362723,-0.0041614124260078156,-0.0041712572488908084,-0.0084651146900971141
2023,333,0.15878039065319149,0.17596211143401724,0.23970663568868952,0.15680025048118457,0.17414336472806957,0.23539748908093408,0.15667030533876269,0.17400827656567844,0.23518640912659564,0.15573514646573078,0.17303572807824871,0.23365667938061732,-0.0019801401720069278,-0.0018187467059476714,-0.004309146607755443,-0.00012994514242187227,-0.00013508816239113375,-0.00021107995433844451,-0.00093515887303191603,-0.00097254848742972522,-0.0015297297459783143,-0.0021100853144288001,-0.0019538348683388052,-0.0045202265620938875,-0.0010651040154537883,-0.001107636649820859,-0.0017408097003167589,-0.0030452441874607161,-0.0029263833557685304,-0.0060499563080722019
2023,334,0.16121305738202923,0.17916607966999151,0.23990050202525104,0.15910178076489545,0.17723408319324194,0.23491196096759209,0.15902195993046256,0.17715873915881186,0.23471414718778399,0.15781051758627698,0.1759243745148707,0.23261198881192713,-0.0021112766171337838,-0.0019319964767495756,-0.0049885410576589462,-7.9820834432892118e-05,-7.5344034430074869e-05,-0.00019781377980809811,-0.0012114423441855759,-0.001234364643941166,-0.0021021583758568663,-0.0021910974515666759,-0.0020073405111796505,-0.0051863548374670443,-0.0012912631786184681,-0.0013097086783712408,-0.0022999721556649644,-0.0034025397957522518,-0.0032417051551208165,-0.0072885132133239106
2023,335,0.16120506439017407,0.17887617319304958,0.24045015323826674,0.15910461003964479,0.17684896521949281,0.23579518837236527,0.15900558810316467,0.17675674032169902,0.23555949537914739,0.15752310809494677,0.17508221974651869,0.23332124113585237,-0.0021004543505292739,-0.0020272079735567661,-0.0046549648659014731,-9.9021936480120365e-05,-9.2224897793785621e-05,-0.00023569299321787862,-0.0014824800082179068,-0.0016745205751803327,-0.0022382542432950181,-0.0021994762870093942,-0.0021194328713505517,-0.0048906578591193517,-0.0015815019446980272,-0.0017667454729741183,-0.0024739472365128967,-0.0036819562952273011,-0.0037939534465308844,-0.0071289121024143698
2023,336,0.16317715019500431,0.18095742007161128,0.24108143382372652,0.16106824045697535,0.17893033780936057,0.23626792035553743,0.16103974787807757,0.17889193000451928,0.23617346265531663,0.15978630973372107,0.17748656505438265,0.23410901241323362,-0.0021089097380289634,-0.0020270822622507068,-0.0048135134681890901,-2.8492578897781895e-05,-3.8407804841295023e-05,-9.4457700220790253e-05,-0.0012534381443564946,-0.0014053649501366283,-0.0020644502420830158,-0.0021374023169267453,-0.0020654900670920018,-0.0049079711684098803,-0.0012819307232542765,-0.0014437727549779233,-0.002158907942303806,-0.0033908404612832399,-0.0034708550172286301,-0.0069724214104928961
2023,337,0.16136689733345938,0.1795208689520085,0.2407749854191748,0.15935924641607638,0.17760984339372771,0.23609216942098599,0.15923196877799969,0.17742777813356894,0.2359496832937224,0.15772474365901137,0.17577531965884377,0.23335138201094172,-0.0020076509173830026,-0.0019110255582807933,-0.0046828159981888162,-0.0001272776380766838,-0.00018206526015876467,-0.00014248612726358578,-0.0015072251189883201,-0.0016524584747251714,-0.0025983012827806851,-0.0021349285554596864,-0.002093090818439558,-0.004825302125452402,-0.0016345027570650039,-0.0018345237348839361,-0.0027407874100442708,-0.0036421536744480065,-0.0037455492931647294,-0.0074236034082330871
2023,338,0.1626366601055938,0.17993099794127537,0.24107849218155242,0.16051042505356458,0.17790873192788734,0.23654947473760446,0.16043670623928194,0.17781470640252497,0.23640211345211323,0.15936177679945265,0.17660153145397792,0.23456771598849124,-0.0021262350520292184,-0.0020222660133880355,-0.004529017443947958,-7.3718814282641709e-05,-9.4025525362362306e-05,-0.00014736128549122651,-0.0010749294398292863,-0.0012131749485470578,-0.0018343974636219895,-0.0021999538663118601,-0.0021162915387503978,-0.0046763787294391845,-0.0011486482541119281,-0.0013072004739094201,-0.001981758749113216,-0.0032748833061411464,-0.0033294664872974555,-0.0065107761930611741
2023,339,0.16048446988209231,0.17846214873411279,0.24007298184334458,0.15807008702317527,0.17603801464880017,0.23520578410318124,0.15794388463702005,0.17584485328860458,0.23508172784527218,0.15631585317781863,0.17404343350282442,0.23220078958509635,-0.0024143828589170413,-0.0024241340853126125,-0.0048671977401633371,-0.00012620238615521084,-0.00019316136019559282,-0.00012405625790906649,-0.0016280314592014289,-0.0018014197857801617,-0.0028809382601758249,-0.0025405852450722521,-0.0026172954455082054,-0.0049912539980724036,-0.0017542338453566397,-0.0019945811459757545,-0.0030049945180848914,-0.004168616704273681,-0.0044187152312883671,-0.0078721922582482284
2023,340,0.1606469888106058,0.17737610115021851,0.24019557357314389,0.15863171505943927,0.17531910257528718,0.23580498128761831,0.15857106395117201,0.17521701797464675,0.23576681565795546,0.15745112889399998,0.17398178295336564,0.23376486194897753,-0.0020152737511665297,-0.0020569985749313291,-0.0043905922855255741,-6.0651108267251175e-05,-0.00010208460064042857,-3.8165629662856304e-05,-0.0011199350571720335,-0.001235235021281117,-0.0020019537089779327,-0.0020759248594337809,-0.0021590831755717577,-0.0044287579151884304,-0.0011805861654392846,-0.0013373196219215455,-0.002040119338640789,-0.0031958599166058144,-0.0033943181968528746,-0.0064307116241663631
2023,341,0.16024751320856107,0.17788987532728656,0.23995885897531022,0.15789994960240342,0.17581531688079363,0.23483101973632076,0.15781513613521525,0.17568839048657173,0.23461440858542118,0.1565265852222826,0.17425997218602804,0.23248840221368636,-0.0023475636061576488,-0.0020745584464929301,-0.0051278392389894623,-8.4813467188166181e-05,-0.00012692639422190455,-0.00021661115089957605,-0.0012885509129326456,-0.0014284183005436879,-0.0021260063717348232,-0.002432377073345815,-0.0022014848407148346,-0.0053444503898890383,-0.0013733643801208117,-0.0015553446947655925,-0.0023426175226343993,-0.0037209279862784606,-0.0036299031412585225,-0.0074704567616238615
2023,342,0.16180912759666813,0.18062088727335912,0.24015465201815439,0.15970949510117879,0.17864843794308088,0.23561980392330856,0.15963328964873585,0.17854528061707084,0.23545924108181324,0.15820699789393047,0.17701098355819234,0.2329498146642584,-0.0020996324954893342,-0.0019724493302782364,-0.0045348480948458336,-7.620545244294008e-05,-0.0001031573260100449,-0.00016056284149532085,-0.0014262917548053811,-0.0015342970588785032,-0.0025094264175548331,-0.0021758379479322743,-0.0020756066562882813,-0.0046954109363411545,-0.0015024972072483211,-0.0016374543848885481,-0.0026699892590501539,-0.0036021297027376553,-0.0036099037151667845,-0.0072048373538959876
2023,343,0.16157016920048731,0.17970197324022791,0.24049941542179681,0.15938363601558408,0.17751446048879596,0.23592878160837574,0.15931609961819354,0.17744722496283338,0.23577539864572422,0.15790470098077752,0.17595244218159084,0.2333392483667317,-0.0021865331849032221,-0.002187512751431947,-0.0045706338134210711,-6.7536397390544067e-05,-6.7235525962577869e-05,-0.00015338296265152151,-0.001411398637416017,-0.0014947827812425429,-0.0024361502789925216,-0.0022540695822937662,-0.0022547482773945249,-0.0047240167760725926,-0.0014789350348065611,-0.0015620183072051208,-0.0025895332416440431,-0.0036654682197097832,-0.0037495310586370678,-0.0071601670550651142
2023,344,0.16210293687691379,0.18036231204272518,0.24073097485051315,0.16031617010745922,0.17861748495140359,0.23689502773557503,0.16022231594645464,0.17851785392875988,0.23669768705918354,0.15863124467184497,0.17670267523065203,0.23401807586966317,-0.0017867667694545786,-0.0017448270913215935,-0.0038359471149381208,-9.385416100457511e-05,-9.9631022643709155e-05,-0.00019734067639148867,-0.0015910712746096678,-0.0018151786981078499,-0.00267961118952037,-0.0018806209304591537,-0.0018444581139653027,-0.0040332877913296095,-0.0016849254356142429,-0.0019148097207515591,-0.0028769518659118587,-0.0034716922050688215,-0.0036596368120731526,-0.0067128989808499795
2023,345,0.16126231882267369,0.17908592727168557,0.24079434858385174,0.15887453412789729,0.17663284540192831,0.23586966974614026,0.15878590594350975,0.17651927350585131,0.23572765332338147,0.15767748773771995,0.17542832999767796,0.23369921330980634,-0.002387784694776407,-0.0024530818697572621,-0.0049246788377114714,-8.8628184387540276e-05,-0.00011357189607699714,-0.000142016422758795,-0.0011084182057898018,-0.0010909435081733476,-0.0020284400135751335,-0.0024764128791639473,-0.0025666537658342592,-0.0050666952604702664,-0.001197046390177342,-0.0012045154042503448,-0.0021704564363339285,-0.003584831084953749,-0.0036575972740076068,-0.0070951352740453999
2023,346,0.16199663023626309,0.18021848704077287,0.2404136511817084,0.15991765264961522,0.17822692774697488,0.23597110241216657,0.15978261672950286,0.17803129362025882,0.23576763843574006,0.15834661027296915,0.17654540959647841,0.23326652840843995,-0.0020789775866478788,-0.0019915592937979898,-0.0044425487695418375,-0.00013503592011235299,-0.0001956341267160544,-0.00020346397642651004,-0.0014360064565337172,-0.001485884023780415,-0.0025011100273001075,-0.0022140135067602318,-0.0021871934205140442,-0.0046460127459683476,-0.0015710423766460702,-0.0016815181504964694,-0.0027045740037266175,-0.003650019963293949,-0.0036730774442944591,-0.007147122773268455
2023,347,0.16077414742979632,0.17785526296594306,0.24041517451066752,0.15852800227001768,0.17587277067487933,0.23519336218016687,0.15843098934798325,0.17577193302806954,0.23503518230569045,0.15693122239211221,0.17413213045318893,0.23222735931175506,-0.0022461451597786397,-0.001982492291063731,-0.005221812330500647,-9.7012922034428462e-05,-0.00010083764680979268,-0.00015817987447641624,-0.0014997669558710347,-0.0016398025748806111,-0.0028078229939353938,-0.0023431580818130682,-0.0020833299378735237,-0.0053799922049770632,-0.0015967798779054632,-0.0017406402216904038,-0.00296600286841181,-0.0038429250376841029,-0.0037231325127541348,-0.008187815198912457
2023,348,0.16173601438962326,0.1793931601459646,0.24057410949509414,0.15959523477557869,0.17719932003607369,0.23624625577838962,0.15950261779464328,0.17707663450791852,0.23607327935868191,0.15785176917367386,0.1752534259117034,0.23313747903317797,-0.0021407796140445745,-0.0021938401098909044,-0.0043278537167045217,-9.2616980935406046e-05,-0.00012268552815516975,-0.00017297641970770439,-0.0016508486209694251,-0.0018232085962151257,-0.0029358003255039455,-0.0022333965949799806,-0.0023165256380460741,-0.0045008301364122261,-0.0017434656019048311,-0.0019458941243702954,-0.0031087767452116499,-0.0038842452159494056,-0.0041397342342611998,-0.0074366304619161716
2023,349,0.15901837197511218,0.17570930491438991,0.23965458333391221,0.15680633807210917,0.17369420495191118,0.2347831715723773,0.15672308648431751,0.17355600183257822,0.23469834322797672,0.15538871265419074,0.17194624468115829,0.23243225094946871,-0.0022120339030030078,-0.002015099962478728,-0.0048714117615349106,-8.3251587791655091e-05,-0.00013820311933296359,-8.4828344400572631e-05,-0.0013343738301267727,-0.0016097571514199216,-0.0022660922785080195,-0.0022952854907946629,-0.0021533030818116916,-0.0049562401059354833,-0.0014176254179184278,-0.0017479602707528852,-0.0023509206229085922,-0.0036296593209214356,-0.0037630602332316132,-0.0072223323844435028
2023,350,0.16122702696455732,0.17778978066628673,0.24032391453834823,0.15883385715525505,0.17548579384519897,0.23540757882367916,0.15888931064203979,0.17554976693109564,0.23541797363085493,0.15773921889973591,0.17428619932508685,0.23337216081031076,-0.0023931698093022646,-0.0023039868210877612,-0.0049163357146690678,5.5453486784734496e-05,6.3973085896673609e-05,1.0394807175767573e-05,-0.001150091742303877,-0.0012635676060087919,-0.0020458128205441684,-0.0023377163225175301,-0.0022400137351910876,-0.0049059409074933003,-0.0010946382555191425,-0.0011995945201121183,-0.0020354180133684008,-0.0034878080648214072,-0.0035035813411998795,-0.0069517537280374686
2023,351,0.16074682261976742,0.17845265161659102,0.24022148603006852,0.15863888052663999,0.17654513227299898,0.23547237643408028,0.15857862482171498,0.17643325092413617,0.235384098401617,0.15719988663179824,0.17502222114963933,0.23294492641632789,-0.002107942093127424,-0.0019075193435920401,-0.0047491095959882323,-6.0255704925016307e-05,-0.00011188134886280787,-8.8278032463279255e-05,-0.0013787381899167395,-0.0014110297744968359,-0.002439171985289118,-0.0021681977980524403,-0.002019400692454848,-0.0048373876284515116,-0.0014389938948417558,-0.0015229111233596437,-0.0025274500177523973,-0.0035469359879691797,-0.0034304304669516839,-0.0072765596137406297
2023,352,0.16058206368618169,0.17821718608596421,0.24007040750646044,0.15837761555690719,0.17623862004201388,0.23512523549192418,0.15833989194018291,0.17615334839277377,0.23506118956003225,0.15702265633909193,0.17459168750240206,0.23284971594032622,-0.0022044481292745055,-0.0019785660439503305,-0.0049451720145362588,-3.7723616724272269e-05,-8.5271649240103997e-05,-6.4045931891937302e-05,-0.0013172356010909825,-0.0015616608903717133,-0.0022114736197060281,-0.0022421717459987778,-0.0020638376931904345,-0.0050092179464281961,-0.0013549592178152547,-0.0016469325396118173,-0.0022755195515979654,-0.0035594073470897603,-0.0036254985835621478,-0.0072206915661342241
2023,353,0.15967699111785555,0.17704293412948424,0.23988052387981981,0.15743235862543711,0.17485839180226515,0.23514622728712375,0.15731418204155123,0.17471694313370786,0.23498977347312866,0.15558788894664768,0.17275397741107321,0.23224277145025857,-0.0022446324924184358,-0.0021845423272190967,-0.0047342965926960578,-0.0001181765838858817,-0.00014144866855728133,-0.00015645381399509439,-0.0017262930949035471,-0.0019629657226346575,-0.0027470020228700931,-0.0023628090763043175,-0.002325990995776378,-0.0048907504066911522,-0.0018444696787894288,-0.0021044143911919388,-0.0029034558368651875,-0.0040891021712078646,-0.0042889567184110355,-0.0076377524295612453
2023,354,0.16142899024801252,0.17966639123322023,0.24041618373483545,0.15970113917523557,0.17805089734077464,0.23648394928614105,0.15966818117020215,0.17799579588364126,0.23637687152767223,0.15856135994107376,0.17682751058513613,0.23445847550080262,-0.0017278510727769536,-0.0016154938924455853,-0.0039322344486943939,-3.2958005033417725e-05,-5.5101457133388543e-05,-0.0001070777584688265,-0.0011068212291283908,-0.0011682852985051284,-0.0019183960268696065,-0.0017608090778103713,-0.0016705953495789738,-0.0040393122071632204,-0.0011397792341618085,-0.001223386755638517,-0.002025473785338433,-0.0028676303069387621,-0.0028388806480841022,-0.0059577082340328269
2023,355,0.16070129740880973,0.17852511148515962,0.24032070647312537,0.15856872809637002,0.17652399928836374,0.2356326965889787,0.15843596585220049,0.17638005745680677,0.23534979938735268,0.15685238516683533,0.17469556386055674,0.23272888399632041,-0.0021325693124397138,-0.0020011121967958845,-0.0046880098841466655,-0.00013276224416952642,-0.00014394183155697071,-0.00028289720162602561,-0.0015835806853651546,-0.0016844935962500307,-0.0026209153910322636,-0.0022653315566092402,-0.0021450540283528552,-0.0049709070857726911,-0.001716342929534681,-0.0018284354278070014,-0.0029038125926582892,-0.0038489122419743949,-0.0038295476246028859,-0.0075918224768049547
2023,356,0.16278668535163637,0.180729933833047,0.24094649495067658,0.16069368663221303,0.17864278420756491,0.23629131515086904,0.1604677688466162,0.17836310189908289,0.23585649151211374,0.15875475252292964,0.17647366240079923,0.23273427032949959,-0.002092998719423339,-0.0020871496254820932,-0.004655179799807535,-0.00022591778559682973,-0.00027968230848202102,-0.0004348236387552995,-0.0017130163236865614,-0.0018894394982836571,-0.0031222211826141544,-0.0023189165050201688,-0.0023668319339641142,-0.0050900034385628345,-0.0019389341092833912,-0.0021691218067656781,-0.0035570448213694539,-0.0040319328287067302,-0.0042562714322477713,-0.0082122246211769889
2023,357,0.16186977815702994,0.18043594295735899,0.24038649049269611,0.15993918189807985,0.17863735558396956,0.23593911287660951,0.15987311789879813,0.17855076181650545,0.23573783888981586,0.15859331662642065,0.17702582993528115,0.23369481927479732,-0.0019305962589500902,-0.0017985873733894209,-0.0044473776160866008,-6.6063999281718022e-05,-8.6593767464115956e-05,-0.00020127398679364861,-0.0012798012723774788,-0.0015249318812242951,-0.0020430196150185431,-0.0019966602582318083,-0.0018851811408535368,-0.0046486516028802494,-0.0013458652716591968,-0.0016115256486884111,-0.0022442936018121917,-0.003276461530609287,-0.003410113022077832,-0.0066916712178987925
2023,358,0.16398593733529701,0.18197434985176394,0.24097829005742455,0.16188550533250837,0.18003708407499083,0.23638235107288494,0.16189846719195625,0.18005564593637591,0.23638509207080577,0.16062228231043135,0.17874620127306098,0.23396229717487912,-0.0021004320027886436,-0.0019372657767731116,-0.0045959389845396104,1.2961859447879753e-05,1.8561861385074652e-05,2.7409979208303792e-06,-0.0012761848815248944,-0.0013094446633149237,-0.0024227948959266443,-0.0020874701433407639,-0.001918703915388037,-0.00459319798661878,-0.0012632230220770146,-0.0012908828019298491,-0.0024200538980058139,-0.0033636550248656583,-0.0032281485787029607,-0.0070159928825454243
2023,359,0.1598102304749785,0.17705467648421655,0.23982430615812675,0.15775681013604168,0.17520266047418473,0.23532244162834051,0.15775577431854396,0.17521683232770111,0.23527613227248748,0.15634275670092718,0.17364749854551134,0.23281841330701661,-0.0020534203389368233,-0.0018520160100318206,-0.004501864529786237,-1.0358174977187495e-06,1.4171853516375954e-05,-4.6309355853035861e-05,-0.0014130176176167797,-0.0015693337821897635,-0.0024577189654708675,-0.002054456156434542,-0.0018378441565154446,-0.0045481738856392728,-0.0014140534351144984,-0.0015551619286733875,-0.0025040283213239034,-0.0034674737740513217,-0.0034071779387052081,-0.0070058928511101404
2023,360,0.16077638985038736,0.17884464146529636,0.24024564703422599,0.15844473753866462,0.17659169713913062,0.23532859826806632,0.15831974439263091,0.17645155851311076,0.23511732836108765,0.15684201274670334,0.17471726239787572,0.23253371918559293,-0.0023316523117227483,-0.00225294432616574,-0.0049170487661596707,-0.00012499314603370282,-0.00014013862601985894,-0.00021126990697867276,-0.0014777316459275713,-0.00173429611523504,-0.0025836091754947166,-0.0024566454577564512,-0.002393082952185599,-0.0051283186731383434,-0.0016027247919612742,-0.001874434741254899,-0.0027948790824733893,-0.0039343771036840225,-0.004127379067420639,-0.00771192784863306
2023,361,0.16119871639278657,0.1792190694626899,0.24009462848557114,0.15908879093049558,0.17727253607654528,0.235627416726789,0.15900288584598213,0.17718041969069098,0.23551050051340047,0.1576260815890102,0.17578619813115606,0.2330521661101661,-0.0021099254622909958,-0.0019465333861446166,-0.0044672117587821469,-8.5905084513449026e-05,-9.2116385854296157e-05,-0.00011691621338852376,-0.0013768042569719252,-0.0013942215595349194,-0.002458334403234369,-0.0021958305468044448,-0.0020386497719989127,-0.0045841279721706707,-0.0014627093414853742,-0.0014863379453892156,-0.0025752506166228928,-0.00357263480377637,-0.0034328713315338322,-0.0070424623754050397
2023,362,0.1598549677710196,0.17763863653626169,0.24030350218255261,0.15757563549199774,0.17548509175413299,0.23523565536070704,0.15753421695407893,0.17542001689111775,0.23518745311088471,0.15573298516474521,0.17340925933675144,0.23226772695362161,-0.0022793322790218562,-0.0021535447821287024,-0.0050678468218455786,-4.1418537918808118e-05,-6.5074863015240902e-05,-4.8202249822326682e-05,-0.0018012317893337237,-0.0020107575543663048,-0.0029197261572631028,-0.0023207508169406643,-0.0022186196451439433,-0.0051160490716679052,-0.0018426503272525319,-0.0020758324173815457,-0.0029679284070854295,-0.0041219826062743881,-0.004229377199510248,-0.008035775228931008
2023,363,0.16150164081885748,0.17967603309757588,0.24069102471327317,0.15928716388084302,0.1775417473895651,0.23576162202453643,0.1591342395752661,0.17735597041589118,0.23551123063598031,0.15770053587279007,0.17586587385581962,0.23328303846696932,-0.0022144769380144647,-0.0021342857080107747,-0.0049294026887367337,-0.0001529243055769236,-0.00018577697367391788,-0.00025039138855612042,-0.0014337037024760302,-0.0014900965600715688,-0.0022281921690109896,-0.0023674012435913883,-0.0023200626816846925,-0.0051797940772928541,-0.0015866280080529538,-0.0016758735337454866,-0.00247858355756711,-0.0038011049460674184,-0.0038101592417562613,-0.0074079862463038437
2023,364,0.16110049414291464,0.17979317028365216,0.24106163720149934,0.15880191021948839,0.17764284933721264,0.23612932043714349,0.15881190845579277,0.17760312474712808,0.23618348568302588,0.1574026454618927,0.17608659632192813,0.23379081694628159,-0.0022985839234262451,-0.0021503209464395212,-0.0049323167643558485,9.9982363043760181e-06,-3.9724590084555533e-05,5.4165245882392687e-05,-0.0014092629939000678,-0.0015165284251999478,-0.0023926687367442911,-0.0022885856871218691,-0.0021900455365240767,-0.0048781515184734558,-0.0013992647575956918,-0.0015562530152845033,-0.0023385034908618985,-0.0036978486810219369,-0.0037065739617240245,-0.007270820255217747
2023,365,0.16173674337519806,0.18071085315276034,0.24081738054441068,0.1594404650520978,0.17858102538202836,0.23582646584428979,0.15942393720588174,0.17853902003626512,0.2358081521446575,0.15791965746686387,0.17687471216649375,0.23337424238935708,-0.0022962783231002537,-0.002129827770731979,-0.0049909147001208909,-1.6527846216057851e-05,-4.2005345763235225e-05,-1.8313699632288571e-05,-0.0015042797390178719,-0.0016643078697713698,-0.0024339097553004174,-0.0023128061693163116,-0.0021718331164952143,-0.0050092283997531795,-0.0015208075852339298,-0.001706313215534605,-0.002452223454932706,-0.0038170859083341835,-0.0038361409862665841,-0.0074431381550535969
2023,366,0.16334705895054102,0.18162170678700124,0.24083845803108508,0.16137115829440199,0.17966695649392275,0.23653111829047338,0.16127860601305161,0.17953981509479566,0.2363701313540531,0.15979551321954974,0.17800715220964397,0.23377603235971253,-0.0019759006561390347,-0.0019547502930784832,-0.0043073397406117042,-9.2552281350383181e-05,-0.00012714139912708977,-0.00016098693642027651,-0.0014830927935018667,-0.0015326628851516921,-0.0025940989943405712,-0.0020684529374894178,-0.002081891692205573,-0.0044683266770319807,-0.0015756450748522499,-0.0016598042842787819,-0.0027550859307608477,-0.0035515457309912846,-0.0036145545773572652,-0.0070624256713725519
2023,367,0.16239520567571417,0.18092547595584574,0.24056640578760494,0.16041980089127003,0.17907343031092227,0.23619098990650397,0.16037369546079328,0.17901816417444943,0.2360991978542433,0.1590903821084704,0.17757133674178438,0.23389322953652741,-0.0019754047844441347,-0.0018520456449234723,-0.0043754158811009636,-4.6105430476756082e-05,-5.5266136472831295e-05,-9.1792052260675217e-05,-0.0012833133523228735,-0.0014468274326650543,-0.002205968317715884,-0.0020215102149208908,-0.0019073117813963036,-0.0044672079333616388,-0.0013294187827996296,-0.0015020935691378856,-0.0022977603699765592,-0.0033048235672437642,-0.003354139214061358,-0.0066731762510775228
2023,368,0.16112303564018479,0.17838290858585504,0.24008258754616518,0.15879302937025586,0.17601482918047473,0.23525704202467485,0.15872849255985547,0.17595101341158775,0.23514315778660852,0.1572637398558164,0.17432377778903663,0.23248640786979247,-0.0023300062699289359,-0.0023680794053803078,-0.0048255455214903376,-6.453681040038961e-05,-6.3815768886976709e-05,-0.00011388423806632519,-0.0014647527040390629,-0.0016272356225511264,-0.0026567499168160535,-0.0023945430803293255,-0.0024318951742672845,-0.0049394297595566627,-0.0015292895144394525,-0.0016910513914381031,-0.0027706341548823787,-0.0038592957843683884,-0.0040591307968184109,-0.0075961796763727163
2023,369,0.16159576012752211,0.17969798881622362,0.24030041701087099,0.15932493613167345,0.17744150950264129,0.23544988746429649,0.1592336575179602,0.17731272557895997,0.23532366749863251,0.15755305664728692,0.17548204293453559,0.23243734516379377,-0.0022708239958486587,-0.0022564793135823324,-0.0048505295465745002,-9.1278613713247081e-05,-0.0001287839236813193,-0.0001262199656639762,-0.0016806008706732878,-0.0018306826444243751,-0.0028863223348387368,-0.0023621026095619058,-0.0023852632372636517,-0.0049767495122384764,-0.0017718794843865349,-0.0019594665681056944,-0.003012542300502713,-0.0040427034802351935,-0.0042159458816880269,-0.0078630718470772132
2023,370,0.16115653074614264,0.17933629522615607,0.24051089626677929,0.15915788737375827,0.17755239762666333,0.23580131822499176,0.15919541648445995,0.17758963941620831,0.23589833486451747,0.15777110036648292,0.17607171275078243,0.23336771493823577,-0.0019986433723843677,-0.0017838975994927397,-0.0047095780417875377,3.7529110701678414e-05,3.7241789544978365e-05,9.7016639525715487e-05,-0.0014243161179770258,-0.0015179266654258838,-0.002530619926281702,-0.0019611142616826893,-0.0017466558099477614,-0.0046125614022618222,-0.0013867870072753474,-0.0014806848758809055,-0.0024336032867559865,-0.0033854303796597152,-0.0032645824753736452,-0.0071431813285435242
2023,371,0.16109137352948105,0.17786874417133114,0.24030163285412218,0.15904876630324372,0.17602295888711,0.23568586050975049,0.15902404551625049,0.17599478379410438,0.23559260630990317,0.15755589887665603,0.17434441539421366,0.23304943416534607,-0.0020426072262373363,-0.0018457852842211353,-0.004615772344371688,-2.472078699322644e-05,-2.8175093005622376e-05,-9.3254199847320196e-05,-0.0014681466395944642,-0.001650368399890717,-0.0025431721445570987,-0.0020673280132305627,-0.0018739603772267577,-0.0047090265442190082,-0.0014928674265876907,-0.0016785434928963394,-0.0026364263444044189,-0.0035354746528250269,-0.0035243287771174747,-0.007252198688776107
2023,372,0.16308566561104809,0.18112872110114314,0.24099342960132736,0.16073074183136135,0.17890041780232682,0.23584336503934908,0.16070555950531321,0.17885294455056475,0.23582889785405026,0.15908599604181783,0.17705909260828506,0.23303655584395738,-0.0023549237796867406,-0.0022283032988163198,-0.0051500645619782792,-2.5182326048145409e-05,-4.747325176207573e-05,-1.4467185298822072e-05,-0.0016195634634953715,-0.0017938519422796839,-0.0027923420100928742,-0.002380106105734886,-0.0022757765505783956,-0.0051645317472771013,-0.0016447457895435169,-0.0018413251940417596,-0.0028068091953916963,-0.0039996695692302575,-0.0040696284928580795,-0.0079568737573699755
2023,373,0.16000895746820668,0.17798280974754452,0.23993432348536323,0.15812160654287413,0.17622329664733907,0.23570502062109402,0.15808044547159519,0.17615763915244423,0.2356102508629942,0.15668519490751212,0.17467121412307651,0.2329442529909026,-0.0018873509253325427,-0.0017595131002054454,-0.0042293028642692021,-4.1161071278938977e-05,-6.5657494894844071e-05,-9.4769758099827461e-05,-0.0013952505640830726,-0.0014864250293677161,-0.0026659978720915967,-0.0019285119966114816,-0.0018251705951002895,-0.0043240726223690296,-0.0014364116353620116,-0.0015520825242625602,-0.0027607676301914241,-0.0033237625606945542,-0.0033115956244680056,-0.0069900704944606262
2023,374,0.16121865271795913,0.17877643020764966,0.24044825419725155,0.15905062362511077,0.1767530593069572,0.23559350692873227,0.15901628362442582,0.17671369135348905,0.23555849312849914,0.15758466291640444,0.17485323717109594,0.23334443116419731,-0.0021680290928483559,-0.0020233709006924616,-0.0048547472685192827,-3.4340000684945915e-05,-3.9367953468150141e-05,-3.5013800233130166e-05,-0.0014316207080213861,-0.001860454182393112,-0.0022140619643018222,-0.0022023690935333018,-0.0020627388541606118,-0.0048897610687524129,-0.001465960708706332,-0.0018998221358612621,-0.0022490757645349524,-0.0036339898015546879,-0.0039231930365537238,-0.0071038230330542351
2023,375,0.16299610070155615,0.18136682817497676,0.2415480188870755,0.16115447199897659,0.17969931956922192,0.23740303452398376,0.16112473456584098,0.1796484869537863,0.23736579336083555,0.15970320029381527,0.17821303192910498,0.23484766418551653,-0.0018416287025795619,-0.0016675086057548472,-0.0041449843630917416,-2.9737433135612612e-05,-5.0832615435619788e-05,-3.7241163148210576e-05,-0.0014215342720257096,-0.0014354550246813147,-0.0025181291753190171,-0.0018713661357151745,-0.0017183412211904669,-0.0041822255262399521,-0.0014512717051613222,-0.0014862876401169345,-0.0025553703384672277,-0.0032929004077408841,-0.0031537962458717816,-0.0067003547015589693
2023,376,0.1612119564143174,0.17968826331169349,0.24011072420519064,0.1588232686560741,0.1773287391624038,0.23498822829038973,0.15873728432854112,0.17720242968765229,0.23489684253131901,0.15722817689550742,0.17534007764942325,0.23247943571400165,-0.0023886877582433019,-0.0023595241492896935,-0.0051224959148009064,-8.5984327532984128e-05,-0.000126309474751507,-9.1385759070722328e-05,-0.0015091074330337018,-0.0018623520382290426,-0.0024174068173173635,-0.0024746720857762861,-0.0024858336240412005,-0.0052138816738716287,-0.0015950917605666859,-0.0019886615129805496,-0.0025087925763880858,-0.0039837795188099878,-0.0043481856622702431,-0.0076312884911889922
2023,377,0.16219337568191866,0.18097391639382102,0.24082456389043064,0.16012851373279857,0.17894288292572588,0.23639421356689216,0.16004740070155155,0.17884117924415174,0.23626838711013612,0.15857793960460653,0.17710789451338754,0.23374777459126678,-0.0020648619491200892,-0.0020310334680951336,-0.0044303503235384734,-8.1113031247026512e-05,-0.000101703681574139,-0.0001258264567560452,-0.0014694610969450128,-0.0017332847307642008,-0.0025206125188693418,-0.0021459749803671158,-0.0021327371496692726,-0.0045561767802945186,-0.0015505741281920393,-0.0018349884123383398,-0.002646438975625387,-0.0036154360773121286,-0.0038660218804334734,-0.0070767892991638603
2023,378,0.16097987578403505,0.17815432681947357,0.23970847640840914,0.15889273039012064,0.17598092726032433,0.2354902256511032,0.15880267353284136,0.17587823354499188,0.2353831668875187,0.1570466950585771,0.17383955645230731,0.23266013028020105,-0.0020871453939144136,-0.0021733995591492472,-0.0042182507573059469,-9.0056857279280367e-05,-0.00010269371533244698,-0.0001070587635844944,-0.0017559784742642581,-0.002038677092684571,-0.0027230366073176526,-0.0021772022511936939,-0.0022760932744816942,-0.0043253095208904413,-0.0018460353315435385,-0.002141370808017018,-0.002830095370902147,-0.0039331807254579521,-0.0043147703671662652,-0.0070483461282080939
2023,379,0.16110846693589309,0.17826243327655178,0.24109344317104095,0.1590717882765057,0.1763834555834414,0.23632349458376525,0.15900072840232143,0.17629256589479525,0.23618904987498895,0.15749521191165725,0.17471702642542847,0.2335046256340568,-0.002036678659387392,-0.0018789776931103785,-0.0047699485872756964,-7.1059874184264959e-05,-9.0889688646150768e-05,-0.00013444470877629899,-0.0015055164906641882,-0.0015755394693667824,-0.0026844242409321539,-0.002107738533571657,-0.0019698673817565293,-0.0049043932960519954,-0.0015765763648484532,-0.0016664291580129331,-0.0028188689497084529,-0.0036132550242358452,-0.0035454068511233117,-0.0075888175369841493
2023,380,0.16221194919531809,0.18007747876543123,0.24087020035034673,0.16037795348274639,0.17843186356049831,0.23677386430475977,0.16038023352333297,0.1784082427629565,0.23676579705014469,0.15879222158015099,0.17669063644555819,0.23398363205269918,-0.001833995712571701,-0.0016456152049329209,-0.0040963360455869569,2.2800405865830431e-06,-2.3620797541812344e-05,-8.067254615079511e-06,-0.0015880119431819772,-0.0017176063173983125,-0.0027821649974455187,-0.001831715671985118,-0.0016692360024747332,-0.0041044033002020364,-0.0015857319025953942,-0.0017412271149401248,-0.0027902322520605982,-0.0034197276151670952,-0.0033868423198730457,-0.0068865682976475551
2023,381,0.16094641882972438,0.1798599854999974,0.24047743679347919,0.15890001324852723,0.17796607993255642,0.23600807045648958,0.15886597534228034,0.17792197468501053,0.23593061574169905,0.15745370072015419,0.17630003037432915,0.2335895431896077,-0.0020464055811971471,-0.0018939055674409844,-0.0044693663369896053,-3.403790624689762e-05,-4.4105247545889181e-05,-7.7454714790536894e-05,-0.0014122746221261473,-0.0016219443106813836,-0.0023410725520913445,-0.0020804434874440447,-0.0019380108149868736,-0.0045468210517801422,-0.0014463125283730449,-0.0016660495582272727,-0.0024185272668818814,-0.003492718109570192,-0.0035599551256682571,-0.0068878936038714866
2023,382,0.16133048838621561,0.17888898902127082,0.24040529422498244,0.15891970350047238,0.17657107752159787,0.23524001163205366,0.15870809071823866,0.17631132420889484,0.23490930705355142,0.15742320536048321,0.17486840640892787,0.23277755876157954,-0.0024107848857432279,-0.0023179114996729477,-0.0051652825929287827,-0.00021161278223372215,-0.00025975331270303159,-0.00033070457850223334,-0.0012848853577554498,-0.0014429177999669696,-0.00213174829197188,-0.0026223976679769501,-0.0025776648123759793,-0.005495987171431016,-0.0014964981399891719,-0.0017026711126700012,-0.0024624528704741133,-0.0039072830257323998,-0.0040205826123429489,-0.007627735463402896
2023,383,0.16188401476863001,0.18037609651880565,0.24075114492934577,0.15967524624901869,0.17831722910298253,0.23579837067395076,0.15953190888734609,0.17813952453642093,0.2355496886281383,0.1579355336688863,0.17635421829771883,0.2327832696540045,-0.002208768519611326,-0.0020588674158231179,-0.0049527742553950038,-0.00014333736167260192,-0.00017770456656160394,-0.000248682045812465,-0.001596375218459789,-0.0017853062387021001,-0.0027664189741337941,-0.0023521058812839279,-0.0022365719823847219,-0.0052014563012074688,-0.0017397125801323909,-0.0019630108052637041,-0.0030151010199462591,-0.003948481099743717,-0.004021878221086822,-0.0079678752753412629
2023,384,0.16171763884873633,0.17978685962025134,0.24072654965248735,0.15986397411356076,0.17825662953485052,0.23646275362337676,0.15985026378614706,0.17825001843502947,0.23644960163993406,0.15843233739734935,0.17681796343260653,0.23388422557749663,-0.0018536647351755642,-0.0015302300854008188,-0.0042637960291105892,-1.3710327413707368e-05,-6.6110998210577865e-06,-1.3151983442705184e-05,-0.0014179263887977023,-0.0014320550024229384,-0.0025653760624374244,-0.0018673750625892716,-0.0015368411852218766,-0.0042769480125532944,-0.0014316367162114096,-0.0014386661022439962,-0.0025785280458801296,-0.0032853014513869738,-0.002968896187644815,-0.0068423240749907188
2023,385,0.16103151183398748,0.17850261713458632,0.23983824279172936,0.15909226754280931,0.17678847001478273,0.23540467091932127,0.15904046078813927,0.17673831099754733,0.23527116952361887,0.15750467395983431,0.17493446231695892,0.23259569570388236,-0.0019392442911781715,-0.0017141471198035829,-0.0044335718724080875,-5.1806754670036259e-05,-5.0159017235401615e-05,-0.00013350139570239561,-0.0015357868283049636,-0.0018038486805884157,-0.0026754738197365124,-0.0019910510458482078,-0.0017643061370389845,-0.0045670732681104831,-0.0015875935829749999,-0.0018540076978238174,-0.002808975215438908,-0.0035268378741531714,-0.0035681548176274003,-0.0072425470878469955
2023,386,0.15946325802665803,0.17622391131479301,0.24025482567138093,0.15722910801069401,0.1741698057503448,0.23532131996350156,0.1570883662876417,0.17396359253531174,0.23507659940123871,0.1555537075484478,0.17234639456880307,0.23229205760666316,-0.002234150015964026,-0.0020541055644482109,-0.0049335057078793709,-0.00014074172305231225,-0.00020621321503305756,-0.00024472056226285122,-0.0015346587391938948,-0.0016171979665086655,-0.0027845417945755457,-0.0023748917390163382,-0.0022603187794812685,-0.0051782262701422221,-0.0016754004622462071,-0.0018234111815417231,-0.003029262356838397,-0.003909550478210233,-0.003877516745989934,-0.0079627680647177679
2023,387,0.16170418830202316,0.1793974430405656,0.24045798797072779,0.15933256494464637,0.17708819069797074,0.23547952854703744,0.15930478868122358,0.17707267375404565,0.23537964252493213,0.15781395039654997,0.17552436737654115,0.23287453716710088,-0.0023716233573767842,-0.002309252342594853,-0.0049784594236903512,-2.7776263422790715e-05,-1.5516943925097948e-05,-9.9886022105311056e-05,-0.0014908382846736123,-0.0015483063775044992,-0.0025051053578312443,-0.0023993996207995749,-0.002324769286519951,-0.0050783454457956623,-0.0015186145480964031,-0.0015638233214295971,-0.0026049913799365554,-0.0038902379054731873,-0.0038730756640244501,-0.0075834508036269066
2023,388,0.16090383517259935,0.17863111844408075,0.23976174932114397,0.15872297152284326,0.17642221814010597,0.23495776571041821,0.15873759579050634,0.17646329931982266,0.23500592970240206,0.15728477425664242,0.17487270685423176,0.23249341279919522,-0.0021808636497560874,-0.0022089003039747757,-0.0048039836107257594,1.4624267663077006e-05,4.1081179716684346e-05,4.8163991983846133e-05,-0.0014528215338639183,-0.001590592465590901,-0.0025125169032068351,-0.0021662393820930104,-0.0021678191242580913,-0.0047558196187419133,-0.0014381972662008413,-0.0015495112858742166,-0.0024643529112229889,-0.0036190609159569287,-0.0037584115898489923,-0.0072683365219487484
2023,389,0.16236116121072214,0.18065551159776549,0.24090126315054056,0.1602756210137363,0.17871482645651562,0.23628652950338308,0.160152765745601,0.17854017453256693,0.23608224827709923,0.15871886991647988,0.17711023988676119,0.2335434672017706,-0.0020855401969858411,-0.0019406851412498705,-0.0046147336471574762,-0.00012285526813529679,-0.00017465192394869322,-0.00020428122628385337,-0.0014338958291211235,-0.001429934645805736,-0.0025387810753286222,-0.0022083954651211379,-0.0021153370651985637,-0.0048190148734413296,-0.0015567510972564202,-0.0016045865697544293,-0.0027430623016124756,-0.0036422912942422614,-0.0035452717110042997,-0.0073577959487699518
2023,390,0.16257230947776991,0.17980942019345544,0.24097338042074773,0.16024982722805264,0.17754695340359805,0.23602118011279027,0.16013852452366512,0.17739327103355368,0.23591027926896926,0.15869834658768212,0.1757829160943149,0.23337764310665046,-0.0023224822497172615,-0.0022624667898573925,-0.004952200307957455,-0.0001113027043875281,-0.00015368237004437235,-0.00011090084382101018,-0.0014401779359830003,-0.0016103549392387784,-0.0025326361623188021,-0.0024337849541047896,-0.0024161491599017648,-0.0050631011517784652,-0.0015514806403705284,-0.0017640373092831507,-0.0026435370061398122,-0.0038739628900877898,-0.0040265040991405432,-0.0075957373140972673
2023,391,0.16004043637253007,0.17734230284594335,0.23993601301102227,0.15766445454894656,0.17500833260749094,0.23473652630745581,0.15750726177015834,0.17483986617557093,0.23442928454885684,0.15617624080169526,0.17325387778060686,0.23216873561232751,-0.0023759818235835062,-0.0023339702384524152,-0.0051994867035664583,-0.00015719277878822879,-0.00016846643192000577,-0.00030724175859897507,-0.0013310209684630758,-0.0015859883949640718,-0.0022605489365293274,-0.002533174602371735,-0.002502436670372421,-0.0055067284621654333,-0.0014882137472513046,-0.0017544548268840776,-0.0025677906951283025,-0.0038641955708348108,-0.0040884250653364929,-0.0077672773986947607
2023,392,0.16069744224465557,0.17890288619760014,0.24030209178641498,0.15859683795586632,0.17689014362856589,0.23583814592601934,0.15854458879170727,0.17680240267469463,0.23579918740933803,0.156872033172372,0.17501143040284109,0.23305629102985739,-0.0021006042887892484,-0.0020127425690342482,-0.0044639458603956406,-5.2249164159051675e-05,-8.7740953871262573e-05,-3.8958516681314448e-05,-0.0016725556193352697,-0.0017909722718535415,-0.002742896379480636,-0.0021528534529483001,-0.0021004835229055108,-0.004502904377076955,-0.0017248047834943214,-0.001878713225724804,-0.0027818548961619505,-0.0038254090722835699,-0.0038914557947590522,-0.007245800756557591
2023,393,0.16183485291107558,0.17943619956130108,0.24091795956617318,0.15969197302644128,0.17722181609671941,0.23632397572058966,0.15969560261647461,0.17718614821651399,0.23636675280414746,0.1582539493985646,0.1756454399953446,0.23383643115821406,-0.0021428798846342967,-0.0022143834645816651,-0.0045939838455835158,3.6295900333327413e-06,-3.5667880205425551e-05,4.2777083557793416e-05,-0.0014416532179100106,-0.0015407082211693901,-0.0025303216459333921,-0.0021392502946009639,-0.0022500513447870907,-0.0045512067620257224,-0.0014380236278766778,-0.0015763761013748157,-0.0024875445623755987,-0.0035809035125109745,-0.0037907595659564808,-0.0070815284079591145
2023,394,0.16288572480358127,0.18104556471872396,0.2408022942898301,0.16088213169210239,0.17919339791045183,0.2362583682702652,0.16083536056392464,0.17913413567420675,0.23619485988611005,0.15974851596324424,0.17809994419288178,0.23394355419115445,-0.0020035931114788796,-0.0018521668082721321,-0.0045439260195649089,-4.6771128177747201e-05,-5.9262236245083422e-05,-6.3508384155142039e-05,-0.0010868446006803978,-0.0010341914813249697,-0.0022513056949556021,-0.0020503642396566268,-0.0019114290445172155,-0.004607434403720051,-0.001133615728858145,-0.0010934537175700532,-0.0023148140791107441,-0.0031372088403370246,-0.0029456205258421853,-0.006858740098675653
2023,395,0.16126093625606791,0.17897809397263498,0.24001942408179591,0.15911257131896589,0.17686266630248781,0.23539088193242511,0.15905640307216634,0.17674299581363598,0.2353080395476797,0.15778344519007678,0.17547077004815897,0.23287164019668236,-0.0021483649371020208,-0.002115427670147163,-0.0046285421493708068,-5.6168246799548349e-05,-0.00011967048885183629,-8.2842384745401842e-05,-0.0012729578820895593,-0.0012722257654770031,-0.0024363993509973481,-0.0022045331839015692,-0.0022350981589989993,-0.0047113845341162086,-0.0013291261288891076,-0.0013918962543288393,-0.0025192417357427499,-0.0034774910659911284,-0.0035073239244760024,-0.0071477838851135567
2023,396,0.16094635949048772,0.17920075397777988,0.23991426131804958,0.15872885373535933,0.17720271815976096,0.23533951059427208,0.15866063948669037,0.17712294054207581,0.23514917893548204,0.15698290127171813,0.17529660001880953,0.23223823372908189,-0.002217505755128385,-0.0019980358180189117,-0.0045747507237774987,-6.8214248668957422e-05,-7.9777617685156121e-05,-0.00019033165879003833,-0.0016777382149722464,-0.0018263405232662733,-0.0029109452064001451,-0.0022857200037973424,-0.0020778134357040678,-0.004765082382567537,-0.0017459524636412038,-0.0019061181409514294,-0.0031012768651901834,-0.0039634582187695888,-0.0039041539589703411,-0.0076760275889676821
2023,397,0.15994718775466502,0.17704368991900812,0.24000456017546593,0.15787413369695996,0.17503810143962156,0.23552892636580125,0.15776349384728114,0.17488062397339713,0.23536332146651112,0.15621037947258309,0.17303553043424968,0.23282098440773275,-0.0020730540577050538,-0.0020055884793865608,-0.0044756338096646753,-0.00011063984967882301,-0.00015747746622443715,-0.00016560489929012823,-0.0015531143746980447,-0.001845093539147441,-0.0025423370587783767,-0.0021836939073838768,-0.002163065945610998,-0.0046412387089548035,-0.0016637542243768677,-0.0020025710053718782,-0.0027079419580685049,-0.0037368082820819215,-0.004008159484758439,-0.0071835757677331802
2023,398,0.15928714385762244,0.17547360353897576,0.23970595789258173,0.15743427446015337,0.17397163350291203,0.23520352989062487,0.15729004636214933,0.17376449061968191,0.23491761925078652,0.15613473971236055,0.17264098329450192,0.23286097531489444,-0.0018528693974690646,-0.0015019700360637267,-0.0045024280019568541,-0.00014422809800404557,-0.00020714288323012142,-0.0002859106398383493,-0.0011553066497887732,-0.0011235073251799899,-0.0020566439358920829,-0.0019970974954731102,-0.0017091129192938481,-0.0047883386417952034,-0.0012995347477928187,-0.0013306502084101113,-0.0023425545757304322,-0.0031524041452618834,-0.002832620244473838,-0.0068449825776872864
2023,399,0.16033797410051381,0.17788217478863438,0.24027684298028151,0.15822741002668178,0.17584729691531037,0.23594808373855319,0.15818091393160896,0.17579688428192516,0.23586954900502149,0.15661299487455027,0.17413358801980158,0.23311460711575635,-0.002110564073832033,-0.0020348778733240147,-0.0043287592417283194,-4.6496095072817711e-05,-5.0412633385205075e-05,-7.8534733531698819e-05,-0.0015679190570586921,-0.0016632962621235814,-0.0027549418892651445,-0.0021570601689048507,-0.0020852905067092198,-0.0044072939752600182,-0.0016144151521315098,-0.0017137088955087865,-0.0028334766227968433,-0.0037249792259635428,-0.0037485867688328012,-0.0071622358645251627
2023,400,0.16148064330941897,0.17977363405445032,0.24067648222644697,0.15932199085723878,0.17772214174563064,0.23591821985297717,0.15918106448520816,0.1775321482459232,0.23567911460675792,0.15779582074343296,0.17596206643089538,0.23338442997896761,-0.0021586524521801931,-0.0020514923088196801,-0.004758262373469796,-0.0001409263720306142,-0.0001899934997074415,-0.00023910524621925666,-0.001385243741775205,-0.001570081815027824,-0.002294684627790311,-0.0022995788242108073,-0.0022414858085271216,-0.0049973676196890526,-0.0015261701138058192,-0.0017600753147352655,-0.0025337898740095677,-0.0036848225659860123,-0.0038115676235549456,-0.0072920522474793636
2023,401,0.16213722676059319,0.1800883421116716,0.24030347192544327,0.16027353587939136,0.17832316745711016,0.23597236235797908,0.16021765869527374,0.17827521676725433,0.2358994667567901,0.15911895204820367,0.17710727781997138,0.23388458408052246,-0.0018636908812018349,-0.0017651746545614411,-0.0043311095674641864,-5.5877184117619771e-05,-4.7950689855830175e-05,-7.2895601188976977e-05,-0.001098706647070069,-0.0011679389472829538,-0.0020148826762676486,-0.0019195680653194547,-0.0018131253444172712,-0.0044040051686531634,-0.0011545838311876888,-0.001215889637138784,-0.0020877782774566256,-0.0030182747123895237,-0.002981064291700225,-0.006418887844920812
2023,402,0.1614871065480831,0.17911174606556646,0.24104956224200885,0.15969379906495143,0.17746601412144913,0.2368827063025199,0.15959888378246451,0.17739554813351785,0.23671224983950687,0.15830120506797499,0.17609680568970684,0.23437330926204947,-0.0017933074831316675,-0.0016457319441173235,-0.0041668559394889559,-9.4915282486923713e-05,-7.0465987931284113e-05,-0.00017045646301303008,-0.0012976787144895197,-0.0012987424438110073,-0.002338940577457399,-0.0018882227656185913,-0.0017161979320486076,-0.004337312402501986,-0.0013925939969764434,-0.0013692084317422915,-0.0025093970404704291,-0.0031859014801081109,-0.0030149403758596149,-0.006676252979959385
2023,403,0.16082624465110268,0.17809192497417231,0.24022216124955437,0.15851045051312765,0.17586834009685615,0.23515119747498811,0.15846628362931478,0.17579619758631171,0.23511163374811517,0.1569797950496967,0.17429537894798425,0.23241953846782321,-0.0023157941379750302,-0.0022235848773161648,-0.0050709637745662561,-4.4166883812868374e-05,-7.2142510544437322e-05,-3.9563726872943183e-05,-0.0014864885796180838,-0.0015008186383274613,-0.0026920952802919618,-0.0023599610217878986,-0.0022957273878606022,-0.0051105275014391993,-0.0015306554634309522,-0.0015729611488718986,-0.002731659007164905,-0.0038464496014059824,-0.0037965460261880635,-0.0078026227817311611
2023,404,0.16109004775130528,0.17868888211415565,0.23998689451267149,0.15915950959134662,0.17688030186087153,0.23586179251737899,0.1591175296258979,0.17684826380749163,0.23572009943440284,0.15771005697212853,0.17548428941777669,0.2333391707073092,-0.0019305381599586668,-0.00180858025328412,-0.0041251019952925072,-4.1979965448718515e-05,-3.2038053379895848e-05,-0.00014169308297615202,-0.0014074726537693649,-0.0013639743897149448,-0.0023809287270936397,-0.0019725181254073854,-0.0018406183066640158,-0.0042667950782686592,-0.0014494526192180834,-0.0013960124430948406,-0.0025226218100697917,-0.0033799907791767503,-0.0032045926963789606,-0.0066477238053622989
2023,405,0.16017797811579473,0.17739474265629357,0.24057008362945342,0.15820589783394981,0.17553850383189171,0.23603516620308512,0.15811082174494498,0.17540064297645633,0.23586050814728093,0.15688299109546083,0.17402078231272897,0.23376268386045229,-0.0019720802818449235,-0.0018562388244018624,-0.0045349174263683012,-9.5076089004830777e-05,-0.00013786085543537885,-0.00017465805580418881,-0.0012278306494841462,-0.0013798606637273614,-0.0020978242868286423,-0.0020671563708497542,-0.0019940996798372412,-0.00470957548217249,-0.001322906738488977,-0.0015177215191627402,-0.0022724823426328311,-0.0032949870203339005,-0.0033739603435646026,-0.0068073997690011323
2023,406,0.16252710125922573,0.18089252014760626,0.24131084974419426,0.16037526130207616,0.17888211612860913,0.23661107936323381,0.16036859945454696,0.17882959838455831,0.23664415323975027,0.15894443923976878,0.17738498485650253,0.23414935094237654,-0.0021518399571495705,-0.0020104040189971306,-0.0046997703809604496,-6.6618475292046231e-06,-5.2517744050822879e-05,3.3073876516465095e-05,-0.0014241602147781751,-0.001444613528055777,-0.0024948022973737272,-0.0021585018046787752,-0.0020629217630479535,-0.0046666965044439845,-0.0014308220623073797,-0.0014971312721065999,-0.0024617284208572621,-0.0035826620194569503,-0.0035075352911037305,-0.0071614988018177117
2023,407,0.16175633859053118,0.17924264662676287,0.2404701876091058,0.15982208541031839,0.1774525805303328,0.23615744913582715,0.15974744137347657,0.17736603359562089,0.23602307785790977,0.15834091873699546,0.17588398244003353,0.23341920489561249,-0.001934253180212786,-0.0017900660964300652,-0.0043127384732786489,-7.4644036841819972e-05,-8.6546934711911883e-05,-0.0001343712779173778,-0.0014065226364811112,-0.0014820511555873606,-0.0026038729622972767,-0.002008897217054606,-0.0018766130311419771,-0.0044471097511960267,-0.0014811666733229312,-0.0015685980902992724,-0.0027382442402146545,-0.0034154198535357172,-0.0033586641867293376,-0.0070509827134933034
2023,408,0.16081119320472981,0.17812052498458142,0.24011820697976763,0.15856423024413804,0.17602750933801914,0.23504427078366485,0.15850798251857101,0.17597914332681236,0.23481556850979804,0.15707850021867922,0.17452983725794885,0.23250042754677111,-0.002246962960591764,-0.0020930156465622796,-0.005073936196102774,-5.6247725567032392e-05,-4.8366011206779636e-05,-0.00022870227386681541,-0.0014294822998917878,-0.0014493060688635095,-0.0023151409630269293,-0.0023032106861587964,-0.0021413816577690592,-0.0053026384699695894,-0.0014857300254588202,-0.0014976720800702892,-0.0025438432368937447,-0.0037326929860505842,-0.0035906877266325687,-0.0076177794329965187
2023,409,0.16020552573503646,0.17750532821964504,0.24025491263512438,0.15780064102150207,0.17499221149505814,0.2351376799829438,0.15775523678952041,0.17497710369684119,0.23495491413891642,0.1562306413312945,0.17335826575457008,0.23239234042672854,-0.0024048847135343943,-0.0025131167245869002,-0.0051172326521805866,-4.5404231981654997e-05,-1.5107798216951185e-05,-0.00018276584402737717,-0.0015245954582259191,-0.0016188379422711063,-0.0025625737121878767,-0.0024502889455160493,-0.0025282245228038513,-0.0052999984962079638,-0.0015699996902075741,-0.0016339457404880575,-0.0027453395562152538,-0.0039748844037419684,-0.0041470624650749577,-0.0078625722083958405
2023,410,0.16121255664426645,0.17971653478461572,0.23989152782018633,0.15936609984968325,0.17799561898813862,0.23600236522934584,0.1592441794035358,0.17785740644415296,0.2358108416852536,0.15755265239433933,0.17590725185159875,0.23304618374373828,-0.0018464567945832011,-0.001720915796477096,-0.0038891625908404892,-0.0001219204461474499,-0.00013821254398566074,-0.00019152354409224248,-0.0016915270091964751,-0.0019501545925542096,-0.0027646579415153139,-0.001968377240730651,-0.0018591283404627568,-0.0040806861349327317,-0.001813447455343925,-0.0020883671365398704,-0.0029561814856075563,-0.0036599042499271262,-0.0038092829330169664,-0.0068453440764480455
2023,411,0.15895074966409115,0.1761013559422441,0.2394777122064479,0.15673200700787296,0.17404229398409074,0.23462172373457121,0.15660745064375031,0.17386641276950257,0.23443350462628595,0.15556470713790807,0.17298289401050471,0.23216604914653247,-0.0022187426562181867,-0.0020590619581533631,-0.0048559884718766821,-0.00012455636412264659,-0.00017588121458816941,-0.00018821910828525912,-0.0010427435058422418,-0.00088351875899786436,-0.0022674554797534885,-0.0023432990203408333,-0.0022349431727415325,-0.0050442075801619413,-0.0011672998699648884,-0.0010593999735860338,-0.0024556745880387476,-0.0033860425261830751,-0.0031184619317393969,-0.0073116630599154298
2023,412,0.16018795031355754,0.17729462473753238,0.24011591056936457,0.15808201557044757,0.17532451406000346,0.23557604596828641,0.15812844698777331,0.17538859664700526,0.23562705554365376,0.15649220697456664,0.1736219883250773,0.23282030420386737,-0.0021059347431099662,-0.001970110677528919,-0.004539864601078164,4.6431417325742963e-05,6.4082587001801361e-05,5.100957536735562e-05,-0.001636240013206669,-0.0017666083219279594,-0.0028067513397863897,-0.0020595033257842232,-0.0019060280905271176,-0.0044888550257108084,-0.001589808595880926,-0.001702525734926158,-0.0027557417644190341,-0.0036957433389908922,-0.003672636412455077,-0.0072956063654971981
2023,413,0.1610312374099778,0.17849368691165002,0.24074747907965646,0.15880358108001058,0.17649964493513384,0.23569372890473772,0.15866448539277081,0.17632345958633155,0.2354556956488984,0.15718665207649093,0.1746439774268766,0.23295404237167411,-0.0022276563299672147,-0.0019940419765161754,-0.0050537501749187419,-0.00013909568723977084,-0.00017618534880228798,-0.00023803325583932056,-0.0014778333162798751,-0.0016794821594549592,-0.0025016532772242916,-0.0023667520172069856,-0.0021702273253184634,-0.0052917834307580625,-0.001616929003519646,-0.0018556675082572471,-0.0027396865330636122,-0.0038445853334868607,-0.0038497094847734226,-0.0077934367079823541
2023,414,0.16177477113581989,0.17968147560607942,0.24096619511885503,0.15990183206567815,0.17790196786499057,0.23678615445180062,0.15988002848509797,0.17785009938226223,0.23670207088895145,0.15846911993295756,0.17636537871442001,0.23416331374398161,-0.0018729390701417437,-0.0017795077410888427,-0.0041800406670544077,-2.1803580580181947e-05,-5.1868482728339993e-05,-8.4083562849168736e-05,-0.0014109085521404052,-0.0014847206678422209,-0.0025387571449698443,-0.0018947426507219256,-0.0018313762238171827,-0.0042641242299035764,-0.0014327121327205872,-0.0015365891505705609,-0.002622840707819013,-0.0033056512028623308,-0.0033160968916594036,-0.0068028813748734207
2023,415,0.15994723522039939,0.17674952206264957,0.23940829891287274,0.15806581379826432,0.17480273837256693,0.23523136825823729,0.15795954106903862,0.17464749186928072,0.23509173245491818,0.15648893217870205,0.17284836849062002,0.23267965502404184,-0.0018814214221350711,-0.0019467836900826374,-0.0041769306546354523,-0.00010627272922569819,-0.00015524650328621603,-0.00013963580331910475,-0.0014706088903365666,-0.0017991233786606997,-0.0024120774308763471,-0.0019876941513607693,-0.0021020301933688534,-0.0043165664579545571,-0.0015768816195622648,-0.0019543698819469157,-0.0025517132341954518,-0.0034583030416973359,-0.0039011535720295532,-0.0067286438888309041
2023,416,0.16160656808103788,0.17907858161442294,0.24032081848240766,0.15969132547440343,0.17737393948597927,0.23602826421776954,0.15967185915928031,0.17734997660399743,0.23596903058883889,0.15823810137509814,0.17586858965688648,0.23365158695581689,-0.0019152426066344486,-0.0017046421284436786,-0.004292554264638121,-1.9466315123117806e-05,-2.3962881981837159e-05,-5.9233628930649429e-05,-0.0014337577841821714,-0.0014813869471109464,-0.0023174436330219983,-0.0019347089217575664,-0.0017286050104255157,-0.0043517878935687704,-0.0014532240993052892,-0.0015053498290927836,-0.0023766772619526477,-0.0033684667059397377,-0.0032099919575364622,-0.0066692315265907687
2023,417,0.16184063849959512,0.17947567665427441,0.24056293542958671,0.15964531478316155,0.17745440022584252,0.23581757549298987,0.15954659125770976,0.17735043006995277,0.2356139652434526,0.15800964872532208,0.17578125740702993,0.23270628927122722,-0.0021953237164335782,-0.0020212764284318896,-0.0047453599365968324,-9.8723525451788197e-05,-0.00010397015588975433,-0.00020361024953727269,-0.0015369425323876751,-0.0015691726629228353,-0.002907675972225382,-0.0022940472418853664,-0.0021252465843216439,-0.0049489701861341051,-0.0016356660578394633,-0.0016731428188125896,-0.0031112862217626547,-0.0038309897742730414,-0.0036944192472444792,-0.0078566461583594871
2023,418,0.16242537478344113,0.18024655002271303,0.24059307135041433,0.16027734848318365,0.1781084215377072,0.23598261372527221,0.16013019769967785,0.17793318016049703,0.23577579595747283,0.15887947998328411,0.17653391157771736,0.2338839477576003,-0.0021480263002574829,-0.0021381284850058302,-0.004610457625142117,-0.00014715078350580058,-0.00017524137721017241,-0.00020681776779937766,-0.0012507177163937344,-0.0013992685827796669,-0.0018918481998725367,-0.0022951770837632834,-0.0023133698622160026,-0.0048172753929414946,-0.001397868499899535,-0.0015745099599898393,-0.0020986659676719144,-0.0035458948001570179,-0.0037126384449956695,-0.0067091235928140314
2023,419,0.15907951258955091,0.17532627076789178,0.24025823363557908,0.1572438021115021,0.17357662488402623,0.23613086669626204,0.15723273535745216,0.17356686247861661,0.23612982945371763,0.15607127697499912,0.17230201109261833,0.23410877768316837,-0.0018357104780488132,-0.0017496458838655582,-0.0041273669393170342,-1.1066754049937622e-05,-9.7624054096190349e-06,-1.0372425444105104e-06,-0.0011614583824530456,-0.0012648513859982724,-0.0020210517705492592,-0.0018467772320987508,-0.0017594082892751772,-0.0041284041818614448,-0.0011725251365029832,-0.0012746137914078914,-0.0020220890130936697,-0.0030082356145517963,-0.0030242596752734496,-0.006149455952410704
2023,420,0.1621566368387872,0.17997519341430962,0.24055512877597737,0.16031643965748504,0.17820950886619927,0.23665494377874635,0.16032613530782325,0.17818534779923548,0.2365876645790074,0.15900429199783744,0.17671231471098348,0.23434398377722071,-0.0018401971813021556,-0.0017656845481103522,-0.003900184997231021,9.6956503382039649e-06,-2.416106696379039e-05,-6.7279199738951023e-05,-0.001321843309985804,-0.0014730330882520015,-0.0022436808017866905,-0.0018305015309639516,-0.0017898456150741426,-0.003967464196969972,-0.0013121476596476001,-0.0014971941552157919,-0.0023109600015256415,-0.0031523448409497556,-0.0032628787033261442,-0.0062111449987566625
2023,421,0.16254300308256697,0.18078559635929306,0.2409918778165466,0.16034552441170158,0.17859217808509156,0.23625013391290675,0.16031716185412873,0.17850474833711727,0.23625669128462976,0.15880203722119343,0.1766934278722197,0.23406370569313389,-0.0021974786708653937,-0.0021934182742014974,-0.0047417439036398501,-2.8362557572852998e-05,-8.7429747974293592e-05,6.5573717230038575e-06,-0.0015151246329352941,-0.00181132046489757,-0.0021929855914958607,-0.0022258412284382467,-0.002280848022175791,-0.0047351865319168462,-0.0015434871905081471,-0.0018987502128718636,-0.0021864282197728568,-0.0037409658613735408,-0.004092168487073361,-0.0069281721234127069
2023,422,0.16240452442720713,0.180552574144591,0.24064446013276861,0.16006840475559558,0.17818899818142314,0.23574628210988807,0.15998046045922112,0.17806126252542034,0.23559551371610343,0.15867900598632917,0.17665182915307462,0.2334329887560633,-0.0023361196716115418,-0.0023635759631678577,-0.0048981780228805338,-8.7944296374459219e-05,-0.00012773565600279757,-0.00015076839378463935,-0.0013014544728919553,-0.0014094333723457253,-0.0021625249600401297,-0.002424063967986001,-0.0024913116191706552,-0.0050489464166651732,-0.0013893987692664145,-0.0015371690283485229,-0.0023132933538247691,-0.0037255184408779562,-0.0039007449915163805,-0.0072114713767053029
2023,423,0.16369850217723803,0.18342735001697064,0.24043925623106516,0.16148439700474715,0.18136764600695626,0.23563440988474396,0.1613785801023703,0.18124019039601358,0.23542045928797409,0.16009542256946663,0.17974951373017792,0.23323857108919199,-0.0022141051724908767,-0.0020597040100143738,-0.0048048463463211954,-0.00010581690237684849,-0.00012745561094268387,-0.00021395059676987405,-0.0012831575329036726,-0.0014906766658356607,-0.0021818881987820948,-0.0023199220748677252,-0.0021871596209570576,-0.0050187969430910695,-0.0013889744352805211,-0.0016181322767783446,-0.0023958387955519689,-0.0036030796077713978,-0.0036778362867927183,-0.0072006851418731643
2023,424,0.16175175949156176,0.18010572260745503,0.24038222153256958,0.15994492061260224,0.17847862500402831,0.23684468339545287,0.1597927742496984,0.1783049154795909,0.23656794909466908,0.15815846841026421,0.17651244492347198,0.23375995529338103,-0.0018068388789595213,-0.0016270976034267193,-0.0035375381371167136,-0.00015214636290383776,-0.00017370952443740428,-0.00027673430078378747,-0.0016343058394341914,-0.0017924705561189191,-0.0028079938012880445,-0.0019589852418633591,-0.0018008071278641236,-0.0038142724379005011,-0.0017864522023380291,-0.0019661800805563234,-0.003084728102071832,-0.0035932910812975505,-0.0035932776839830427,-0.0066222662391885456
2023,425,0.16375634154201921,0.18266476470701296,0.24077302179791207,0.16185619049722269,0.1808454418818185,0.23649774611456861,0.16188628714993233,0.18086594064044437,0.23655377694152949,0.16022118541177605,0.17905407044534555,0.23378496713901192,-0.0019001510447965164,-0.0018193228251944527,-0.0042752756833434602,3.0096652709643568e-05,2.0498758625864255e-05,5.6030826960873359e-05,-0.0016651017381562883,-0.0018118701950988192,-0.0027688098025175634,-0.0018700543920868729,-0.0017988240665685884,-0.0042192448563825868,-0.0016350050854466447,-0.0017913714364729549,-0.00271277897555669,-0.0035351561302431611,-0.0036106942616674076,-0.0069880546589001502
2023,426,0.16105184861427801,0.179044471197673,0.24036515698935151,0.15906673127859552,0.17721342811985946,0.23597872818798582,0.15893549489745115,0.17705083495673907,0.23571282127706425,0.15769469728542151,0.17580505821504278,0.23351648762068331,-0.0019851173356824903,-0.0018310430778135378,-0.0043864288013656938,-0.00013123638114437286,-0.00016259316312039473,-0.00026590691092157059,-0.0012407976120296371,-0.0012457767416962917,-0.0021963336563809444,-0.0021163537168268631,-0.0019936362409339325,-0.0046523357122872644,-0.00137203399317401,-0.0014083699048166864,-0.0024622405673025149,-0.0033571513288565002,-0.0032394129826302243,-0.0068486693686682087
2023,427,0.1623831438842013,0.18025321996267568,0.24092793541891186,0.16009533863070813,0.17807991288695474,0.23612841706310131,0.16004772004396964,0.17802986724404898,0.23603193844116432,0.1584068193484601,0.176242470150553,0.23347177509292602,-0.0022878052534931748,-0.0021733070757209427,-0.0047995183558105503,-4.7618586738490398e-05,-5.0045642905754972e-05,-9.6478621936985087e-05,-0.0016409006955095395,-0.0017873970934959849,-0.0025601633482383035,-0.0023354238402316652,-0.0022233527186266977,-0.0048959969777475354,-0.0016885192822480299,-0.0018374427364017398,-0.0026566419701752886,-0.0039763245357412047,-0.0040107498121226826,-0.0074561603259858389
2023,428,0.16108623329923358,0.17771286793956861,0.24040246140030117,0.15897262596004955,0.17573798217327433,0.23554940602061178,0.1588720241828262,0.17560409980224501,0.23536792079769478,0.15754305260773915,0.17407164049463592,0.23329949289963839,-0.0021136073391840315,-0.0019748857662942876,-0.0048530553796893861,-0.00010060177722334696,-0.00013388237102932021,-0.00018148522291699942,-0.0013289715750870457,-0.0015324593076090909,-0.0020684278980563908,-0.0022142091164073785,-0.0021087681373236078,-0.0050345406026063855,-0.0014295733523103926,-0.0016663416786384111,-0.0022499131209733902,-0.0035431806914944242,-0.0036412274449326987,-0.0071029685006627763
2023,429,0.16006184774922369,0.17778670454959888,0.23996465652987445,0.15802506151433771,0.17590581738449665,0.23541182413217093,0.1579204037695624,0.17577880398188769,0.23528171668589751,0.15651092813259032,0.17426849754320309,0.23275343014917685,-0.0020367862348859844,-0.0018808871651022352,-0.0045528323977035157,-0.00010465774477530498,-0.00012701340260895533,-0.0001301074462734253,-0.0014094756369720796,-0.0015103064386846055,-0.0025282865367206586,-0.0021414439796612894,-0.0020079005677111905,-0.004682939843976941,-0.0015141333817473845,-0.0016373198412935608,-0.0026583939829940839,-0.003550919616633369,-0.003518207006395796,-0.0072112263806975996
2023,430,0.16086584020219699,0.17883888510308643,0.2402358785707783,0.15861750499494057,0.17657616501306878,0.23549089227160666,0.15854485463030257,0.17649137010273924,0.23538889799668858,0.15716082818243318,0.17489653829624544,0.23304517844996328,-0.0022483352072564244,-0.0022627200900176558,-0.0047449862991716385,-7.2650364637993903e-05,-8.4794910329533124e-05,-0.00010199427491808244,-0.0013840264478693909,-0.0015948318064938072,-0.002343719546725298,-0.0023209855718944183,-0.002347515000347189,-0.0048469805740897209,-0.0014566768125073848,-0.0016796267168233403,-0.0024457138216433805,-0.0037050120197638092,-0.0039423468068409961,-0.007190700120815019
2023,431,0.16179670267874513,0.17939587762936007,0.24020224204489068,0.1596139801879449,0.17734701599923258,0.23548004505698192,0.15956650798370622,0.1772946991793915,0.23538769690167019,0.15837663311631084,0.17601234142638555,0.23342125144638914,-0.0021827224908002318,-0.0020488616301274909,-0.0047221969879087666,-4.7472204238674376e-05,-5.2316819841080608e-05,-9.2348155311727798e-05,-0.0011898748673953852,-0.0012823577530059471,-0.0019664454552810462,-0.0022301946950389062,-0.0021011784499685715,-0.0048145451432204944,-0.0012373470716340595,-0.0013346745728470277,-0.002058793610592774,-0.0034200695624342914,-0.0033835362029745186,-0.0067809905985015406
2023,432,0.16098784939974953,0.17836524165827894,0.24023100470493097,0.15886783916100292,0.17619091637287213,0.23582171337231778,0.15870274718055849,0.17598747331070758,0.23549784682714778,0.15712560128335737,0.17435244180606563,0.23279860497214561,-0.0021200102387466113,-0.002174325285406814,-0.0044092913326131966,-0.00016509198044442619,-0.00020344306216454888,-0.00032386654516999847,-0.001577145897201121,-0.0016350315046419484,-0.0026992418550021713,-0.0022851022191910375,-0.0023777683475713629,-0.0047331578777831951,-0.0017422378776455472,-0.0018384745668064972,-0.0030231084001721698,-0.0038622481163921585,-0.0040127998522133113,-0.0074323997327853664
2023,433,0.16290726548800319,0.18154821295426546,0.24068868929975062,0.16064119392294013,0.17935102885300172,0.23556735198012074,0.16062006170110654,0.17932676782678217,0.23550161164255173,0.15897206491607402,0.17743063348152838,0.23260924442370995,-0.0022660715650630603,-0.0021971841012637383,-0.0051213373196298817,-2.1132221833586318e-05,-2.4261026219551951e-05,-6.57403375690091e-05,-0.0016479967850325239,-0.0018961343452537915,-0.0028923672188417848,-0.0022872037868966466,-0.0022214451274832903,-0.0051870776571988908,-0.0016691290068661102,-0.0019203953714733435,-0.0029581075564107939,-0.0039352005719291705,-0.0041175794727370818,-0.0080794448760406756
2023,434,0.16160726221512431,0.17960215411018365,0.24087809325401788,0.15959416278301375,0.17762921386667585,0.23651631463589323,0.15952035402074743,0.17751594666845241,0.23641178961983786,0.15810721874310499,0.17603564969590388,0.23400069784356672,-0.00201309943211056,-0.0019729402435078036,-0.0043617786181246454,-7.3808762266314165e-05,-0.00011326719822343789,-0.00010452501605537345,-0.0014131352776424466,-0.0014802969725485338,-0.0024110917762711348,-0.0020869081943768741,-0.0020862074417312415,-0.0044663036341800189,-0.0014869440399087608,-0.0015935641707719717,-0.0025156167923265083,-0.0035000434720193208,-0.0035665044142797753,-0.0068773954104511537
2023,435,0.16056437134826199,0.17851547894557038,0.24014657625033006,0.15842770440926732,0.17653546742837814,0.23538561909708169,0.15835999308553941,0.17644752792896154,0.23525356310989409,0.15686451592901482,0.1748326156887261,0.23261499852548645,-0.0021366669389946691,-0.0019800115171922372,-0.0047609571532483685,-6.7711323727903672e-05,-8.7939499416600508e-05,-0.00013205598718760148,-0.0014954771565245939,-0.0016149122402354388,-0.0026385645844076433,-0.0022043782627225728,-0.0020679510166088377,-0.00489301314043597,-0.0015631884802524976,-0.0017028517396520393,-0.0027706205715952448,-0.0036998554192471667,-0.0036828632568442765,-0.0075315777248436133
2023,436,0.1624656689801928,0.18057546839089456,0.24085597047278284,0.16027687698501153,0.17846727611746413,0.23638050476224665,0.16021224059869263,0.17838219872768618,0.23629201308416872,0.15887656351352011,0.17691628126888259,0.23400910724340135,-0.0021887919951812662,-0.0021081922734304259,-0.0044754657105361972,-6.4636386318900341e-05,-8.5077389777948875e-05,-8.8491678077923241e-05,-0.0013356770851725153,-0.0014659174588035895,-0.0022829058407673741,-0.0022534283815001666,-0.0021932696632083748,-0.0045639573886141205,-0.0014003134714914156,-0.0015509948485815384,-0.0023713975188452974,-0.0035891054666726818,-0.0036591871220119643,-0.0068468632293814946
2023,437,0.16100925418332698,0.17998244289675183,0.24055740765834602,0.15924400355055129,0.17829801675890808,0.23676278567209263,0.15918779848798975,0.17824725791343446,0.23662551078501143,0.15811445618270939,0.17706765356254636,0.23480878176040063,-0.0017652506327756889,-0.0016844261378437531,-0.0037946219862533825,-5.6205062561542896e-05,-5.075884547361964e-05,-0.00013727488708120683,-0.0010733423052803615,-0.0011796043508880971,-0.0018167290246108025,-0.0018214556953372318,-0.0017351849833173727,-0.0039318968733345894,-0.0011295473678419043,-0.0012303631963617168,-0.0019540039116920094,-0.0028947980006175933,-0.0029147893342054698,-0.0057486258979453919
2023,438,0.16037414738974512,0.17777543805929441,0.24026081449311684,0.15828209725455322,0.1757920438497248,0.23569856675896111,0.15823523982079951,0.17567200990658269,0.23568322027588748,0.15682925380630477,0.17411250490012431,0.23327981517456806,-0.0020920501351918974,-0.0019833942095696111,-0.0045622477341557277,-4.6857433753710875e-05,-0.00012003394314211158,-1.5346483073636064e-05,-0.0014059860144947367,-0.0015595050064583782,-0.0024034051013194224,-0.0021389075689456083,-0.0021034281527117227,-0.0045775942172293638,-0.0014528434482484476,-0.0016795389496004898,-0.0024187515843930585,-0.003544893583440345,-0.0036629331591701009,-0.0069809993185487862
2023,439,0.1603023951919533,0.17804884453954492,0.23967717263668145,0.15859389686986311,0.17641696541602822,0.23547846770547443,0.15849667283509181,0.17628859235495911,0.23532085512944612,0.15693697590484718,0.17464278614711415,0.23258144026996433,-0.0017084983220901906,-0.0016318791235166996,-0.0041987049312070257,-9.7224034771303813e-05,-0.00012837306106910917,-0.0001576125760283098,-0.0015596969302446306,-0.0016458062078449631,-0.0027394148594817869,-0.0018057223568614944,-0.0017602521845858088,-0.0043563175072353355,-0.0016569209650159344,-0.0017741792689140723,-0.0028970274355100967,-0.003365419287106125,-0.0034060583924307719,-0.0070957323667171224
2023,440,0.16079916750762752,0.1785474830602774,0.24020861733454907,0.15898625539966499,0.17683524925535843,0.23617668445006262,0.1588725572510831,0.17666643730383141,0.23599377789375947,0.15732006270281126,0.17490690302909542,0.23335373966299358,-0.0018129121079625277,-0.0017122338049189723,-0.0040319328844864444,-0.0001136981485818922,-0.00016881195152701478,-0.00018290655630315289,-0.0015524945482718322,-0.001759534274735991,-0.0026400382307658898,-0.0019266102565444199,-0.001881045756445987,-0.0042148394407895973,-0.0016661926968537244,-0.0019283462262630058,-0.0028229447870690427,-0.0034791048048162521,-0.003640580031181978,-0.0068548776715554871
2023,441,0.16148731845257278,0.17951185590992999,0.24042146779658027,0.15930245977663191,0.17751214347960895,0.23550324008014345,0.15915785048563283,0.17732354598311917,0.23530325098132848,0.15786278734620712,0.17585031679641949,0.23327312885283064,-0.0021848586759408706,-0.0019997124303210434,-0.0049182277164368238,-0.00014460929099907593,-0.00018859749648977853,-0.00019998909881496774,-0.0012950631394257062,-0.0014732291866996761,-0.0020301221284978466,-0.0023294679669399465,-0.0021883099268108219,-0.0051182168152517915,-0.0014396724304247821,-0.0016618266831894546,-0.0022301112273128143,-0.0036245311063656527,-0.003661539113510498,-0.0071483389437496381
2023,442,0.16203472351471143,0.17965676845108561,0.24071237071456217,0.15979730727497957,0.17735520814500633,0.23605382989577786,0.15970306883397636,0.17725273902041502,0.23590834455664195,0.1580241955404896,0.17537668080413374,0.23309003257628216,-0.0022374162397318653,-0.0023015603060792811,-0.0046585408187843069,-9.4238441003202666e-05,-0.00010246912459130342,-0.00014548533913591455,-0.0016788732934867601,-0.0018760582162812844,-0.0028183119803597834,-0.002331654680735068,-0.0024040294306705845,-0.0048040261579202215,-0.0017731117344899627,-0.0019785273408725879,-0.0029637973194956979,-0.0040105279742218281,-0.0042800876469518689,-0.0076223381382800048
2023,443,0.16178302847492113,0.17915364616013563,0.24022774961779342,0.15976532321824324,0.1770637240209921,0.23611477753267421,0.15969219442668356,0.17699813621544655,0.23597447078286174,0.158476033689845,0.17563550900888564,0.23377897945636861,-0.0020177052566778819,-0.0020899221391435241,-0.0041129720851192098,-7.3128791559684547e-05,-6.5587805545552769e-05,-0.00014030674981246882,-0.0012161607368385563,-0.0013626272065609124,-0.0021954913264931319,-0.0020908340482375665,-0.0021555099446890769,-0.0042532788349316786,-0.0012892895283982408,-0.0014282150121064652,-0.0023357980763056008,-0.0033069947850761228,-0.0035181371512499893,-0.0064487701614248105
2023,444,0.16131130957938983,0.17936045886742705,0.24094338173891261,0.15960303812870175,0.17776946923063916,0.23671959213362689,0.15964295950398033,0.17779413184536869,0.23677315916587899,0.15859861833138655,0.17660488228347454,0.23498070990978789,-0.0017082714506880814,-0.0015909896367878873,-0.004223789605285716,3.9921375278584303e-05,2.4662614729525911e-05,5.3567032252094249e-05,-0.0010443411725937768,-0.0011892495618941457,-0.0017924492560910943,-0.0016683500754094971,-0.0015663270220583614,-0.0041702225730336218,-0.0010044197973151925,-0.0011645869471646197,-0.001738882223839,-0.0027126912480032739,-0.002755576583952507,-0.005962671829124716
2023,445,0.16262005099555882,0.18084320173595408,0.2406685963625011,0.16075745718198167,0.17921217179147489,0.23630542186372161,0.160713176859306,0.17916529957966212,0.23618995128031389,0.15927740609387778,0.17773479004329737,0.23366415889565548,-0.0018625938135771458,-0.0016310299444791954,-0.0043631744987794874,-4.4280322675671613e-05,-4.687221181276513e-05,-0.00011547058340771743,-0.0014357707654282237,-0.0014305095363647546,-0.0025257923846584152,-0.0019068741362528174,-0.0016779021562919605,-0.0044786450821872048,-0.0014800510881038953,-0.0014773817481775198,-0.0026412629680661326,-0.0033426449016810411,-0.0031084116926567151,-0.00700443746684562
2023,446,0.16073404227253518,0.1782742508076722,0.24030813215330943,0.15885376388404004,0.17657374278069662,0.23615991594038127,0.15884988242015541,0.1765468611669459,0.23608792146487187,0.15730099202224238,0.17486270469563736,0.23342661101921772,-0.001880278388495138,-0.0017005080269755779,-0.0041482162129281575,-3.8814638846362826e-06,-2.6881613750723288e-05,-7.1994475509401523e-05,-0.0015488903979130331,-0.00168415647130854,-0.0026613104456541525,-0.0018841598523797742,-0.0017273896407263012,-0.004220210688437559,-0.0015527718617976694,-0.0017110380850592632,-0.0027333049211635541,-0.0034330502502928073,-0.0034115461120348411,-0.0068815211340917115
2023,447,0.16079521307356318,0.17925681738774291,0.24042251531109912,0.15874239133391532,0.1774587928688581,0.23591303253117057,0.15864430140281555,0.17734549631825228,0.23576686441623812,0.15739876646390868,0.17601021085894952,0.2336794431537525,-0.0020528217396478532,-0.0017980245188848054,-0.0045094827799285475,-9.8089931099776262e-05,-0.00011329655060582366,-0.00014616811493245452,-0.0012455349389068615,-0.0013352854593027541,-0.0020874212624856225,-0.0021509116707476295,-0.0019113210694906291,-0.004655650894861002,-0.0013436248700066378,-0.0014485820099085778,-0.0022335893774180771,-0.003396446609654491,-0.0032466065287933832,-0.0067430721573466246
2023,448,0.16045236121097423,0.17810511843356652,0.24003118293246525,0.15802894935246273,0.17565782824714307,0.23469743662562526,0.15797433463375779,0.17560699941244254,0.23449046579784941,0.15652030240106843,0.17404605318460534,0.2320690593955064,-0.0024234118585114983,-0.0024472901864234509,-0.0053337463068399982,-5.4614718704937282e-05,-5.0828834700533676e-05,-0.00020697082777584863,-0.0014540322326893618,-0.0015609462278372011,-0.0024214064023430071,-0.0024780265772164356,-0.0024981190211239845,-0.0055407171346158468,-0.0015086469513942991,-0.0016117750625377347,-0.0026283772301188557,-0.0039320588099057974,-0.0040590652489611856,-0.0079621235369588539
2023,449,0.1601792179765722,0.1782916683496783,0.240524522410973,0.15786404746660407,0.17616233482211316,0.23549336429609269,0.15777719774062257,0.17604211055257241,0.23537041119206054,0.1564564799977374,0.17466714609397821,0.23300242994774895,-0.0023151705099681286,-0.0021293335275651415,-0.0050311581148803075,-8.6849725981497095e-05,-0.00012022426954075294,-0.00012295310403215298,-0.0013207177428851691,-0.0013749644585941967,-0.00236798124431159,-0.0024020202359496257,-0.0022495577971058944,-0.0051541112189124605,-0.0014075674688666662,-0.0014951887281349496,-0.0024909343483437429,-0.0037227379788347947,-0.0036245222557000911,-0.0075220924632240505
2023,450,0.16246659765425883,0.18110149020214983,0.24061291048934674,0.16040768037918343,0.17912622212396279,0.23619135918221668,0.16032318551388736,0.17899154358383909,0.23604125050776231,0.15871544448063485,0.17737592412173186,0.23311700009314984,-0.0020589172750754003,-0.0019752680781870424,-0.0044215513071300672,-8.4494865296075305e-05,-0.00013467854012369496,-0.00015010867445436338,-0.0016077410332525077,-0.0016156194621072262,-0.0029242504146124726,-0.0021434121403714756,-0.0021099466183107374,-0.0045716599815844305,-0.001692235898548583,-0.0017502980022309211,-0.003074359089066836,-0.0037511531736239834,-0.0037255660804179636,-0.0074959103961969031
2023,451,0.16132083401380082,0.17892688163939038,0.24052132589962102,0.15941787961092396,0.17712990112919932,0.23614387356674271,0.15935200906658631,0.17704437180062363,0.23600542154573598,0.15771439904621709,0.17523868705768791,0.23321421260866215,-0.0019029544028768552,-0.0017969805101910596,-0.0043774523328783121,-6.5870544337653936e-05,-8.5529328575695285e-05,-0.00013845202100673526,-0.0016376100203692179,-0.0018056847429357148,-0.0027912089370738247,-0.0019688249472145092,-0.0018825098387667549,-0.0045159043538850474,-0.0017034805647068718,-0.0018912140715114101,-0.0029296609580805599,-0.0036064349675837271,-0.0036881945817024697,-0.0073071132909588721
2023,452,0.16188012246188682,0.18011897834178434,0.24030834968354856,0.15975947748515751,0.17817785526471361,0.23551322792357732,0.15974034235998485,0.17815286672337627,0.23550664620258774,0.1584991012534403,0.1767047613936468,0.23353030173830883,-0.0021206449767293134,-0.0019411230770707277,-0.0047951217599712381,-1.9135125172653478e-05,-2.4988541337339631e-05,-6.5817209895790985e-06,-0.001241241106544555,-0.001448105329729471,-0.0019763444642789119,-0.0021397801019019669,-0.0019661116184080674,-0.0048017034809608172,-0.0012603762317172085,-0.0014730938710668107,-0.001982926185268491,-0.0033810212084465219,-0.0034142169481375384,-0.0067780479452397291
2023,453,0.16194295526427596,0.17981223304989039,0.24025758090968938,0.1597537791893742,0.1779131948856732,0.23536686194064205,0.15965372014996368,0.17776022267382091,0.23522253797041173,0.15801186702755407,0.17599751173111311,0.23256105408633793,-0.0021891760749017664,-0.0018990381642171872,-0.0048907189690473307,-0.00010005903941051608,-0.00015297221185228693,-0.00014432397023031451,-0.0016418531224096089,-0.0017627109427078014,-0.0026614838840738064,-0.0022892351143122824,-0.0020520103760694741,-0.0050350429392776452,-0.001741912161820125,-0.0019156831545600883,-0.0028058078543041209,-0.0039310882367218913,-0.0038147213187772755,-0.0076965268233514517
2023,454,0.1623165850743169,0.18012537676755241,0.24071332777904592,0.16045962786982024,0.17822418328905873,0.23693232096462716,0.16043221114195771,0.17814509001312387,0.23698613916225789,0.15878840076549858,0.1763162564454632,0.23442846500365552,-0.001856957204496662,-0.0019011934784936846,-0.0037810068144187581,-2.7416727862522583e-05,-7.9093275934860596e-05,5.381819763072837e-05,-0.0016438103764591372,-0.0018288335676606704,-0.0025576741586023632,-0.0018843739323591846,-0.0019802867544285452,-0.0037271886167880297,-0.0016712271043216598,-0.001907926843595531,-0.0025038559609716349,-0.0035281843088183218,-0.0038091203220892156,-0.006284862775390393
2023,455,0.15952139666111304,0.17590851759493448,0.24005058567909518,0.15743328321152439,0.17381400793756618,0.23599255615922859,0.15737507947878709,0.17370231153015997,0.23598935219735331,0.15593803530963621,0.17209517962217979,0.23361772281769416,-0.0020881134495886466,-0.0020945096573682931,-0.004058029519866585,-5.8203732737294178e-05,-0.00011169640740621434,-3.2039618752810473e-06,-0.0014370441691508862,-0.0016071319079801749,-0.0023716293796591514,-0.0021463171823259408,-0.0022062060647745074,-0.004061233481741866,-0.0014952479018881804,-0.0017188283153863892,-0.0023748333415344325,-0.003583361351476827,-0.0038133379727546823,-0.0064328628614010175
2023,456,0.16308324882410449,0.18106446219480551,0.24097034467658496,0.16103612529659586,0.17916959217286366,0.23659873775200593,0.16094232062849814,0.17905441100099137,0.23648060639264296,0.15935915481327848,0.17733725145061507,0.2339481845696281,-0.0020471235275086319,-0.0018948700219418579,-0.0043716069245790246,-9.3804668097718924e-05,-0.00011518117187228616,-0.00011813135936297736,-0.001583165815219667,-0.001717159550376296,-0.0025324218230148576,-0.0021409281956063508,-0.0020100511938141441,-0.0044897382839420019,-0.001676970483317386,-0.0018323407222485821,-0.002650553182377835,-0.0037240940108260179,-0.0037272107441904401,-0.0070221601069568595
2023,457,0.15904426438477087,0.1759951125778953,0.23935089093413989,0.15710927810046549,0.17417807079421066,0.23483531767913565,0.15705882620758152,0.17410128588427337,0.23470533791089543,0.15531815194936313,0.17233989122310184,0.23170339516109464,-0.0019349862843053844,-0.0018170417836846364,-0.0045155732550042349,-5.0451892883968119e-05,-7.6784909937288592e-05,-0.00012997976824022373,-0.0017406742582183887,-0.0017613946611715336,-0.0030019427498007845,-0.0019854381771893526,-0.001893826693621925,-0.0046455530232444586,-0.0017911261511023568,-0.0018381795711088222,-0.0031319225180410082,-0.0037261124354077413,-0.0036552213547934587,-0.0076474957730452431
2023,458,0.16039815687811937,0.1788177155504127,0.24020179853393467,0.15838895604187614,0.17704439713587813,0.23572299379698317,0.15819453576948439,0.17679366294626639,0.23540296083934115,0.15716577424311409,0.17564295387624329,0.23365779642249221,-0.0020092008362432301,-0.0017733184145345693,-0.0044788047369515027,-0.00019442027239174875,-0.00025073418961174543,-0.00032003295764201911,-0.0010287615263702976,-0.0011507090700230982,-0.0017451644168489377,-0.0022036211086349788,-0.0020240526041463147,-0.0047988376945935218,-0.0012231817987620464,-0.0014014432596348436,-0.0020651973744909569,-0.0032323826350052765,-0.0031747616741694129,-0.0065440021114424596
2023,459,0.16173513543016882,0.1791330961549506,0.24042565615434791,0.15952568632990433,0.17693988725604654,0.23579326285646876,0.15944775255237059,0.17684042082400014,0.23567962419485128,0.15792211688452726,0.17537430047984939,0.23294312563605135,-0.0022094491002644934,-0.0021932088989040643,-0.0046323932978791504,-7.7933777533734094e-05,-9.9466432046391162e-05,-0.00011363866161748226,-0.0015256356678433336,-0.0014661203441507509,-0.0027364985587999269,-0.0022873828777982275,-0.0022926753309504555,-0.0047460319594966327,-0.0016035694453770677,-0.001565586776197142,-0.0028501372204174091,-0.0038130185456415611,-0.0037587956751012064,-0.0074825305182965596
2023,460,0.16128906744944477,0.17951475271482284,0.24034596367009853,0.15927689903694306,0.17773161793100933,0.23590694253611588,0.15926290045155522,0.17772194550612527,0.23589994161769087,0.15739411921892321,0.17558945091340306,0.232792273952177,-0.0020121684125017081,-0.0017831347838135059,-0.0044390211339826458,-1.3998585387836604e-05,-9.6724248840607263e-06,-7.0009184250097167e-06,-0.0018687812326320108,-0.0021324945927222172,-0.0031076676655138746,-0.0020261669978895447,-0.0017928072086975666,-0.0044460220524076555,-0.0018827798180198474,-0.0021421670176062779,-0.0031146685839388843,-0.0038949482305215555,-0.0039253018014197838,-0.0075536897179215301
2023,461,0.16115103887434734,0.17954909120967324,0.24065464618625643,0.15932367750467791,0.17781140822461425,0.23654556088213444,0.15921165664058359,0.17765353215726426,0.23628199441750858,0.15798607441715604,0.17627646245369,0.23421253623525642,-0.0018273613696694335,-0.001737682985058997,-0.0041090853041219899,-0.00011202086409431433,-0.00015787606734998794,-0.00026356646462585842,-0.0012255822234275571,-0.0013770697035742629,-0.0020694581822521541,-0.0019393822337637479,-0.0018955590524089849,-0.0043726517687478483,-0.0013376030875218714,-0.0015349457709242509,-0.0023330246468780125,-0.0031649644571913049,-0.0032726287559832479,-0.0064421099510000024
2023,462,0.16381578727354143,0.18272207920668143,0.24165205626705982,0.16212750729444717,0.18117493981025926,0.23773660002664218,0.16206934081862318,0.18111535248137631,0.23763364460102232,0.16041431037952153,0.17918138780390339,0.23466894878930036,-0.0016882799790942649,-0.0015471393964221758,-0.0039154562404176418,-5.8166475823989705e-05,-5.9587328882948487e-05,-0.0001029554256198606,-0.0016550304391016457,-0.0019339646774729213,-0.0029646958117219568,-0.0017464464549182546,-0.0016067267253051243,-0.0040184116660375024,-0.0017131969149256354,-0.0019935520063558698,-0.0030676512373418174,-0.0034014768940199003,-0.0035406914027780456,-0.0069831074777594593
2023,463,0.16000067417780298,0.17750678798095521,0.24014021707198011,0.15791557831388328,0.17568038261300417,0.23528269086194806,0.15786175824687784,0.17559760401993391,0.23523952166190809,0.15674690350059145,0.17443877937350152,0.23303676293736622,-0.0020850958639196948,-0.0018264053679510339,-0.0048575262100320482,-5.3820067005438954e-05,-8.2778593070265138e-05,-4.3169200039966382e-05,-0.0011148547462863923,-0.0011588246464323826,-0.0022027587245418701,-0.0021389159309251338,-0.0019091839610212991,-0.0049006954100720146,-0.0011686748132918312,-0.0012416032395026477,-0.0022459279245818364,-0.003253770677211526,-0.0030680086074536816,-0.0071034541346138846
2023,464,0.16263084501007752,0.18024210794260898,0.24044708832159301,0.16079362655964305,0.17858144346500815,0.23628328782211988,0.16076513139841211,0.17852882037217144,0.23620985375130418,0.15909971563965053,0.17667455733449605,0.23340356508516905,-0.0018372184504344691,-0.0016606644776008261,-0.0041638004994731248,-2.8495161230934762e-05,-5.2623092836712182e-05,-7.343407081569775e-05,-0.0016654157587615848,-0.0018542630376753855,-0.0028062886661351372,-0.0018657136116654038,-0.0017132875704375383,-0.0042372345702888226,-0.0016939109199925195,-0.0019068861305120977,-0.0028797227369508349,-0.0035311293704269886,-0.0035675506081129238,-0.0070435232364239597
2023,465,0.1598049332374768,0.17730831726989518,0.23969764360979537,0.15764057748939511,0.17545652742606241,0.2347705850637303,0.1574937867292299,0.17524187441576322,0.23456761990602903,0.15615721754544365,0.17373201998391241,0.23231992968697762,-0.0021643557480816866,-0.001851789843832774,-0.0049270585460650662,-0.00014679076016521631,-0.00021465301029918726,-0.00020296515770126811,-0.0013365691837862459,-0.00150985443185081,-0.0022476902190514125,-0.0023111465082469029,-0.0020664428541319613,-0.0051300237037663343,-0.0014833599439514622,-0.0017245074421499973,-0.0024506553767526806,-0.0036477156920331488,-0.0035762972859827713,-0.0073777139228177468
2023,466,0.16168132360818752,0.17948928096976796,0.24063578068788677,0.15952537561739272,0.17758054387466374,0.235683251211731,0.15947796645493681,0.17751201606790254,0.23557223317828554,0.15804742042321232,0.17585231425033304,0.23335521430267642,-0.0021559479907947987,-0.0019087370951042237,-0.0049525294761557648,-4.7409162455908094e-05,-6.8527806761198296e-05,-0.00011101803344545913,-0.0014305460317244889,-0.0016597018175694978,-0.002217018875609128,-0.0022033571532507068,-0.001977264901865422,-0.0050635475096012239,-0.001477955194180397,-0.001728229624330696,-0.0023280369090545872,-0.0036339031849751957,-0.0036369667194349198,-0.0072805663852103519
2023,467,0.16131519411124615,0.17820915821779498,0.24057293617200481,0.15941215657944838,0.17642989364446748,0.23644918322892378,0.1593787422822858,0.17632901316315486,0.23644269890863881,0.15816553925973156,0.17499986936083956,0.23446328437836664,-0.0019030375317977688,-0.0017792645733274992,-0.0041237529430810382,-3.3414297162581708e-05,-0.00010088048131262628,-6.4843202849662607e-06,-0.0012132030225542323,-0.0013291438023153024,-0.0019794145302721722,-0.0019364518289603505,-0.0018801450546401255,-0.0041302372633660045,-0.001246617319716814,-0.0014300242836279287,-0.0019858988505571384,-0.0031496548515145828,-0.0032092888569554279,-0.0061096517936381767
2023,468,0.16163346681596047,0.17990607895671723,0.24088217848098306,0.15949061396469008,0.17801134897360293,0.23598835641401961,0.15946772737176659,0.17795080601254992,0.23593938187099128,0.1582885430322932,0.1767018273355887,0.23383356250276471,-0.0021428528512703882,-0.0018947299831142961,-0.0048938220669634547,-2.2886592923487825e-05,-6.0542961053011712e-05,-4.8974543028323936e-05,-0.0011791843394733936,-0.001248978676961221,-0.0021058193682265691,-0.002165739444193876,-0.0019552729441673078,-0.0049427966099917786,-0.0012020709323968815,-0.0013095216380142327,-0.0021547939112548931,-0.0033449237836672696,-0.0032042516211285288,-0.0070486159782183477
2023,469,0.162972793039148,0.18203274982234427,0.24085522840695536,0.16071248395311405,0.17986683118619406,0.23589408766468711,0.16065979865148225,0.17979864513417637,0.23580584543692429,0.15935022087410536,0.17835883666271077,0.23369783278922099,-0.0022603090860339459,-0.0021659186361502047,-0.0049611407422682496,-5.268530163179963e-05,-6.8186052017693566e-05,-8.8242227762824754e-05,-0.0013095777773768913,-0.0014398084714656034,-0.0021080126477033001,-0.0023129943876657455,-0.0022341046881678983,-0.0050493829700310744,-0.0013622630790086909,-0.001507994523483297,-0.0021962548754661249,-0.0036225721650426368,-0.0036739131596335017,-0.0071573956177343745
2023,470,0.16146207171784549,0.17945450008805283,0.2403035646702513,0.15942256572063618,0.17739771326197262,0.23611385222806092,0.15939111260681288,0.17734778099128889,0.23611727836399848,0.15774044804096599,0.17547962873563558,0.23324131691895891,-0.0020395059972093121,-0.0020567868260802091,-0.0041897124421903797,-3.145311382329874e-05,-4.9932270683727964e-05,3.426135937567576e-06,-0.0016506645658468933,-0.0018681522556533159,-0.002875961445039571,-0.0020709591110326109,-0.0021067190967639371,-0.0041862863062528122,-0.001682117679670192,-0.0019180845263370438,-0.0028725353091020034,-0.0037216236768795041,-0.003974871352417253,-0.0070622477512923831
2023,471,0.1621308021525521,0.18117562285726271,0.24071888229424265,0.16011506232531625,0.17932584711380184,0.23622877173623091,0.16013415718003479,0.17931363176399839,0.23623935480713376,0.15866736778978641,0.17769029408328807,0.23378841812095863,-0.0020157398272358518,-0.0018497757434608741,-0.0044901105580117395,1.9094854718543219e-05,-1.2215349803446074e-05,1.0583070902847602e-05,-0.0014667893902483853,-0.0016233376807103239,-0.0024509366861751314,-0.0019966449725173085,-0.0018619910932643202,-0.0044795274871088919,-0.0014476945355298421,-0.00163555303051377,-0.0024403536152722838,-0.0034634343627656938,-0.0034853287739746441,-0.0069304641732840233
2023,472,0.16141540464579079,0.17935722813235563,0.24077571115970364,0.15932242646794403,0.17723439235192404,0.2363731834083328,0.1592014312542385,0.17712912771532308,0.23611262056625121,0.15794191602982371,0.17570350825416373,0.23394672702175498,-0.0020929781778467604,-0.0021228357804315978,-0.0044025277513708438,-0.00012099521370553812,-0.00010526463660096019,-0.00026056284208159086,-0.0012595152244147811,-0.0014256194611593498,-0.002165893544496228,-0.0022139733915522986,-0.002228100417032558,-0.0046630905934524347,-0.0013805104381203193,-0.00153088409776031,-0.0024264563865778188,-0.0034734886159670797,-0.0036537198781919078,-0.0068289841379486627
2023,473,0.16307099471662975,0.18148429579862305,0.24098351138557042,0.16101274857619535,0.17945299580039761,0.23661132960280262,0.16097212846503053,0.17939709682312804,0.23653892450559663,0.15968208991824709,0.17798575984460421,0.23446918137898792,-0.0020582461404343999,-0.0020312999982254332,-0.0043721817827677978,-4.0620111164818562e-05,-5.5898977269569494e-05,-7.2405097205990865e-05,-0.0012900385467834452,-0.0014113369785238306,-0.0020697431266087085,-0.0020988662515992185,-0.0020871989754950027,-0.0044445868799737887,-0.0013306586579482638,-0.0014672359557934,-0.0021421482238146994,-0.0033889047983826637,-0.0034985359540188332,-0.0065143300065824972
2023,474,0.16235630579226562,0.18096286500741948,0.24063373558795678,0.16047877376561703,0.17906687184674314,0.23689149770846504,0.16038660126869123,0.17896758253850334,0.236735018817325,0.15879386194186865,0.17703025518992063,0.23425513009907037,-0.0018775320266485873,-0.0018959931606763458,-0.0037422378794917388,-9.2172496925807534e-05,-9.9289308239797203e-05,-0.00015647889114003832,-0.0015927393268225787,-0.0019373273485827069,-0.0024798887182546359,-0.0019697045235743948,-0.001995282468916143,-0.0038987167706317771,-0.0016849118237483862,-0.0020366166568225041,-0.0026363676093946742,-0.0035624438503969735,-0.00393260981749885,-0.006378605488886413
2023,475,0.16296111126395649,0.18111457571681483,0.24099708921213925,0.16073631483964682,0.17896566095749533,0.23622682102028242,0.16065575217218789,0.17885693255941279,0.23613656231512942,0.15931324441624309,0.17729260651397269,0.23400118234740816,-0.0022247964243096718,-0.0021489147593194979,-0.0047702681918568302,-8.0562667458927706e-05,-0.00010872839808254153,-9.0258705153001273e-05,-0.0013425077559447995,-0.0015643260454401009,-0.002135379967721257,-0.0023053590917685995,-0.0022576431574020395,-0.0048605268970098314,-0.0014230704234037272,-0.0016730544435226424,-0.0022256386728742583,-0.0036478668477133991,-0.0038219692028421404,-0.0069959068647310885
2023,476,0.16226520746341308,0.18058339356294448,0.24029343905170231,0.16047260555353307,0.178941523277479,0.23641282516668707,0.16027987581878891,0.17872468899957647,0.23611989965203184,0.15894036065623074,0.17721845983071413,0.23390357712360912,-0.0017926019098800094,-0.0016418702854654743,-0.0038806138850152327,-0.000192729734744157,-0.0002168342779025334,-0.00029292551465523453,-0.0013395151625581747,-0.0015062291688623386,-0.002216322528422715,-0.0019853316446241664,-0.0018587045633680077,-0.0041735393996704673,-0.0015322448973023317,-0.001723063446764872,-0.0025092480430779496,-0.0033248468071823412,-0.0033649337322303463,-0.0063898619280931823
2023,477,0.16137887039755802,0.17980512279683858,0.24118939610713752,0.15967903345002935,0.17819113937812486,0.23710867684364531,0.15966017669008076,0.17816168680008734,0.23707344602255329,0.15813704710881177,0.17660823299067568,0.23434931614955976,-0.0016998369475286768,-0.0016139834187137159,-0.0040807192634922107,-1.885675994858782e-05,-2.9452578037519883e-05,-3.5230821092024911e-05,-0.0015231295812689893,-0.001553453809411659,-0.0027241298729935304,-0.0017186937074772646,-0.0016434359967512358,-0.0041159500845842356,-0.0015419863412175772,-0.0015829063874491789,-0.0027593606940855553,-0.0032418232887462539,-0.0031968898061628948,-0.006840079957577766
2023,478,0.1637479758305371,0.18176553254089811,0.24104235254744927,0.16190091665911674,0.18006627292563127,0.23676600116431606,0.16173501738682833,0.17989393284652128,0.23645979954402499,0.1601779030333533,0.17827249873278977,0.23376168843076275,-0.0018470591714203621,-0.001699259615266846,-0.0042763513831332034,-0.00016589927228841117,-0.00017234007910998939,-0.00030620162029107445,-0.0015571143534750254,-0.0016214341137315014,-0.002698111113262236,-0.0020129584437087733,-0.0018715996943768354,-0.0045825530034242778,-0.0017230136257634365,-0.0017937741928414908,-0.0030043127335533104,-0.0035700727971837987,-0.0034930338081083367,-0.0072806641166865138
2023,479,0.16129486461757175,0.17933149381167035,0.24123802571885483,0.15891191014436992,0.17707509297974153,0.23621680638496129,0.15886554964377117,0.17700070609673962,0.23614789456840193,0.15732805986275264,0.17540662362742376,0.23360865311168533,-0.0023829544732018315,-0.0022564008319288231,-0.0050212193338935451,-4.6360500598752186e-05,-7.4386883001903437e-05,-6.8911816559352745e-05,-0.0015374897810185306,-0.0015940824693158606,-0.0025392414567166066,-0.0024293149738005837,-0.0023307877149307266,-0.0050901311504528979,-0.0015838502816172828,-0.0016684693523177641,-0.0026081532732759594,-0.0039668047548191143,-0.0039248701842465872,-0.0076293726071695045
2023,480,0.16118131363116822,0.1791420211609133,0.24027851542875844,0.15908191092218688,0.17711948933402591,0.2359555250244014,0.15896499798036662,0.17699177706750588,0.23573095122859924,0.15755274823346535,0.17535739989646437,0.23345282461551381,-0.0020994027089813461,-0.002022531826887386,-0.0043229904043570466,-0.00011691294182025747,-0.00012771226652003032,-0.00022457379580215209,-0.0014122497469012674,-0.0016343771710415067,-0.002278126613085435,-0.0022163156508016035,-0.0021502440934074163,-0.0045475642001591987,-0.0015291626887215248,-0.001762089437561537,-0.002502700408887587,-0.0036285653977028709,-0.003784621264448923,-0.0068256908132446337
2023,481,0.15882243334497445,0.17595146015750787,0.23955620462289662,0.15661038698640412,0.17396856132717245,0.2347649456150171,0.15653704991125028,0.17387933729151217,0.23460038440460543,0.1547231436780066,0.17186081965905742,0.23155694099045809,-0.0022120463585703354,-0.0019828988303354222,-0.0047912590078795225,-7.3337075153834252e-05,-8.9224035660279144e-05,-0.00016456121041166782,-0.0018139062332436784,-0.0020185176324547527,-0.0030434434141473343,-0.0022853834337241696,-0.0020721228659957014,-0.0049558202182911903,-0.0018872433083975126,-0.0021077416681150318,-0.0032080046245590021,-0.004099289666967848,-0.0040906404984504541,-0.0079992636324385247
2023,482,0.16170005535534912,0.17893545434308269,0.24080605847214373,0.15988513075341534,0.17734139755299869,0.23659207286067704,0.15985788250460586,0.17729151062056484,0.23652634790247878,0.15821627685336506,0.17543506395351902,0.23376661048920641,-0.0018149246019337761,-0.0015940567900840086,-0.0042139856114666863,-2.7248248809480513e-05,-4.9886932433851339e-05,-6.5724958198259964e-05,-0.0016416056512408017,-0.0018564466670458191,-0.0027597374132723729,-0.0018421728507432567,-0.0016439437225178599,-0.0042797105696649462,-0.0016688539000502822,-0.0019063335994796704,-0.0028254623714706328,-0.0034837785019840584,-0.003500390389563679,-0.0070394479829373191
2023,483,0.16253761868023833,0.18101616445897495,0.24115279176973545,0.16052157873037698,0.17914099071663803,0.2367837157104036,0.1604098055611482,0.17898130505064502,0.23664112032995971,0.15936193707922008,0.1778810755244761,0.23442202533120673,-0.0020160399498613535,-0.0018751737423369219,-0.0043690760593318445,-0.00011177316922877933,-0.00015968566599300349,-0.00014259538044389397,-0.0010478684819281159,-0.0011002295261689221,-0.002219094998752974,-0.0021278131190901328,-0.0020348594083299254,-0.0045116714397757385,-0.0011596416511568952,-0.0012599151921619256,-0.002361690379196868,-0.0031756816010182487,-0.0031350889344988475,-0.0067307664385287125
2023,484,0.16164004326122644,0.18015553820786628,0.24082013150874398,0.15962775126645332,0.17827725067574285,0.23622452461190296,0.15953124806286251,0.17812907547186366,0.23600342042403247,0.15828157782010024,0.17686856048722366,0.23339035598994864,-0.0020122919947731244,-0.0018782875321234349,-0.0045956068968410202,-9.6503203590808662e-05,-0.0001481752038791917,-0.00022110418787049668,-0.001249670242762263,-0.0012605149846399988,-0.0026130644340838227,-0.002108795198363933,-0.0020264627360026266,-0.0048167110847115169,-0.0013461734463530717,-0.0014086901885191905,-0.0028341686219543194,-0.003358465441126196,-0.0032869777206426254,-0.0074297755187953396
2023,485,0.1600622181299361,0.17765834454486362,0.2400185416306608,0.15792771805414191,0.17571157316580202,0.23531144995226716,0.15783624847257444,0.17559261135881421,0.23519309986322151,0.1566993902983477,0.17450162511883574,0.23310843998809136,-0.0021345000757941879,-0.0019467713790616015,-0.0047070916783936434,-9.1469581567471536e-05,-0.00011896180698781067,-0.00011835008904564903,-0.0011368581742267347,-0.0010909862399784698,-0.0020846598751301515,-0.0022259696573616594,-0.0020657331860494121,-0.0048254417674392924,-0.0012283277557942063,-0.0012099480469662804,-0.0022030099641758005,-0.0033628278315883942,-0.0031567194260278819,-0.0069101016425694439
2023,486,0.16029648170517863,0.17792599621576735,0.24007342278607871,0.15793789922991369,0.1755997201130883,0.23525223729787481,0.15781025881237373,0.1753838661302925,0.23506696888527107,0.15645096062310015,0.17392951000120271,0.23279432034948791,-0.0023585824752649365,-0.0023262761026790479,-0.0048211854882038996,-0.00012764041753995925,-0.00021585398279580503,-0.00018526841260374516,-0.0013592981892735778,-0.0014543561290897844,-0.0022726485357831561,-0.0024862228928048957,-0.002542130085474853,-0.0050064539008076447,-0.0014869386068135371,-0.0016702101118855894,-0.0024579169483869012,-0.0038455210820784735,-0.0039964862145646374,-0.0072791024365908008
2023,487,0.16048276873511041,0.17747479096446356,0.23995859467174793,0.15817423665554317,0.17525386419740738,0.23520328114760986,0.15805763509932463,0.17510106560781735,0.23506325707343839,0.1563300895819493,0.17302431215683844,0.23253544177020799,-0.0023085320795672437,-0.0022209267670561805,-0.0047553135241380773,-0.00011660155621853741,-0.00015279858959002524,-0.00014002407417146312,-0.001727545517375334,-0.0020767534509789076,-0.0025278153032304018,-0.0024251336357857811,-0.0023737253566462058,-0.0048953375983095404,-0.0018441470735938714,-0.0022295520405689329,-0.0026678393774018649,-0.0041526791531611151,-0.0044504788076251134,-0.0074231529015399422
2023,488,0.16123400356605605,0.17825826620222512,0.24016951420943117,0.15950971659302848,0.17667155623383263,0.23606095920778797,0.1594325208803527,0.17654502691055057,0.23594482197704364,0.1580865787907838,0.17522411474867311,0.23361301322635269,-0.0017242869730275667,-0.0015867099683924968,-0.0041085550016431993,-7.7195712675781625e-05,-0.00012652932328205413,-0.00011613723074432869,-0.0013459420895688967,-0.0013209121618774633,-0.0023318087506909446,-0.0018014826857033484,-0.0017132392916745509,-0.004224692232387528,-0.0014231378022446783,-0.0014474414851595174,-0.0024479459814352733,-0.0031474247752722451,-0.0030341514535520142,-0.0065565009830784726
2023,489,0.16242110866199591,0.18079559928880412,0.24053843111731438,0.16060036453844131,0.17894511096201934,0.23667828402910637,0.1605226186646935,0.17886550865208492,0.23656308253753999,0.15930566997313336,0.17755623681990268,0.2342535478253345,-0.0018207441235545962,-0.0018504883267847771,-0.0038601470882080047,-7.7745873747814276e-05,-7.960230993442341e-05,-0.00011520149156638015,-0.001216948691560138,-0.0013092718321822405,-0.002309534712205491,-0.0018984899973024105,-0.0019300906367192006,-0.0039753485797743848,-0.0012946945653079522,-0.0013888741421166639,-0.0024247362037718712,-0.0031154386888625485,-0.0032393624689014411,-0.0062848832919798758
2023,490,0.16090793121932959,0.17819826242644307,0.24044088320202237,0.15873306832288445,0.17608630286453894,0.2356562689399696,0.15857622416525724,0.17591205604406018,0.23541659648774121,0.15694465637079247,0.1741599292655821,0.2325783329265938,-0.00217486289644514,-0.0021119595619041309,-0.004784614262052761,-0.00015684415762720616,-0.00017424682047875728,-0.00023967245222838995,-0.0016315677944647722,-0.0017521267784780803,-0.0028382635611474138,-0.0023317070540723461,-0.0022862063823828882,-0.0050242867142811509,-0.0017884119520919783,-0.0019263735989568376,-0.0030779360133758038,-0.0039632748485371183,-0.0040383331608609685,-0.0078625502754285648
2023,491,0.16059803713963866,0.17881617762016955,0.24028970558513948,0.15895159141803675,0.17739537476776107,0.23631526752628582,0.15889138493755034,0.17732096149807541,0.23620072271301898,0.15731744332451814,0.17550375228824353,0.23353642664254859,-0.0016464457216019135,-0.0014208028524084759,-0.0039744380588536687,-6.0206480486407754e-05,-7.441326968565809e-05,-0.00011454481326683696,-0.0015739416130322037,-0.0018172092098318882,-0.00266429607047039,-0.0017066522020883212,-0.001495216122094134,-0.0040889828721205057,-0.0016341480935186115,-0.0018916224795175463,-0.0027788408837372269,-0.0032805938151205249,-0.0033124253319260222,-0.0067532789425908957
2023,492,0.16206694743311459,0.18025194515710083,0.24058523162521692,0.16009185731671038,0.17845376588201814,0.23633324742163575,0.16011572132294197,0.17849077622710824,0.23634986155790416,0.15877848383541956,0.17714562851072968,0.23392537453869003,-0.0019750901164042045,-0.0017981792750826897,-0.0042519842035811661,2.3864006231583135e-05,3.7010345090099372e-05,1.661413626841135e-05,-0.0013372374875224025,-0.0013451477163785586,-0.0024244870192141332,-0.0019512261101726214,-0.0017611689299925903,-0.0042353700673127548,-0.0013133734812908193,-0.0013081373712884592,-0.0024078728829457219,-0.0032884635976950238,-0.0031063166463711489,-0.006659857086526888
2023,493,0.16136305696400319,0.1786116756232006,0.2402137519117637,0.15923006166533946,0.17662524536245108,0.23550731467983596,0.15911908330880162,0.17648935222956535,0.2353237279780771,0.15807435698567099,0.17524423664626973,0.2334266160145268,-0.0021329952986637313,-0.0019864302607495166,-0.0047064372319277348,-0.00011097835653783861,-0.00013589313288572824,-0.00018358670175885883,-0.0010447263231306292,-0.0012451155832956251,-0.001897111963550302,-0.0022439736552015699,-0.0021223233936352448,-0.0048900239336865936,-0.0011557046796684678,-0.0013810087161813533,-0.0020806986653091608,-0.0032886999783321991,-0.0033674389769308699,-0.0067871358972368956
2023,494,0.16107192093627368,0.17869896188426987,0.24025537569120689,0.15886070775606109,0.17666482510917755,0.23553870183188577,0.1587310605889494,0.17658288616512355,0.23528085468547005,0.15720716206383231,0.17476616135351974,0.23273756180136299,-0.0022112131802125845,-0.0020341367750923156,-0.0047166738593211188,-0.0001296471671116961,-8.1938944054005258e-05,-0.00025784714641571838,-0.0015238985251170845,-0.0018167248116038037,-0.0025432928841070679,-0.0023408603473242806,-0.0021160757191463209,-0.0049745210057368372,-0.0016535456922287806,-0.001898663755657809,-0.0028011400305227863,-0.0038647588724413651,-0.0039328005307501246,-0.0075178138898439051
2023,495,0.15973128764396025,0.17703171738994319,0.23996639353370947,0.15747544106827913,0.1748762429427119,0.23518460469982197,0.15749357524962765,0.17487699097358755,0.23516368117756098,0.15642311035960188,0.17368881703345873,0.23329562118470143,-0.0022558465756811197,-0.0021554744472312981,-0.0047817888338874959,1.8134181348522516e-05,7.4803087565800119e-07,-2.0923522260990479e-05,-0.0010704648900257685,-0.0011881739401288227,-0.0018680599928595498,-0.0022377123943325972,-0.0021547264163556401,-0.0048027123561484864,-0.001052330708677246,-0.0011874259092531647,-0.0018889835151205403,-0.0033081772843583657,-0.0033429003564844628,-0.0066707723490080362
2023,496,0.16230011251987841,0.18016139302167103,0.24077606894110504,0.16035260581731048,0.17825700733882063,0.23648476376174482,0.16024657428342171,0.17815636978188848,0.23632532746458787,0.15888678167463044,0.17663970223025621,0.23414353238451349,-0.001947506702567936,-0.0019043856828503958,-0.0042913051793602164,-0.00010603153388877296,-0.00010063755693215382,-0.00015943629715695073,-0.001359792608791266,-0.001516667551632267,-0.0021817950800743779,-0.002053538236456709,-0.0020050232397825496,-0.0044507414765171671,-0.0014658241426800389,-0.0016173051085644208,-0.0023412313772313287,-0.0034133308452479749,-0.0035216907914148166,-0.0066325365565915451
2023,497,0.16026193021001925,0.1770095605803661,0.24011384153160295,0.15834976594165009,0.17519563176297406,0.23561661646203635,0.1582843318424671,0.17509857010707447,0.23549166376030459,0.15704588874438288,0.17382404271342866,0.23308287558956173,-0.0019121642683691542,-0.0018139288173920354,-0.0044972250695665961,-6.5434099182998251e-05,-9.7061655899594035e-05,-0.00012495270173176753,-0.0012384430980842132,-0.0012745273936458079,-0.0024087881707428593,-0.0019775983675521525,-0.0019109904732916294,-0.0046221777712983636,-0.0013038771972672114,-0.001371589049545402,-0.0025337408724746269,-0.0032160414656363656,-0.0031855178669374373,-0.0070309659420412229
2023,498,0.16017438875371334,0.17655674442136468,0.23994022567748349,0.15820164749819746,0.17481119561158698,0.23543818320848373,0.15805980173670442,0.17465153827388147,0.23517242072731667,0.15649906635324115,0.17294695119976619,0.2322671497582213,-0.0019727412555158863,-0.0017455488097777028,-0.0045020424689997673,-0.00014184576149303685,-0.00015965733770550994,-0.00026576248116705337,-0.0015607353834632687,-0.0017045870741152769,-0.0029052709690953749,-0.0021145870170089232,-0.0019052061474832127,-0.0047678049501668207,-0.0017025811449563055,-0.0018642444118207868,-0.0031710334502624282,-0.0036753224004721918,-0.0036097932215984896,-0.0076730759192621956
2023,499,0.16025908417660198,0.17738121898447573,0.2399370303898043,0.15815999949079551,0.17551263289710337,0.23506818801140106,0.15807979810397446,0.17540401523411139,0.23495651877598447,0.156543087381594,0.17375438882131913,0.23231920096742725,-0.0020990846858064682,-0.0018685860873723648,-0.0048688423784032375,-8.0201386821049381e-05,-0.00010861766299197217,-0.0001116692354165838,-0.0015367107223804577,-0.00164962641279226,-0.0026373178085572213,-0.0021792860726275176,-0.0019772037503643369,-0.0049805116138198213,-0.0016169121092015071,-0.0017582440757842321,-0.0027489870439738051,-0.0037159967950079753,-0.0036268301631565969,-0.0076178294223770426
2023,500,0.16136492660183194,0.17870952156292821,0.24038043125321629,0.15891219520766048,0.1762613438656927,0.23513072262144716,0.15886383394176568,0.1761789994276145,0.23503394362864188,0.15747532087923727,0.17462952789861944,0.23261306063357082,-0.002452731394171459,-0.0024481776972355151,-0.0052497086317691288,-4.8361265894802941e-05,-8.2344438078196802e-05,-9.6778992805274244e-05,-0.001388513062528407,-0.0015494715289950667,-0.0024208829950710664,-0.002501092660066262,-0.002530522135313712,-0.0053464876245744031,-0.0014368743284232099,-0.0016318159670732635,-0.0025176619878763407,-0.003889605722594669,-0.0040799936643087786,-0.0077673706196454695
full_2024,1,,0.1818231486837468,,,0.17783372546293161,,,0.17759819858521175,,,0.17658312064305798,,,-0.0039894232208151914,,,-0.00023552687771985492,,,-0.0010150779421537748,,,-0.0042249500985350463,,,-0.0012506048198736297,,,-0.0052400280406888211,
full_2024,2,,0.17997459552952336,,,0.17572534281383664,,,0.17560622946710225,,,0.17492524980019572,,,-0.0042492527156867133,,,-0.00011911334673439522,,,-0.00068097966690652822,,,-0.0043683660624211085,,,-0.00080009301364092344,,,-0.0050493457293276367,
full_2024,3,,0.1797503670475418,,,0.17568942441169452,,,0.17550183019333873,,,0.17432203287000422,,,-0.0040609426358472756,,,-0.00018759421835579104,,,-0.0011797973233345083,,,-0.0042485368542030666,,,-0.0013673915416902993,,,-0.0054283341775375749,
full_2024,4,,0.17996588179397174,,,0.17539230490349969,,,0.17519503747826021,,,0.17387810895106171,,,-0.0045735768904720531,,,-0.00019726742523948348,,,-0.0013169285271985021,,,-0.0047708443157115366,,,-0.0015141959524379855,,,-0.0060877728429100386,
full_2024,5,,0.1818089349392106,,,0.17750305995585297,,,0.17734549736718785,,,0.17608890473002034,,,-0.0043058749833576326,,,-0.00015756258866511663,,,-0.001256592637167514,,,-0.0044634375720227493,,,-0.0014141552258326306,,,-0.0057200302091902633,
full_2024,6,,0.17969978680247872,,,0.17537366944187588,,,0.17516481651094631,,,0.17383124786231346,,,-0.0043261173606028436,,,-0.00020885293092956503,,,-0.0013335686486328491,,,-0.0045349702915324086,,,-0.0015424215795624141,,,-0.0058685389401652577,
full_2024,7,,0.17892361265646844,,,0.17443615461025505,,,0.17429488060588738,,,0.17318432205766629,,,-0.0044874580462133939,,,-0.00014127400436766968,,,-0.0011105585482210911,,,-0.0046287320505810636,,,-0.0012518325525887608,,,-0.0057392905988021548,
full_2024,8,,0.17968391086578678,,,0.17534816038185794,,,0.17524746058608057,,,0.17440138019039333,,,-0.0043357504839288408,,,-0.00010069979577737032,,,-0.00084608039568723203,,,-0.0044364502797062111,,,-0.00094678019146460235,,,-0.0052825306753934431,
full_2024,9,,0.18046132828532285,,,0.17618337218661104,,,0.1760470133069873,,,0.17505430693820034,,,-0.0042779560987118159,,,-0.00013635887962373805,,,-0.00099270636878695528,,,-0.004414314978335554,,,-0.0011290652484106933,,,-0.0054070213471225093,
full_2024,10,,0.1809361843055248,,,0.17661905646077355,,,0.17642303840783707,,,0.17582885713612142,,,-0.0043171278447512451,,,-0.00019601805293648078,,,-0.00059418127171564916,,,-0.0045131458976877259,,,-0.00079019932465212994,,,-0.0051073271694033751,
full_2024,11,,0.17964538025985244,,,0.17543222008652323,,,0.17521490749222116,,,0.17417855549554148,,,-0.0042131601733292057,,,-0.00021731259430207706,,,-0.0010363519966796741,,,-0.0044304727676312827,,,-0.0012536645909817512,,,-0.0054668247643109569,
full_2024,12,,0.18125065401395241,,,0.17703668074488751,,,0.17688189280996672,,,0.17562814415743982,,,-0.0042139732690648912,,,-0.00015478793492079701,,,-0.0012537486525268926,,,-0.0043687612039856882,,,-0.0014085365874476896,,,-0.0056225098565125808,
full_2024,13,,0.18095120578484125,,,0.17695445037182284,,,0.17679424267230745,,,0.17541824468124934,,,-0.0039967554130184157,,,-0.0001602076995153856,,,-0.0013759979910581144,,,-0.0041569631125338014,,,-0.0015362056905735,,,-0.0055329611035919157,
full_2024,14,,0.17866845398254175,,,0.17417293847601645,,,0.17395030628733693,,,0.17297779922000717,,,-0.0044955155065252994,,,-0.00022263218867951684,,,-0.00097250706732976422,,,-0.0047181476952048162,,,-0.0011951392560092811,,,-0.0056906547625345805,
full_2024,15,,0.18098348162442701,,,0.17633654864681442,,,0.17617272174634413,,,0.17519689110704154,,,-0.0046469329776125945,,,-0.00016382690047028747,,,-0.00097583063930259395,,,-0.004810759878082882,,,-0.0011396575397728814,,,-0.0057865905173854759,
full_2024,16,,0.18058918448107886,,,0.17678829019804423,,,0.17658548780858352,,,0.17537740488772885,,,-0.0038008942830346226,,,-0.0002028023894607156,,,-0.0012080829208546695,,,-0.0040036966724953382,,,-0.0014108853103153851,,,-0.0052117795933500077,
full_2024,17,,0.18188479191187057,,,0.17784732165914321,,,0.17761423378228641,,,0.17635200267955128,,,-0.0040374702527273543,,,-0.00023308787685680232,,,-0.0012622311027351285,,,-0.0042705581295841566,,,-0.0014953189795919308,,,-0.0055327892323192851,
full_2024,18,,0.17989701103779604,,,0.17606814697869796,,,0.17583666227454331,,,0.17482354482665466,,,-0.0038288640590980749,,,-0.00023148470415465527,,,-0.0010131174478886507,,,-0.0040603487632527302,,,-0.0012446021520433059,,,-0.0050734662111413809,
full_2024,19,,0.18124039609230036,,,0.17706285896761906,,,0.17685495167643411,,,0.17534021118012683,,,-0.004177537124681302,,,-0.00020790729118494444,,,-0.0015147404963072875,,,-0.0043854444158662464,,,-0.0017226477874922319,,,-0.0059001849121735339,
full_2024,20,,0.1792526414949242,,,0.17488475569511905,,,0.17464997974393634,,,0.17345015525910373,,,-0.0043678857998051546,,,-0.00023477595118270855,,,-0.0011998244848326067,,,-0.0046026617509878631,,,-0.0014346004360153153,,,-0.0058024862358204699,
full_2024,21,,0.18190878457800028,,,0.17793911808789925,,,0.17788928885627225,,,0.17669291359082298,,,-0.0039696664901010259,,,-4.9829231626996595e-05,,,-0.0011963752654492732,,,-0.0040194957217280225,,,-0.0012462044970762698,,,-0.0052158709871772957,
full_2024,22,,0.18289474534019295,,,0.17878622666742372,,,0.17858592939610071,,,0.1771850005364099,,,-0.0041085186727692347,,,-0.00020029727132300779,,,-0.0014009288596908143,,,-0.0043088159440922424,,,-0.0016012261310138221,,,-0.0057097448037830567,
full_2024,23,,0.18256763186764666,,,0.17863547872324337,,,0.1784555737591613,,,0.17751527405684819,,,-0.0039321531444032887,,,-0.00017990496408207268,,,-0.00094029970231310211,,,-0.0041120581084853614,,,-0.0011202046663951748,,,-0.0050523578107984635,
full_2024,24,,0.18039128918998462,,,0.17607509901170787,,,0.17581709204613777,,,0.17491683901071586,,,-0.004316190178276752,,,-0.00025800696557010117,,,-0.00090025303542190516,,,-0.0045741971438468532,,,-0.0011582600009920063,,,-0.0054744501792687583,
full_2024,25,,0.18158867446607396,,,0.17725112584971162,,,0.17715809776262612,,,0.17610730723726364,,,-0.0043375486163623467,,,-9.3028087085500477e-05,,,-0.0010507905253624716,,,-0.0044305767034478472,,,-0.0011438186124479721,,,-0.0054813672288103188,
full_2024,26,,0.17973876303192254,,,0.17539247565049337,,,0.17524429972330033,,,0.17380166167104791,,,-0.0043462873814291703,,,-0.00014817592719304495,,,-0.0014426380522524207,,,-0.0044944633086222152,,,-0.0015908139794454657,,,-0.0059371013608746359,
full_2024,27,,0.18138276938961753,,,0.17706430998992423,,,0.17688165193938535,,,0.17565835080209333,,,-0.0043184593996933029,,,-0.00018265805053888085,,,-0.0012233011372920211,,,-0.0045011174502321838,,,-0.0014059591878309019,,,-0.0057244185875242048,
full_2024,28,,0.18108523635720486,,,0.17693878873776056,,,0.17672710708259415,,,0.17573946249109898,,,-0.004146447619444299,,,-0.00021168165516641246,,,-0.00098764459149516814,,,-0.0043581292746107114,,,-0.0011993262466615806,,,-0.0053457738661058796,
full_2024,29,,0.18007542683483377,,,0.17554008626991713,,,0.17516208857788426,,,0.17401475665669158,,,-0.0045353405649166401,,,-0.00037799769203286648,,,-0.0011473319211926791,,,-0.0049133382569495065,,,-0.0015253296132255456,,,-0.0060606701781421857,
full_2024,30,,0.18034431971282935,,,0.17638430470460076,,,0.17631053915339098,,,0.17508666325945407,,,-0.0039600150082285956,,,-7.3765551209775682e-05,,,-0.0012238758939369099,,,-0.0040337805594383713,,,-0.0012976414451466856,,,-0.0052576564533752812,
full_2024,31,,0.18285159398921669,,,0.17875300509518219,,,0.1786912520888668,,,0.17749719223410629,,,-0.0040985888940344994,,,-6.175300631539038e-05,,,-0.0011940598547605097,,,-0.0041603419003498898,,,-0.0012558128610759001,,,-0.0053544017551103995,
full_2024,32,,0.18088413659337502,,,0.17669136007880284,,,0.17649766484616922,,,0.1750172462344757,,,-0.0041927765145721718,,,-0.00019369523263362831,,,-0.0014804186116935125,,,-0.0043864717472058001,,,-0.0016741138443271408,,,-0.0058668903588993127,
full_2024,33,,0.18059562455013226,,,0.17638703226286867,,,0.17628761967170914,,,0.17496772599745675,,,-0.004208592287263585,,,-9.9412591159531161e-05,,,-0.0013198936742523926,,,-0.0043080048784231162,,,-0.0014193062654119237,,,-0.0056278985526755088,
full_2024,34,,0.18062569033561282,,,0.17664580639979208,,,0.17644713170171739,,,0.17511051479902071,,,-0.0039798839358207438,,,-0.00019867469807469118,,,-0.0013366169026966801,,,-0.004178558633895435,,,-0.0015352916007713713,,,-0.0055151755365921151,
full_2024,35,,0.17937892562204677,,,0.17507709337058461,,,0.17490133729613042,,,0.17350134640371814,,,-0.0043018322514621621,,,-0.00017575607445419195,,,-0.0013999908924122728,,,-0.004477588325916354,,,-0.0015757469668664648,,,-0.0058775792183286268,
full_2024,36,,0.18110533421756814,,,0.17694254247467195,,,0.1767826765516172,,,0.17555509666323005,,,-0.004162791742896188,,,-0.00015986592305475278,,,-0.001227579888387148,,,-0.0043226576659509408,,,-0.0013874458114419008,,,-0.0055502375543380889,
full_2024,37,,0.18079166864929794,,,0.1764395979785767,,,0.17620198286161365,,,0.17499571985480905,,,-0.004352070670721242,,,-0.00023761511696304694,,,-0.0012062630068045976,,,-0.0045896857876842889,,,-0.0014438781237676446,,,-0.0057959487944888866,
full_2024,38,,0.18077835207880383,,,0.17660693818037629,,,0.17640670007738618,,,0.17515164406289321,,,-0.0041714138984275395,,,-0.00020023810299010791,,,-0.0012550560144929668,,,-0.0043716520014176474,,,-0.0014552941174830747,,,-0.0056267080159106142,
full_2024,39,,0.17900583420514737,,,0.17492048711874522,,,0.17475591861193915,,,0.17363735132024272,,,-0.0040853470864021524,,,-0.00016456850680607316,,,-0.0011185672916964318,,,-0.0042499155932082255,,,-0.0012831357985025049,,,-0.0053684828849046573,
full_2024,40,,0.18037716569734219,,,0.17626671168871028,,,0.17610713255416821,,,0.17467137684969664,,,-0.0041104540086319141,,,-0.00015957913454206496,,,-0.0014357557044715752,,,-0.0042700331431739791,,,-0.0015953348390136401,,,-0.0057057888476455543,
full_2024,41,,0.18276666947012601,,,0.17805381542718979,,,0.17788760455358044,,,0.17725392834504641,,,-0.0047128540429362265,,,-0.00016621087360935149,,,-0.00063367620853402307,,,-0.0048790649165455779,,,-0.00079988708214337456,,,-0.005512741125079601,
full_2024,42,,0.18200298003062351,,,0.17828438548473352,,,0.17817930484578759,,,0.17690435792929424,,,-0.0037185945458899916,,,-0.00010508063894593134,,,-0.0012749469164933525,,,-0.0038236751848359229,,,-0.0013800275554392838,,,-0.0050986221013292754,
full_2024,43,,0.18045715301078247,,,0.17643370294720587,,,0.17617493841351767,,,0.17513546300948044,,,-0.0040234500635766002,,,-0.00025876453368819941,,,-0.0010394754040372323,,,-0.0042822145972647996,,,-0.0012982399377254317,,,-0.0053216900013020318,
full_2024,44,,0.17957540763572177,,,0.17513632009451435,,,0.17493419423418688,,,0.17344380981009941,,,-0.0044390875412074204,,,-0.00020212586032747337,,,-0.0014903844240874708,,,-0.0046412134015348938,,,-0.0016925102844149442,,,-0.0061315978256223647,
full_2024,45,,0.18035823171127349,,,0.17629923861547753,,,0.17613428454772506,,,0.17500028409470691,,,-0.0040589930957959652,,,-0.00016495406775246524,,,-0.0011340004530181469,,,-0.0042239471635484305,,,-0.0012989545207706121,,,-0.0053579476165665774,
full_2024,46,,0.18142189235490458,,,0.17688983017234483,,,0.17668010420192373,,,0.17547463752197295,,,-0.0045320621825597485,,,-0.00020972597042109853,,,-0.0012054666799507785,,,-0.004741788152980847,,,-0.001415192650371877,,,-0.0059472548329316255,
full_2024,47,,0.17828228332815904,,,0.17390328589239545,,,0.17380923550486055,,,0.17256907279719486,,,-0.0043789974357635875,,,-9.4050387534905244e-05,,,-0.0012401627076656929,,,-0.0044730478232984927,,,-0.0013342130952005982,,,-0.0057132105309641856,
full_2024,48,,0.18042859401618858,,,0.17637159323799961,,,0.17619832288792192,,,0.17521350946789552,,,-0.0040570007781889628,,,-0.0001732703500776922,,,-0.0009848134200264036,,,-0.004230271128266655,,,-0.0011580837701040958,,,-0.0052150845482930586,
full_2024,49,,0.18119908394978679,,,0.17690767940322852,,,0.17660102782260817,,,0.17542626757551411,,,-0.0042914045465582695,,,-0.00030665158062034847,,,-0.0011747602470940643,,,-0.004598056127178618,,,-0.0014814118277144128,,,-0.0057728163742726823,
full_2024,50,,0.18105672393517977,,,0.17670838286932958,,,0.1765347557708864,,,0.17545623211049066,,,-0.004348341065850192,,,-0.00017362709844317981,,,-0.001078523660395736,,,-0.0045219681642933718,,,-0.0012521507588389158,,,-0.0056004918246891078,
full_2024,51,,0.17958440181625751,,,0.17541402970332121,,,0.17508746081017815,,,0.17394062210492861,,,-0.0041703721129363047,,,-0.00032656889314305881,,,-0.0011468387052495366,,,-0.0044969410060793635,,,-0.0014734075983925954,,,-0.0056437797113289001,
full_2024,52,,0.18032673660700449,,,0.17592309695220437,,,0.17574691516896132,,,0.17510581168419981,,,-0.0044036396548001178,,,-0.00017618178324305123,,,-0.00064110348476151269,,,-0.004579821438043169,,,-0.00081728526800456391,,,-0.0052209249228046817,
full_2024,53,,0.18203835726526452,,,0.17824110134669122,,,0.1779929825836436,,,0.17699982350748225,,,-0.0037972559185733001,,,-0.00024811876304761671,,,-0.00099315907616134846,,,-0.0040453746816209168,,,-0.0012412778392089652,,,-0.0050385337577822653,
full_2024,54,,0.18132177749086006,,,0.17677465906559806,,,0.17648919050319603,,,0.17503207937611232,,,-0.0045471184252620089,,,-0.00028546856240202478,,,-0.0014571111270837156,,,-0.0048325869876640337,,,-0.0017425796894857404,,,-0.0062896981147477493,
full_2024,55,,0.17967039610259194,,,0.17555977362763261,,,0.17533401484698857,,,0.17419178489562101,,,-0.0041106224749593301,,,-0.00022575878064404198,,,-0.0011422299513675627,,,-0.0043363812556033721,,,-0.0013679887320116046,,,-0.0054786112069709347,
full_2024,56,,0.17961389959244869,,,0.17575515553745316,,,0.17560883176185824,,,0.17424199812934932,,,-0.0038587440549955332,,,-0.00014632377559492538,,,-0.0013668336325089181,,,-0.0040050678305904586,,,-0.0015131574081038435,,,-0.0053719014630993767,
full_2024,57,,0.17822177410021736,,,0.17391511634626888,,,0.1737369830501298,,,0.17276142249063003,,,-0.0043066577539484785,,,-0.00017813329613908246,,,-0.00097556055949976628,,,-0.004484791050087561,,,-0.0011536938556388487,,,-0.0054603516095873272,
full_2024,58,,0.18099179892394682,,,0.17719470803788406,,,0.17708812498506643,,,0.17592246109589743,,,-0.0037970908860627539,,,-0.00010658305281763258,,,-0.0011656638891689997,,,-0.0039036739388803865,,,-0.0012722469419866322,,,-0.0050693378280493862,
full_2024,59,,0.17926673062872442,,,0.17484933200753133,,,0.17467348767720595,,,0.17351129485741973,,,-0.004417398621193086,,,-0.00017584433032538649,,,-0.0011621928197862175,,,-0.0045932429515184725,,,-0.001338037150111604,,,-0.00575543577130469,
full_2024,60,,0.18204365049145663,,,0.17793776428652144,,,0.17782662935654003,,,0.17655277851232493,,,-0.004105886204935183,,,-0.00011113492998141017,,,-0.0012738508442151075,,,-0.0042170211349165931,,,-0.0013849857741965177,,,-0.0054908719791317007,
full_2024,61,,0.17997923934382154,,,0.17573668318166955,,,0.17560029491806228,,,0.17414551363281408,,,-0.0042425561621519947,,,-0.00013638826360726219,,,-0.0014547812852482023,,,-0.0043789444257592569,,,-0.0015911695488554645,,,-0.0058337257110074592,
full_2024,62,,0.17883679951621709,,,0.17404526747524837,,,0.17383423642174325,,,0.17276808733802737,,,-0.0047915320409687157,,,-0.00021103105350511742,,,-0.0010661490837158838,,,-0.0050025630944738331,,,-0.0012771801372210012,,,-0.0060687121781897169,
full_2024,63,,0.18009593964612627,,,0.17622431170194322,,,0.17613455577739223,,,0.17487776947635517,,,-0.0038716279441830537,,,-8.9755924550988242e-05,,,-0.0012567863010370661,,,-0.0039613838687340419,,,-0.0013465422255880544,,,-0.005218170169771108,
full_2024,64,,0.18045413614451933,,,0.17641055985561654,,,0.17634364207517148,,,0.17519798468413927,,,-0.0040435762889027838,,,-6.6917780445069353e-05,,,-0.001145657391032201,,,-0.0041104940693478531,,,-0.0012125751714772703,,,-0.0052561514603800541,
full_2024,65,,0.18103565888643089,,,0.17669039928412122,,,0.17643461632468474,,,0.17527177969433522,,,-0.0043452596023096646,,,-0.00025578295943648466,,,-0.001162836630349523,,,-0.0046010425617461492,,,-0.0014186195897860077,,,-0.0057638791920956722,
full_2024,66,,0.182101109205245,,,0.17805652714901044,,,0.17793646712533817,,,0.17692549438941416,,,-0.0040445820562345636,,,-0.00012006002367226376,,,-0.001010972735924015,,,-0.0041646420799068273,,,-0.0011310327595962788,,,-0.0051756148158308424,
full_2024,67,,0.18120987130064301,,,0.17685884462476781,,,0.17668489165043924,,,0.17555412384888583,,,-0.004351026675875197,,,-0.00017395297432856727,,,-0.0011307678015534117,,,-0.0045249796502037642,,,-0.001304720775881979,,,-0.005655747451757176,
full_2024,68,,0.17908109423080498,,,0.17493875438249998,,,0.17470673060439418,,,0.17377125059885426,,,-0.0041423398483050045,,,-0.00023202377810579988,,,-0.00093548000553991817,,,-0.0043743636264108043,,,-0.0011675037836457181,,,-0.0053098436319507225,
full_2024,69,,0.18059298185808806,,,0.17603961018141231,,,0.175862695817497,,,0.17471631182565781,,,-0.0045533716766757437,,,-0.00017691436391531479,,,-0.0011463839918391949,,,-0.0047302860405910585,,,-0.0013232983557545097,,,-0.0058766700324302534,
full_2024,70,,0.18161854992758611,,,0.17739946400436046,,,0.17714303819702878,,,0.17580549255745478,,,-0.0042190859232256461,,,-0.0002564258073316783,,,-0.0013375456395740004,,,-0.0044755117305573244,,,-0.0015939714469056787,,,-0.0058130573701313248,
full_2024,71,,0.17797236995781537,,,0.17301697725663734,,,0.17289365350281821,,,0.17183664771156984,,,-0.0049553927011780352,,,-0.00012332375381912675,,,-0.0010570057912483721,,,-0.005078716454997162,,,-0.0011803295450674989,,,-0.0061357222462455341,
full_2024,72,,0.17985446688065454,,,0.17576299021700484,,,0.17561135623531765,,,0.17408272087916898,,,-0.0040914766636497013,,,-0.00015163398168718811,,,-0.0015286353561486665,,,-0.0042431106453368894,,,-0.0016802693378358546,,,-0.0057717460014855559,
full_2024,73,,0.18213294963738066,,,0.17786899259122582,,,0.17757203907584604,,,0.17671063911051221,,,-0.0042639570461548426,,,-0.0002969535153797831,,,-0.00086139996533382557,,,-0.0045609105615346257,,,-0.0011583534807136087,,,-0.0054223105268684513,
full_2024,74,,0.17976938805121107,,,0.17595026015870782,,,0.17584255204543695,,,0.17490712577892975,,,-0.0038191278925032435,,,-0.00010770811327087682,,,-0.0009354262665071944,,,-0.0039268360057741203,,,-0.0010431343797780712,,,-0.0048622622722813147,
full_2024,75,,0.18072577030057352,,,0.17700530804739148,,,0.17691587185149568,,,0.17556988934487897,,,-0.0037204622531820386,,,-8.9436195895797876e-05,,,-0.0013459825066167164,,,-0.0038098984490778365,,,-0.0014354187025125142,,,-0.0051558809556945528,
full_2024,76,,0.18003861139902047,,,0.17609865566476587,,,0.17586945853097991,,,0.17456613268509166,,,-0.0039399557342545966,,,-0.00022919713378596884,,,-0.0013033258458882424,,,-0.0041691528680405654,,,-0.0015325229796742112,,,-0.0054724787139288078,
full_2024,77,,0.18284783210866706,,,0.17847322456596668,,,0.17843915404166075,,,0.17769140359445298,,,-0.0043746075427003872,,,-3.4070524305929162e-05,,,-0.00074775044720776229,,,-0.0044086780670063164,,,-0.00078182097151369145,,,-0.0051564285142140787,
full_2024,78,,0.18088744528047204,,,0.17674057796701381,,,0.17653666880157443,,,0.17539751526006492,,,-0.0041468673134582301,,,-0.00020390916543938653,,,-0.0011391535415095078,,,-0.0043507764788976167,,,-0.0013430627069488943,,,-0.0054899300204071244,
full_2024,79,,0.18136545236196056,,,0.17687559204290837,,,0.17676183549345584,,,0.17541801000500756,,,-0.0044898603190521857,,,-0.00011375654945253166,,,-0.0013438254884482748,,,-0.0046036168685047174,,,-0.0014575820379008064,,,-0.0059474423569529922,
full_2024,80,,0.18173798901799565,,,0.17783207842533194,,,0.17763481109039306,,,0.17599858503100288,,,-0.0039059105926637083,,,-0.00019726733493888315,,,-0.0016362260593901778,,,-0.0041031779276025915,,,-0.001833493394329061,,,-0.0057394039869927693,
full_2024,81,,0.17878439097119145,,,0.17420187946947674,,,0.17396664838454801,,,0.17289084782440989,,,-0.0045825115017147089,,,-0.00023523108492873313,,,-0.0010758005601381182,,,-0.004817742586643442,,,-0.0013110316450668513,,,-0.0058935431467815602,
full_2024,82,,0.18048118277015054,,,0.17655366658232868,,,0.17647673060145275,,,0.17515393387655512,,,-0.0039275161878218612,,,-7.6935980875936227e-05,,,-0.0013227967248976291,,,-0.0040044521686977974,,,-0.0013997327057735653,,,-0.0053272488935954265,
full_2024,83,,0.17882254789657928,,,0.17444873272778266,,,0.17439593453611765,,,0.17316193556491211,,,-0.0043738151687966187,,,-5.2798191665009986e-05,,,-0.0012339989712055466,,,-0.0044266133604616287,,,-0.0012867971628705566,,,-0.0056606123316671753,
full_2024,84,,0.18157909032777114,,,0.17709361773919471,,,0.17694484838575364,,,0.17582836787780856,,,-0.0044854725885764279,,,-0.000148769353441075,,,-0.0011164805079450779,,,-0.0046342419420175029,,,-0.0012652498613861529,,,-0.0057507224499625809,
full_2024,85,,0.17950181654269382,,,0.1749946624249433,,,0.17480013552846416,,,0.17420735986293909,,,-0.004507154117750517,,,-0.00019452689647914134,,,-0.00059277566552506933,,,-0.0047016810142296583,,,-0.00078730256200421067,,,-0.0052944566797547277,
full_2024,86,,0.18282308593638821,,,0.17880382738725484,,,0.17872485937943644,,,0.17751595871344059,,,-0.0040192585491333754,,,-7.8968007818397412e-05,,,-0.0012089006659958546,,,-0.0040982265569517728,,,-0.001287868673814252,,,-0.0053071272229476274,
full_2024,87,,0.18309879030514004,,,0.17888386245875806,,,0.17879725733557578,,,0.17769031316892403,,,-0.0042149278463819717,,,-8.6605123182287302e-05,,,-0.0011069441666517466,,,-0.004301532969564259,,,-0.0011935492898340339,,,-0.0054084771362160056,
full_2024,88,,0.18124715350148521,,,0.17672626013726159,,,0.17652614438291112,,,0.17504624602295049,,,-0.0045208933642236215,,,-0.00020011575435047169,,,-0.0014798983599606241,,,-0.0047210091185740932,,,-0.0016800141143110958,,,-0.0062009074785347174,
full_2024,89,,0.18013396128113091,,,0.1761582423308079,,,0.17599677420852305,,,0.17475438907414353,,,-0.0039757189503230039,,,-0.00016146812228484686,,,-0.00124238513437952,,,-0.0041371870726078508,,,-0.0014038532566643669,,,-0.0053795722069873708,
full_2024,90,,0.18051041330769199,,,0.17598272817953051,,,0.17571264049226665,,,0.17466152905514842,,,-0.0045276851281614849,,,-0.00027008768726385912,,,-0.001051111437118224,,,-0.0047977728154253441,,,-0.0013211991243820831,,,-0.005848884252543568,
full_2024,91,,0.18106626945763299,,,0.17700043133305859,,,0.17676028636314908,,,0.17585778598279958,,,-0.0040658381245743946,,,-0.00024014496990951151,,,-0.00090250038034950242,,,-0.0043059830944839061,,,-0.0011426453502590139,,,-0.0052084834748334086,
full_2024,92,,0.18199522094953144,,,0.17743373459581929,,,0.17715314731241164,,,0.17626647778686458,,,-0.0045614863537121464,,,-0.00028058728340765726,,,-0.00088666952554705691,,,-0.0048420736371198037,,,-0.0011672568089547142,,,-0.0057287431626668606,
full_2024,93,,0.18237067806569549,,,0.17838661135035444,,,0.17835798221861063,,,0.17711508327971928,,,-0.0039840667153410447,,,-2.8629131743812541e-05,,,-0.0012428989388913458,,,-0.0040126958470848573,,,-0.0012715280706351584,,,-0.0052555947859762031,
full_2024,94,,0.17952394029242502,,,0.17548334189230144,,,0.17538779527441464,,,0.17442242285836299,,,-0.0040405984001235795,,,-9.554661788679919e-05,,,-0.00096537241605165747,,,-0.0041361450180103787,,,-0.0010609190339384567,,,-0.0051015174340620362,
full_2024,95,,0.1783573645450823,,,0.17374230271459648,,,0.17352339537186082,,,0.17246286022128499,,,-0.0046150618304858226,,,-0.00021890734273566359,,,-0.0010605351505758309,,,-0.0048339691732214862,,,-0.0012794424933114945,,,-0.0058945043237973171,
full_2024,96,,0.18084708830389309,,,0.17654223508835495,,,0.17623394841885212,,,0.17507921317492312,,,-0.0043048532155381403,,,-0.00030828666950283301,,,-0.001154735243929006,,,-0.0046131398850409733,,,-0.001463021913431839,,,-0.0057678751289699792,
full_2024,97,,0.18262957609892813,,,0.178905276049902,,,0.17874652850055839,,,0.17762396494419266,,,-0.0037243000490261302,,,-0.00015874754934361301,,,-0.0011225635563657244,,,-0.0038830475983697432,,,-0.0012813111057093374,,,-0.0050056111547354676,
full_2024,98,,0.18173117585053547,,,0.17758901661989171,,,0.17735370714345378,,,0.17591040601349214,,,-0.0041421592306437605,,,-0.00023530947643793376,,,-0.0014433011299616327,,,-0.0043774687070816942,,,-0.0016786106063995665,,,-0.005820769837043327,
full_2024,99,,0.18053234760300466,,,0.17602519524839222,,,0.17589890347865789,,,0.17489806533014843,,,-0.004507152354612437,,,-0.00012629176973433243,,,-0.0010008381485094586,,,-0.0046334441243467694,,,-0.0011271299182437911,,,-0.0056342822728562281,
full_2024,100,,0.18121283216365597,,,0.1768487624226627,,,0.17668733148951629,,,0.17570367160367151,,,-0.0043640697409932649,,,-0.00016143093314641144,,,-0.00098365988584478425,,,-0.0045255006741396764,,,-0.0011450908189911957,,,-0.0055091605599844606,
full_2024,101,,0.17906381170487437,,,0.17471232120940497,,,0.17457090129567593,,,0.17333988365015582,,,-0.0043514904954694011,,,-0.00014141991372904061,,,-0.0012310176455201105,,,-0.0044929104091984418,,,-0.0013724375592491511,,,-0.0057239280547185523,
full_2024,102,,0.18012817968428621,,,0.17621166325081478,,,0.17609740808907551,,,0.17457372193741558,,,-0.0039165164334714342,,,-0.00011425516173926842,,,-0.0015236861516599309,,,-0.0040307715952107026,,,-0.0016379413133991994,,,-0.0055544577468706335,
full_2024,103,,0.17889778635571138,,,0.17432015968007836,,,0.17408001467079715,,,0.17293122547642981,,,-0.0045776266756330231,,,-0.00024014500928121185,,,-0.001148789194367339,,,-0.0048177716849142349,,,-0.0013889342036485508,,,-0.0059665608792815739,
full_2024,104,,0.17976215253521297,,,0.1755305973054487,,,0.17541297246413184,,,0.1743037930166125,,,-0.0042315552297642611,,,-0.00011762484131686013,,,-0.0011091794475193428,,,-0.0043491800710811213,,,-0.001226804288836203,,,-0.0054583595186004641,
full_2024,105,,0.17962768519665911,,,0.17539783451661681,,,0.17526804853347988,,,0.17372237504654947,,,-0.0042298506800423075,,,-0.00012978598313692635,,,-0.0015456734869304101,,,-0.0043596366631792338,,,-0.0016754594700673364,,,-0.0059053101501096439,
full_2024,106,,0.18116222391059186,,,0.17734988635026361,,,0.17717819346170599,,,0.17633374399404589,,,-0.003812337560328255,,,-0.00017169288855761744,,,-0.0008444494676601022,,,-0.0039840304488858724,,,-0.0010161423562177196,,,-0.0048284799165459746,
full_2024,107,,0.17899147598825879,,,0.1740981725795803,,,0.17386416965763146,,,0.1726355311984657,,,-0.0048933034086784954,,,-0.00023400292194883376,,,-0.0012286384591657651,,,-0.0051273063306273292,,,-0.0014626413811145988,,,-0.0063559447897930943,
full_2024,108,,0.18059082079046218,,,0.17596960216972948,,,0.17581746499046358,,,0.17441629008061901,,,-0.0046212186207326977,,,-0.00015213717926590431,,,-0.0014011749098445658,,,-0.004773355799998602,,,-0.0015533120891104701,,,-0.0061745307098431679,
full_2024,109,,0.18017290674314179,,,0.17596922812385069,,,0.17578413843456975,,,0.17495301529704066,,,-0.0042036786192911069,,,-0.00018508968928093728,,,-0.0008311231375290884,,,-0.0043887683085720441,,,-0.0010162128268100257,,,-0.0052198914461011325,
full_2024,110,,0.18045306094057412,,,0.17572355815500465,,,0.17542067706113787,,,0.17451274998511776,,,-0.0047295027855694671,,,-0.0003028810938667803,,,-0.00090792707602010969,,,-0.0050323838794362474,,,-0.00121080816988689,,,-0.0059403109554563571,
full_2024,111,,0.17819762154587679,,,0.17322198854570212,,,0.17294546440602718,,,0.17207317659988078,,,-0.0049756330001746729,,,-0.0002765241396749385,,,-0.000872287806146399,,,-0.0052521571398496114,,,-0.0011488119458213375,,,-0.0061244449459960104,
full_2024,112,,0.18165811575860866,,,0.17755506417076175,,,0.17739070302726706,,,0.17625079841855396,,,-0.0041030515878469065,,,-0.00016436114349469011,,,-0.0011399046087131048,,,-0.0042674127313415966,,,-0.0013042657522077949,,,-0.0054073173400547014,
full_2024,113,,0.18072924847138583,,,0.17644921926602825,,,0.17626725373565771,,,0.17530558234521848,,,-0.0042800292053575828,,,-0.00018196553037053143,,,-0.00096167139043923378,,,-0.0044619947357281142,,,-0.0011436369208097652,,,-0.005423666126167348,
full_2024,114,,0.17950692120263853,,,0.17507291113246268,,,0.17489002963808728,,,0.17389963754433382,,,-0.0044340100701758534,,,-0.00018288149437539758,,,-0.00099039209375345605,,,-0.0046168915645512509,,,-0.0011732735881288536,,,-0.005607283658304707,
full_2024,115,,0.18228788210055386,,,0.17794449707337676,,,0.17780816023662527,,,0.17694518989613719,,,-0.0043433850271770991,,,-0.00013633683675148833,,,-0.00086297034048807286,,,-0.0044797218639285874,,,-0.0009993071772395612,,,-0.0053426922044166603,
full_2024,116,,0.18045720805211518,,,0.17644039716592907,,,0.17624519425427493,,,0.17487387514241365,,,-0.0040168108861861063,,,-0.00019520291165414649,,,-0.00137131911186128,,,-0.0042120137978402528,,,-0.0015665220235154265,,,-0.0055833329097015327,
full_2024,117,,0.17951552761766595,,,0.17502183834538049,,,0.17489131227467758,,,0.17359600458739083,,,-0.0044936892722854671,,,-0.00013052607070290767,,,-0.0012953076872867508,,,-0.0046242153429883748,,,-0.0014258337579896585,,,-0.0059195230302751256,
full_2024,118,,0.17767318591112644,,,0.17307964026921588,,,0.17299131848438504,,,0.17167808993772518,,,-0.0045935456419105569,,,-8.8321784830841521e-05,,,-0.0013132285466598559,,,-0.0046818674267413984,,,-0.0014015503314906974,,,-0.0059950959734012543,
full_2024,119,,0.17969773083843174,,,0.17537206550463622,,,0.1751107868803993,,,0.17407887922973012,,,-0.0043256653337955253,,,-0.00026127862423691584,,,-0.0010319076506691838,,,-0.0045869439580324411,,,-0.0012931862749060996,,,-0.0056188516087016249,
full_2024,120,,0.18037888854535958,,,0.17585146895322565,,,0.17572813214436303,,,0.17407832750124769,,,-0.00452741959213393,,,-0.00012333680886261744,,,-0.0016498046431153435,,,-0.0046507564009965474,,,-0.0017731414519779609,,,-0.0063005610441118909,
full_2024,121,,0.18132764945605837,,,0.17707162546429175,,,0.17691901593039464,,,0.1755287992469905,,,-0.0042560239917666109,,,-0.00015260953389711895,,,-0.0013902166834041385,,,-0.0044086335256637299,,,-0.0015428262173012575,,,-0.0057988502090678684,
full_2024,122,,0.18261920609877694,,,0.17848107739063024,,,0.1782543284529412,,,0.17724051247769751,,,-0.0041381287081466989,,,-0.00022674893768903637,,,-0.0010138159752436926,,,-0.0043648776458357352,,,-0.001240564912932729,,,-0.0053786936210794278,
full_2024,123,,0.18076336347316133,,,0.17648842015876787,,,0.17621767312941217,,,0.17551402176245381,,,-0.004274943314393459,,,-0.00027074702935570016,,,-0.00070365136695835218,,,-0.0045456903437491591,,,-0.00097439839631405234,,,-0.0052493417107075113,
full_2024,124,,0.18107889957707474,,,0.17743831462623944,,,0.17733745252758706,,,0.17593822689419991,,,-0.0036405849508353016,,,-0.00010086209865237117,,,-0.0013992256333871522,,,-0.0037414470494876728,,,-0.0015000877320395234,,,-0.005140672682874825,
full_2024,125,,0.18037832740699097,,,0.17658731811500189,,,0.17643809950637515,,,0.17503668731046299,,,-0.0037910092919890837,,,-0.00014921860862673886,,,-0.0014014121959121661,,,-0.0039402279006158225,,,-0.001550630804538905,,,-0.0053416400965279887,
full_2024,126,,0.18132946585584578,,,0.17735924923743829,,,0.17735688575324363,,,0.17615874180361751,,,-0.0039702166184074905,,,-2.3634841946618135e-06,,,-0.0011981439496261126,,,-0.0039725801026021523,,,-0.0012005074338207744,,,-0.0051707240522282649,
full_2024,127,,0.1804928414289324,,,0.1762582245343213,,,0.17609270660210879,,,0.17475727483885065,,,-0.004234616894611104,,,-0.00016551793221250555,,,-0.0013354317632581492,,,-0.0044001348268236096,,,-0.0015009496954706547,,,-0.0057355665900817587,
full_2024,128,,0.18144403022317046,,,0.17713138975441867,,,0.17701819675521954,,,0.1758270483020736,,,-0.0043126404687517939,,,-0.00011319299919912429,,,-0.0011911484531459404,,,-0.0044258334679509181,,,-0.0013043414523450647,,,-0.0056169819210968586,
full_2024,129,,0.17967832942906634,,,0.17527456362739677,,,0.17510325106219593,,,0.1739048098384301,,,-0.004403765801669568,,,-0.00017131256520083737,,,-0.0011984412237658337,,,-0.0045750783668704054,,,-0.0013697537889666711,,,-0.0057735195906362391,
full_2024,130,,0.17885167542609906,,,0.17413221283409636,,,0.17389435882257179,,,0.17283681258411634,,,-0.0047194625920027045,,,-0.00023785401152456864,,,-0.0010575462384554424,,,-0.0049573166035272731,,,-0.001295400249980011,,,-0.0060148628419827155,
full_2024,131,,0.18083134502107268,,,0.17656551948398289,,,0.17630163752641137,,,0.17454961198614821,,,-0.0042658255370897902,,,-0.00026388195757151567,,,-0.0017520255402631579,,,-0.0045297074946613058,,,-0.0020159074978346736,,,-0.0062817330349244638,
full_2024,132,,0.18083968535234438,,,0.17684979010324997,,,0.17673487292640738,,,0.17572527876919694,,,-0.0039898952490944051,,,-0.00011491717684258829,,,-0.0010095941572104417,,,-0.0041048124259369934,,,-0.0011245113340530299,,,-0.005114406583147435,
full_2024,133,,0.18199043765304579,,,0.17754321888555613,,,0.17730136793770315,,,0.17596056726968287,,,-0.0044472187674896579,,,-0.00024185094785297845,,,-0.0013408006680202811,,,-0.0046890697153426364,,,-0.0015826516158732595,,,-0.0060298703833629175,
full_2024,134,,0.18013059778973536,,,0.17564919543350788,,,0.17546295453482608,,,0.17461867664120184,,,-0.0044814023562274874,,,-0.00018624089868179983,,,-0.00084427789362423455,,,-0.0046676432549092872,,,-0.0010305187923060344,,,-0.0055119211485335218,
full_2024,135,,0.18119664339248759,,,0.17664734703871562,,,0.17642457625828656,,,0.17544446282924739,,,-0.0045492963537719644,,,-0.00022277078042906573,,,-0.00098011342903916998,,,-0.0047720671342010301,,,-0.0012028842094682357,,,-0.0057521805632402001,
full_2024,136,,0.180183522055263,,,0.17627959009074284,,,0.1760786624594918,,,0.17483114128867633,,,-0.0039039319645201576,,,-0.00020092763125104107,,,-0.0012475211708154743,,,-0.0041048595957711986,,,-0.0014484488020665154,,,-0.0053523807665866729,
full_2024,137,,0.17800860527799295,,,0.17390653801969203,,,0.17362372953429378,,,0.17255390203051771,,,-0.0041020672583009232,,,-0.00028280848539824488,,,-0.0010698275037760718,,,-0.0043848757436991681,,,-0.0013526359891743167,,,-0.0054547032474752399,
full_2024,138,,0.18041151666411651,,,0.17696541837915963,,,0.17678574158284238,,,0.17545245405716192,,,-0.0034460982849568722,,,-0.00017967679631725186,,,-0.0013332875256804599,,,-0.0036257750812741241,,,-0.0015129643219977118,,,-0.004959062606954584,
full_2024,139,,0.18060227442167526,,,0.17650653582721421,,,0.17627207545391801,,,0.17555836367435906,,,-0.0040957385944610514,,,-0.0002344603732961914,,,-0.00071371177955895093,,,-0.0043301989677572428,,,-0.00094817215285514234,,,-0.0050439107473161937,
full_2024,140,,0.18034073097099829,,,0.17569765890742073,,,0.17549863357173434,,,0.17442925395465961,,,-0.004643072063577558,,,-0.00019902533568638692,,,-0.0010693796170747338,,,-0.0048420973992639449,,,-0.0012684049527611208,,,-0.0059114770163386787,
full_2024,141,,0.18114199522917818,,,0.17701058599280714,,,0.17682753403518606,,,0.17581288626356395,,,-0.0041314092363710364,,,-0.00018305195762108317,,,-0.001014647771622107,,,-0.0043144611939921196,,,-0.0011976997292431901,,,-0.0053291089656142265,
full_2024,142,,0.18253836559237233,,,0.17750041880485642,,,0.17744020361830468,,,0.1763086776796621,,,-0.0050379467875159012,,,-6.0215186551748623e-05,,,-0.0011315259386425747,,,-0.0050981619740676498,,,-0.0011917411251943233,,,-0.0062296879127102245,
full_2024,143,,0.18143047950190494,,,0.17749920640133601,,,0.17731218502336127,,,0.17595207394866672,,,-0.0039312731005689272,,,-0.00018702137797474427,,,-0.0013601110746945533,,,-0.0041182944785436715,,,-0.0015471324526692976,,,-0.0054784055532382248,
full_2024,144,,0.18121145606458969,,,0.17688321273352797,,,0.17666874110947914,,,0.17543080306663417,,,-0.0043282433310617152,,,-0.00021447162404883424,,,-0.0012379380428449716,,,-0.0045427149551105495,,,-0.0014524096668938058,,,-0.005780652997955521,
full_2024,145,,0.18052215366836061,,,0.17631071508861754,,,0.17606926801597964,,,0.17502487129131183,,,-0.0042114385797430709,,,-0.00024144707263790144,,,-0.001044396724667801,,,-0.0044528856523809723,,,-0.0012858437973057024,,,-0.0054972823770487733,
full_2024,146,,0.17998848545327573,,,0.17575944338400773,,,0.17557739669417863,,,0.17438518370077899,,,-0.0042290420692679964,,,-0.00018204668982910177,,,-0.0011922129933996384,,,-0.0044110887590970982,,,-0.0013742596832287401,,,-0.0056033017524967366,
full_2024,147,,0.17875627506333902,,,0.17459875809972872,,,0.17432345771624733,,,0.17298978271449691,,,-0.0041575169636103027,,,-0.00027530038348139163,,,-0.0013336750017504118,,,-0.0044328173470916943,,,-0.0016089753852318034,,,-0.005766492348842106,
full_2024,148,,0.18198432348225033,,,0.17785073307878152,,,0.17770574874517117,,,0.17650477758525693,,,-0.0041335904034688065,,,-0.00014498433361034846,,,-0.0012009711599142436,,,-0.0042785747370791549,,,-0.0013459554935245921,,,-0.0054795458969933986,
full_2024,149,,0.17881688915669267,,,0.17445650215840472,,,0.17432754553063246,,,0.17283388726967816,,,-0.0043603869982879462,,,-0.00012895662777226424,,,-0.0014936582609542948,,,-0.0044893436260602104,,,-0.001622614888726559,,,-0.0059830018870145052,
full_2024,150,,0.18084134097580468,,,0.1769931376225459,,,0.17684505514166618,,,0.17555320774726216,,,-0.0038482033532587778,,,-0.00014808248087971876,,,-0.0012918473944040221,,,-0.0039962858341384966,,,-0.0014399298752837408,,,-0.0052881332285425187,
full_2024,151,,0.18012267642057872,,,0.17593580018292967,,,0.17571980234214182,,,0.17460549265426861,,,-0.0041868762376490454,,,-0.00021599784078785156,,,-0.0011143096878732106,,,-0.0044028740784368969,,,-0.0013303075286610622,,,-0.0055171837663101075,
full_2024,152,,0.17761426143660758,,,0.17349041098245616,,,0.17334119082416291,,,0.17202145314823625,,,-0.0041238504541514232,,,-0.00014922015829324509,,,-0.0013197376759266632,,,-0.0042730706124446682,,,-0.0014689578342199083,,,-0.0055928082883713315,
full_2024,153,,0.18020503204558189,,,0.17608205160972715,,,0.17582207659771495,,,0.17485614523457707,,,-0.0041229804358547395,,,-0.00025997501201219242,,,-0.00096593136313788408,,,-0.0043829554478669319,,,-0.0012259063751500765,,,-0.005348886811004816,
full_2024,154,,0.18172907255988016,,,0.17779489930646639,,,0.1777494941117434,,,0.17667292402665921,,,-0.0039341732534137752,,,-4.5405194722986097e-05,,,-0.0010765700850841886,,,-0.0039795784481367613,,,-0.0011219752798071747,,,-0.0050561485332209499,
full_2024,155,,0.18177904047353327,,,0.17779111398011066,,,0.17761018687639424,,,0.17633736397953831,,,-0.0039879264934226111,,,-0.00018092710371642173,,,-0.0012728228968559296,,,-0.0041688535971390328,,,-0.0014537500005723514,,,-0.0054416764939949624,
full_2024,156,,0.17891465308784665,,,0.17475153710219504,,,0.17449625094209439,,,0.17316330494388121,,,-0.0041631159856516109,,,-0.00025528616010064842,,,-0.0013329459982131808,,,-0.0044184021457522593,,,-0.0015882321583138292,,,-0.0057513481439654401,
full_2024,157,,0.18044439012464658,,,0.17567950715740208,,,0.1754358450408649,,,0.17434284670082847,,,-0.0047648829672445048,,,-0.0002436621165371744,,,-0.0010929983400364274,,,-0.0050085450837816792,,,-0.0013366604565736018,,,-0.0061015434238181065,
full_2024,158,,0.18077347057233017,,,0.17629001848587433,,,0.17597937586524431,,,0.17471684500927487,,,-0.0044834520864558414,,,-0.00031064262063001946,,,-0.0012625308559694459,,,-0.0047940947070858608,,,-0.0015731734765994654,,,-0.0060566255630553067,
full_2024,159,,0.18156971580634945,,,0.17713805557060563,,,0.1769417524724671,,,0.1756221429021233,,,-0.0044316602357438173,,,-0.00019630309813853386,,,-0.0013196095703437993,,,-0.0046279633338823511,,,-0.0015159126684823332,,,-0.0059475729042261505,
full_2024,160,,0.18074133638753212,,,0.17664686916618647,,,0.17644588869874528,,,0.17540901827276373,,,-0.0040944672213456546,,,-0.00020098046744118636,,,-0.0010368704259815509,,,-0.0042954476887868409,,,-0.0012378508934227372,,,-0.0053323181147683918,
full_2024,161,,0.18002751595853433,,,0.17571309172375524,,,0.17538906620670633,,,0.17401523495552521,,,-0.0043144242347790962,,,-0.00032402551704890925,,,-0.0013738312511811235,,,-0.0046384497518280055,,,-0.0016978567682300327,,,-0.0060122810030091289,
full_2024,162,,0.17983018396360737,,,0.17594748775680594,,,0.17564984360852259,,,0.17438772802160984,,,-0.0038826962068014281,,,-0.00029764414828334362,,,-0.0012621155869127487,,,-0.0041803403550847718,,,-0.0015597597351960923,,,-0.0054424559419975205,
full_2024,163,,0.18222079958934337,,,0.17814542517043147,,,0.17789650808343177,,,0.17668587394879567,,,-0.0040753744189118979,,,-0.00024891708699970039,,,-0.001210634134636096,,,-0.0043242915059115983,,,-0.0014595512216357964,,,-0.0055349256405476943,
full_2024,164,,0.18176336767217893,,,0.17745038673429492,,,0.17725200286416587,,,0.17599390172206741,,,-0.0043129809378840145,,,-0.00019838387012904857,,,-0.0012581011420984556,,,-0.0045113648080130631,,,-0.0014564850122275041,,,-0.0057694659501115186,
full_2024,165,,0.18186038133208035,,,0.17732547768764192,,,0.17712919349208942,,,0.17619897032376125,,,-0.0045349036444384261,,,-0.00019628419555250964,,,-0.00093022316832816476,,,-0.0047311878399909357,,,-0.0011265073638806744,,,-0.0056614110083191005,
full_2024,166,,0.18301273797663545,,,0.17876982053632981,,,0.17861950655137157,,,0.17771402442897724,,,-0.004242917440305638,,,-0.00015031398495823911,,,-0.0009054821223943299,,,-0.0043932314252638771,,,-0.001055796107352569,,,-0.005298713547658207,
full_2024,167,,0.18108628743665509,,,0.17698911184860369,,,0.176839759851078,,,0.17588037714194346,,,-0.0040971755880513938,,,-0.00014935199752569295,,,-0.00095938270913453749,,,-0.0042465275855770868,,,-0.0011087347066602304,,,-0.0052059102947116243,
full_2024,168,,0.18038994732449606,,,0.17630116811166441,,,0.17610287467543806,,,0.17505300016943792,,,-0.0040887792128316558,,,-0.00019829343622634887,,,-0.0010498745060001369,,,-0.0042870726490580047,,,-0.0012481679422264857,,,-0.0053369471550581415,
full_2024,169,,0.18140737700167592,,,0.17773666956466219,,,0.17754950204293732,,,0.17645544912101832,,,-0.003670707437013726,,,-0.00018716752172487361,,,-0.0010940529219189976,,,-0.0038578749587385996,,,-0.0012812204436438712,,,-0.0049519278806575973,
full_2024,170,,0.18169714233635925,,,0.17763050780123074,,,0.17742676324896206,,,0.17608431031520433,,,-0.0040666345351285105,,,-0.00020374455226868093,,,-0.0013424529337577318,,,-0.0042703790873971914,,,-0.0015461974860264127,,,-0.0056128320211549232,
full_2024,171,,0.18031608540114255,,,0.1761323117389364,,,0.17598037221960405,,,0.17452920203076502,,,-0.0041837736622061528,,,-0.00015193951933234473,,,-0.0014511701888390294,,,-0.0043357131815384975,,,-0.0016031097081713741,,,-0.0057868833703775269,
full_2024,172,,0.18226778639443514,,,0.17796353927011813,,,0.17778006647419856,,,0.17651984287475964,,,-0.0043042471243170122,,,-0.00018347279591957033,,,-0.0012602235994389199,,,-0.0044877199202365825,,,-0.0014436963953584903,,,-0.0057479435196755024,
full_2024,173,,0.18121875000818827,,,0.1766779204050207,,,0.17643911049571162,,,0.17576159253236004,,,-0.0045408296031675677,,,-0.00023880990930907897,,,-0.00067751796335158154,,,-0.0047796395124766466,,,-0.00091632787266066051,,,-0.0054571574758282282,
full_2024,174,,0.18045652776384224,,,0.17627767444911044,,,0.17608708389921562,,,0.1747862075207188,,,-0.0041788533147318063,,,-0.00019059054989481461,,,-0.0013008763784968236,,,-0.0043694438646266209,,,-0.0014914669283916382,,,-0.0056703202431234445,
full_2024,175,,0.18052762521841997,,,0.17661515585454993,,,0.17640013234259697,,,0.17488111113845103,,,-0.003912469363870047,,,-0.00021502351195296088,,,-0.0015190212041459317,,,-0.0041274928758230078,,,-0.0017340447160988925,,,-0.0056465140799689395,
full_2024,176,,0.1795973489497949,,,0.17584152257036928,,,0.17561520191204433,,,0.1748096810492088,,,-0.0037558263794256197,,,-0.00022632065832495218,,,-0.00080552086283552926,,,-0.0039821470377505719,,,-0.0010318415211604814,,,-0.0047876679005861011,
full_2024,177,,0.18151933715065616,,,0.17768353161080711,,,0.17757953092735068,,,0.17651676448917147,,,-0.003835805539849052,,,-0.00010400068345642333,,,-0.0010627664381792079,,,-0.0039398062233054754,,,-0.0011667671216356312,,,-0.0050025726614846833,
full_2024,178,,0.18118836614139996,,,0.17742129632084591,,,0.17724222461638392,,,0.17586815096299302,,,-0.0037670698205540532,,,-0.00017907170446199161,,,-0.0013740736533909004,,,-0.0039461415250160448,,,-0.001553145357852892,,,-0.0053202151784069451,
full_2024,179,,0.18208043108910898,,,0.17777655935660849,,,0.17756284541495512,,,0.17669000673336438,,,-0.0043038717325004916,,,-0.00021371394165337065,,,-0.00087283868159074296,,,-0.0045175856741538623,,,-0.0010865526232441136,,,-0.0053904243557446052,
full_2024,180,,0.18005119973052122,,,0.17601278198880971,,,0.17582854348092003,,,0.17453667499623782,,,-0.0040384177417115141,,,-0.00018423850788967799,,,-0.0012918684846822126,,,-0.0042226562496011921,,,-0.0014761069925718906,,,-0.0055145247342834047,
full_2024,181,,0.18209353384719501,,,0.17804737328511333,,,0.17798420527570263,,,0.17703983244503113,,,-0.0040461605620816798,,,-6.3168009410696779e-05,,,-0.00094437283067150268,,,-0.0041093285714923766,,,-0.0010075408400821995,,,-0.0050537014021638793,
full_2024,182,,0.18270092378273234,,,0.17866430914740125,,,0.17847344542348287,,,0.17709231285586849,,,-0.0040366146353310872,,,-0.00019086372391838302,,,-0.0013811325676143793,,,-0.0042274783592494702,,,-0.0015719962915327623,,,-0.0056086109268638495,
full_2024,183,,0.18082012922813251,,,0.17646045323717413,,,0.17634623876841798,,,0.17555653377237471,,,-0.0043596759909583782,,,-0.00011421446875614638,,,-0.00078970499604327782,,,-0.0044738904597145246,,,-0.0009039194647994242,,,-0.0052635954557578024,
full_2024,184,,0.18308442984044151,,,0.17928231916938883,,,0.17909488908395022,,,0.17769337914209204,,,-0.0038021106710526831,,,-0.00018743008543861683,,,-0.00140150994185817,,,-0.0039895407564912999,,,-0.0015889400272967868,,,-0.0053910506983494699,
full_2024,185,,0.18210752323784168,,,0.17805224248346091,,,0.17785920611237166,,,0.17644586966934922,,,-0.0040552807543807745,,,-0.0001930363710892502,,,-0.0014133364430224393,,,-0.0042483171254700247,,,-0.0016063728141116895,,,-0.005661653568492464,
full_2024,186,,0.18280202085845298,,,0.17928179089557644,,,0.17903069101247943,,,0.17785195801072715,,,-0.0035202299628765421,,,-0.00025109988309701681,,,-0.0011787330017522801,,,-0.0037713298459735589,,,-0.0014298328848492969,,,-0.004950062847725839,
full_2024,187,,0.18140170282066856,,,0.17728289178629969,,,0.17708541974674055,,,0.17630100443428237,,,-0.0041188110343688689,,,-0.00019747203955913784,,,-0.00078441531245818097,,,-0.0043162830739280067,,,-0.0009818873520173188,,,-0.0051006983863861877,
full_2024,188,,0.17809326135032369,,,0.17364061287386415,,,0.17348701440015254,,,0.17212115149485369,,,-0.004452648476459542,,,-0.00015359847371160251,,,-0.0013658629052988591,,,-0.0046062469501711445,,,-0.0015194613790104616,,,-0.0059721098554700036,
full_2024,189,,0.18341636002669615,,,0.17940863337245713,,,0.17926158308521586,,,0.17807411952686455,,,-0.0040077266542390133,,,-0.00014705028724126823,,,-0.0011874635583513093,,,-0.0041547769414802815,,,-0.0013345138455925776,,,-0.0053422404998315909,
full_2024,190,,0.17841393054193064,,,0.17386298746326373,,,0.17361918303546667,,,0.1725775907687834,,,-0.0045509430786669081,,,-0.00024380442779706191,,,-0.0010415922666832667,,,-0.00479474750646397,,,-0.0012853966944803286,,,-0.0058363397731472366,
full_2024,191,,0.18084476994909032,,,0.17675625757633634,,,0.17659763310311064,,,0.17495094212546564,,,-0.0040885123727539829,,,-0.00015862447322570472,,,-0.0016466909776449989,,,-0.0042471368459796877,,,-0.0018053154508707037,,,-0.0058938278236246866,
full_2024,192,,0.18069050686058138,,,0.17657441813248589,,,0.17645466372191135,,,0.17546411385602281,,,-0.0041160887280954905,,,-0.00011975441057454628,,,-0.00099054986588853478,,,-0.0042358431386700368,,,-0.0011103042764630811,,,-0.0052263930045585716,
full_2024,193,,0.18174106703334023,,,0.17749816178843963,,,0.17727318240566936,,,0.17599878988776613,,,-0.0042429052449005911,,,-0.00022497938277027396,,,-0.0012743925179032334,,,-0.004467884627670865,,,-0.0014993719006735073,,,-0.0057422771455740984,
full_2024,194,,0.17969277227615854,,,0.17529995565482992,,,0.17519261044756251,,,0.17469422632997511,,,-0.0043928166213286213,,,-0.00010734520726740637,,,-0.00049838411758740264,,,-0.0045001618285960276,,,-0.00060572932485480901,,,-0.0049985459461834303,
full_2024,195,,0.17980693326486313,,,0.17528234802256945,,,0.1751955380079056,,,0.1736819601148698,,,-0.0045245852422936828,,,-8.6810014663846191e-05,,,-0.0015135778930358001,,,-0.0046113952569575289,,,-0.0016003879076996463,,,-0.0061249731499933291,
full_2024,196,,0.18075430006929433,,,0.17650465892698003,,,0.17639307700373547,,,0.17539322594094986,,,-0.0042496411423142977,,,-0.00011158192324456362,,,-0.00099985106278560609,,,-0.0043612230655588613,,,-0.0011114329860301697,,,-0.0053610741283444674,
full_2024,197,,0.18085325241801509,,,0.1763273268699049,,,0.17607673690173103,,,0.17506119705660286,,,-0.0045259255481101823,,,-0.00025058996817386991,,,-0.0010155398451281716,,,-0.0047765155162840522,,,-0.0012661298133020416,,,-0.0057920553614122239,
full_2024,198,,0.18012966439367298,,,0.17563018939040745,,,0.17546257237016338,,,0.17406067293999178,,,-0.0044994750032655295,,,-0.00016761702024406522,,,-0.0014018994301716048,,,-0.0046670920235095947,,,-0.00156951645041567,,,-0.0060689914536811995,
full_2024,199,,0.18129874411802835,,,0.17708088810544928,,,0.17692734275431407,,,0.17577252418569753,,,-0.0042178560125790687,,,-0.00015354535113520917,,,-0.0011548185686165446,,,-0.0043714013637142779,,,-0.0013083639197517538,,,-0.0055262199323308225,
full_2024,200,,0.18171714097983108,,,0.17760070634570166,,,0.17740847528101852,,,0.17628801987380133,,,-0.0041164346341294178,,,-0.00019223106468313489,,,-0.0011204554072171968,,,-0.0043086656988125527,,,-0.0013126864719003317,,,-0.0054291211060297495,
full_2024,201,,0.17997561217123861,,,0.17579480532161013,,,0.17557400240022689,,,0.1743090667943496,,,-0.0041808068496284878,,,-0.00022080292138323965,,,-0.0012649356058772876,,,-0.0044016097710117275,,,-0.0014857385272605272,,,-0.0056665453768890151,
full_2024,202,,0.18078897195671292,,,0.17640201453784823,,,0.17617118307528512,,,0.17532987722266594,,,-0.0043869574188646898,,,-0.0002308314625631136,,,-0.00084130585261918411,,,-0.0046177888814278034,,,-0.0010721373151822977,,,-0.0054590947340469875,
full_2024,203,,0.18053105247454551,,,0.17589699250549018,,,0.17565415258263167,,,0.17440588119984277,,,-0.0046340599690553319,,,-0.00024283992285850653,,,-0.0012482713827889069,,,-0.0048768998919138384,,,-0.0014911113056474135,,,-0.0061251712747027454,
full_2024,204,,0.18220116611145504,,,0.17809461305269697,,,0.17780503472549386,,,0.17661146610481729,,,-0.0041065530587580668,,,-0.0002895783272031105,,,-0.0011935686206765717,,,-0.0043961313859611773,,,-0.0014831469478796822,,,-0.0055897000066377489,
full_2024,205,,0.17951267142732377,,,0.17561735528988739,,,0.17537128360812818,,,0.17430410804547961,,,-0.0038953161374363776,,,-0.00024607168175921901,,,-0.0010671755626485702,,,-0.0041413878191955966,,,-0.0013132472444077892,,,-0.0052085633818441668,
full_2024,206,,0.18134077516186764,,,0.17687450728025345,,,0.17669083973418639,,,0.17562639971858532,,,-0.0044662678816141943,,,-0.00018366754606705116,,,-0.0010644400156010758,,,-0.0046499354276812455,,,-0.001248107561668127,,,-0.0057143754432823213,
full_2024,207,,0.18126012612891032,,,0.17695058227590091,,,0.17682609585290809,,,0.17578314478037618,,,-0.0043095438530094121,,,-0.00012448642299281443,,,-0.0010429510725319113,,,-0.0044340302760022265,,,-0.0011674374955247258,,,-0.0054769813485341379,
full_2024,208,,0.17824639219597246,,,0.17436618852018687,,,0.17413009070378063,,,0.17300486684430982,,,-0.0038802036757855929,,,-0.00023609781640623884,,,-0.0011252238594708086,,,-0.0041163014921918317,,,-0.0013613216758770474,,,-0.0052415253516626403,
full_2024,209,,0.18044438252531655,,,0.17624011284927443,,,0.17612283335786563,,,0.17525183510131079,,,-0.0042042696760421217,,,-0.00011727949140880045,,,-0.00087099825655484464,,,-0.0043215491674509221,,,-0.00098827774796364509,,,-0.0051925474240057667,
full_2024,210,,0.18082825651039142,,,0.17658094913994857,,,0.1764364244976058,,,0.1755787333611217,,,-0.0042473073704428488,,,-0.00014452464234276929,,,-0.00085769113648409556,,,-0.0043918320127856181,,,-0.0010022157788268649,,,-0.0052495231492697136,
full_2024,211,,0.18097404600494107,,,0.17687070922144166,,,0.17666431762528567,,,0.17552257655955358,,,-0.0041033367834994172,,,-0.0002063915961559859,,,-0.0011417410657320881,,,-0.0043097283796554031,,,-0.001348132661888074,,,-0.0054514694453874912,
full_2024,212,,0.17859136377740314,,,0.17443878949347943,,,0.17424510971258383,,,0.17299494548486091,,,-0.0041525742839237101,,,-0.00019367978089560034,,,-0.0012501642277229219,,,-0.0043462540648193104,,,-0.0014438440086185222,,,-0.0055964182925422323,
full_2024,213,,0.18318322709529147,,,0.17912295894477565,,,0.17889286213574096,,,0.17780444206765331,,,-0.0040602681505158278,,,-0.00023009680903468555,,,-0.0010884200680876532,,,-0.0042903649595505133,,,-0.0013185168771223388,,,-0.0053787850276381666,
full_2024,214,,0.18229961297519592,,,0.17817468941053874,,,0.17797488069535711,,,0.17682067654189296,,,-0.0041249235646571847,,,-0.0001998087151816319,,,-0.0011542041534641501,,,-0.0043247322798388166,,,-0.001354012868645782,,,-0.0054789364333029666,
full_2024,215,,0.18197858760294816,,,0.17768762299128515,,,0.17742153190258025,,,0.17635712785004251,,,-0.0042909646116630062,,,-0.00026609108870490061,,,-0.001064404052537743,,,-0.0045570557003679069,,,-0.0013304951412426436,,,-0.0056214597529056498,
full_2024,216,,0.17878088120083524,,,0.17440759063723427,,,0.17415092304430849,,,0.17345070410352309,,,-0.0043732905636009733,,,-0.00025666759292578001,,,-0.00070021894078539648,,,-0.0046299581565267534,,,-0.00095688653371117649,,,-0.0053301770973121498,
full_2024,217,,0.18058762777503323,,,0.1761964628580234,,,0.17603582350229818,,,0.17514765878788915,,,-0.0043911649170098321,,,-0.00016063935572521726,,,-0.00088816471440902878,,,-0.0045518042727350494,,,-0.001048804070134246,,,-0.0054399689871440782,
full_2024,218,,0.18160140284611917,,,0.17701473092918799,,,0.17682934251146235,,,0.17584241628392472,,,-0.0045866719169311843,,,-0.00018538841772564041,,,-0.00098692622753762671,,,-0.0047720603346568247,,,-0.0011723146452632671,,,-0.0057589865621944514,
full_2024,219,,0.17979406325212635,,,0.17556464054310092,,,0.17544641310912182,,,0.17405751755573157,,,-0.0042294227090254322,,,-0.00011822743397910118,,,-0.0013888955533902514,,,-0.0043476501430045333,,,-0.0015071229873693526,,,-0.0057365456963947847,
full_2024,220,,0.1807388196533917,,,0.17636843774029695,,,0.17603790914187345,,,0.17512491766632457,,,-0.0043703819130947452,,,-0.0003305285984235018,,,-0.00091299147554887994,,,-0.004700910511518247,,,-0.0012435200739723817,,,-0.005613901987067127,
full_2024,221,,0.18331554900637376,,,0.17927818187683386,,,0.1791034557776961,,,0.17792447461163682,,,-0.0040373671295398927,,,-0.00017472609913776749,,,-0.0011789811660592731,,,-0.0042120932286776602,,,-0.0013537072651970405,,,-0.0053910743947369333,
full_2024,222,,0.18075481715778169,,,0.17681457927410041,,,0.17673123973863369,,,0.17577064290704447,,,-0.0039402378836812801,,,-8.3339535466714354e-05,,,-0.00096059683158922216,,,-0.0040235774191479945,,,-0.0010439363670559365,,,-0.0049841742507372166,
full_2024,223,,0.18139996677139078,,,0.17708794713675641,,,0.17690104998815487,,,0.17537557191455572,,,-0.0043120196346343731,,,-0.00018689714860153916,,,-0.0015254780735991513,,,-0.0044989167832359123,,,-0.0017123752222006905,,,-0.0060243948568350636,
full_2024,224,,0.17957054194134137,,,0.1755869369622034,,,0.17547011707484966,,,0.17421503145192829,,,-0.0039836049791379669,,,-0.00011681988735373627,,,-0.0012550856229213703,,,-0.0041004248664917031,,,-0.0013719055102751065,,,-0.0053555104894130734,
full_2024,225,,0.17976883940371322,,,0.17525857527697186,,,0.17502448333737897,,,0.17373710282800445,,,-0.0045102641267413535,,,-0.00023409193959289532,,,-0.0012873805093745194,,,-0.0047443560663342488,,,-0.0015214724489674147,,,-0.0060317365757087682,
full_2024,226,,0.18052229238099912,,,0.17657063806725889,,,0.17635626777513372,,,0.17550528108968411,,,-0.0039516543137402271,,,-0.00021437029212517666,,,-0.00085098668544961176,,,-0.0041660246058654038,,,-0.0010653569775747884,,,-0.0050170112913150156,
full_2024,227,,0.18073634462375648,,,0.17624825422900697,,,0.17600794017271382,,,0.17476394474318296,,,-0.004488090394749511,,,-0.00024031405629315605,,,-0.0012439954295308531,,,-0.004728404451042667,,,-0.0014843094858240091,,,-0.0059723998805735201,
full_2024,228,,0.18058840675296306,,,0.17608230404890662,,,0.17600815997547245,,,0.17462433820928655,,,-0.0045061027040564361,,,-7.4144073434173619e-05,,,-0.0013838217661858998,,,-0.0045802467774906097,,,-0.0014579658396200734,,,-0.0059640685436765095,
full_2024,229,,0.18124487026481964,,,0.17710770279906679,,,0.17693599760092249,,,0.17568527997968136,,,-0.0041371674657528501,,,-0.00017170519814430074,,,-0.0012507176212411264,,,-0.0043088726638971508,,,-0.0014224228193854271,,,-0.0055595902851382772,
full_2024,230,,0.1804571237192443,,,0.17628404022519106,,,0.1762220140111328,,,0.17500823418559847,,,-0.0041730834940532369,,,-6.2026214058263918e-05,,,-0.0012137798255343335,,,-0.0042351097081115008,,,-0.0012758060395925974,,,-0.0054488895336458343,
full_2024,231,,0.18087270446558068,,,0.17673224410970956,,,0.17659096458203843,,,0.17519498041285522,,,-0.0041404603558711228,,,-0.00014127952767112317,,,-0.001395984169183212,,,-0.004281739883542246,,,-0.0015372636968543352,,,-0.005677724052725458,
full_2024,232,,0.18292650882013622,,,0.17849430053823639,,,0.17821139666645663,,,0.1769922851720194,,,-0.0044322082818998298,,,-0.00028290387177976051,,,-0.0012191114944372361,,,-0.0047151121536795904,,,-0.0015020153662169966,,,-0.0059342236481168265,
full_2024,233,,0.18063783224702387,,,0.17642688191948735,,,0.17624860796082448,,,0.17480312742192497,,,-0.0042109503275365168,,,-0.00017827395866287787,,,-0.0014454805388995073,,,-0.0043892242861993946,,,-0.0016237544975623852,,,-0.005834704825098902,
full_2024,234,,0.18063129573375897,,,0.17672038506015272,,,0.17653858722693522,,,0.17551678679795682,,,-0.0039109106736062438,,,-0.00018179783321750631,,,-0.0010218004289783977,,,-0.0040927085068237501,,,-0.001203598262195904,,,-0.0051145089358021478,
full_2024,235,,0.18374679729017546,,,0.18027015331547533,,,0.18015567900427057,,,0.17880989309880807,,,-0.0034766439747001276,,,-0.0001144743112047597,,,-0.0013457859054624988,,,-0.0035911182859048874,,,-0.0014602602166672585,,,-0.0049369041913673861,
full_2024,236,,0.18100768835811029,,,0.17687591563871058,,,0.17662185404555275,,,0.17555375397942369,,,-0.0041317727193997122,,,-0.00025406159315782828,,,-0.0010681000661290629,,,-0.0043858343125575405,,,-0.0013221616592868912,,,-0.0054539343786866035,
full_2024,237,,0.18332859171231025,,,0.17870877725723502,,,0.17849218138851869,,,0.17733339815280452,,,-0.0046198144550752274,,,-0.00021659586871633496,,,-0.001158783235714167,,,-0.0048364103237915623,,,-0.0013753791044305019,,,-0.0059951935595057293,
full_2024,238,,0.18119936793712527,,,0.17678797429260568,,,0.17662296158852858,,,0.17571430794921666,,,-0.00441139364451959,,,-0.00016501270407709434,,,-0.00090865363931191823,,,-0.0045764063485966844,,,-0.0010736663433890126,,,-0.0054850599879086026,
full_2024,239,,0.18063554450507663,,,0.17667248636806529,,,0.1765170375707627,,,0.17535550948720457,,,-0.0039630581370113382,,,-0.00015544879730258754,,,-0.0011615280835581276,,,-0.0041185069343139258,,,-0.0013169768808607152,,,-0.0052800350178720534,
full_2024,240,,0.18057797393208092,,,0.17673799507917792,,,0.17654602145864159,,,0.17537495358933589,,,-0.0038399788529029921,,,-0.00019197362053632872,,,-0.0011710678693057086,,,-0.0040319524734393208,,,-0.0013630414898420373,,,-0.0052030203427450294,
full_2024,241,,0.17969262873414893,,,0.17555772413951176,,,0.17544621949301162,,,0.17424422407608772,,,-0.0041349045946371676,,,-0.00011150464650014347,,,-0.0012019954169238956,,,-0.0042464092411373111,,,-0.001313500063424039,,,-0.0054484046580612067,
full_2024,242,,0.18073310332103806,,,0.17699212001267189,,,0.17685492140048661,,,0.17565267338641022,,,-0.0037409833083661692,,,-0.00013719861218527973,,,-0.0012022480140763958,,,-0.0038781819205514489,,,-0.0013394466262616755,,,-0.0050804299346278448,
full_2024,243,,0.17903796456772533,,,0.17464715140940926,,,0.17449797084933627,,,0.17324906384386726,,,-0.0043908131583160759,,,-0.00014918056007298675,,,-0.0012489070054690077,,,-0.0045399937183890626,,,-0.0013980875655419944,,,-0.0057889007238580703,
full_2024,244,,0.17922076764329162,,,0.17466878879456452,,,0.17454021157490682,,,0.17333436746297889,,,-0.0045519788487271007,,,-0.00012857721965769953,,,-0.0012058441119279228,,,-0.0046805560683848002,,,-0.0013344213315856224,,,-0.0058864001803127231,
full_2024,245,,0.179912493649109,,,0.1762352101226895,,,0.17590360281232065,,,0.17484550608517671,,,-0.0036772835264194947,,,-0.00033160731036885327,,,-0.0010580967271439368,,,-0.004008890836788348,,,-0.00138970403751279,,,-0.0050669875639322848,
full_2024,246,,0.18291257074765932,,,0.1788095503008614,,,0.17857905478896691,,,0.17760005083847927,,,-0.004103020446797917,,,-0.00023049551189449624,,,-0.00097900395048763911,,,-0.0043335159586924132,,,-0.0012094994623821353,,,-0.0053125199091800523,
full_2024,247,,0.18070214308297811,,,0.17661914940721088,,,0.17635067301685053,,,0.17559755255275702,,,-0.0040829936757672269,,,-0.00026847639036034487,,,-0.00075312046409350963,,,-0.0043514700661275718,,,-0.0010215968544538545,,,-0.0051045905302210814,
full_2024,248,,0.17860775667926321,,,0.17457040141399124,,,0.17436163154555334,,,0.17280198840971014,,,-0.0040373552652719635,,,-0.00020876986843790246,,,-0.0015596431358431972,,,-0.004246125133709866,,,-0.0017684130042810997,,,-0.0058057682695530632,
full_2024,249,,0.18209180507740089,,,0.17780970498578247,,,0.17761900551498983,,,0.17665544194669996,,,-0.0042821000916184182,,,-0.00019069947079264349,,,-0.00096356356828986023,,,-0.0044727995624110617,,,-0.0011542630390825037,,,-0.0054363631307009219,
full_2024,250,,0.17998729444219527,,,0.17599590142709334,,,0.17578258558253426,,,0.17435305848357727,,,-0.0039913930151019295,,,-0.00021331584455908104,,,-0.0014295270989569953,,,-0.0042047088596610105,,,-0.0016428429435160763,,,-0.0056342359586180057,
full_2024,251,,0.18192670819647125,,,0.17735859931988196,,,0.17717914884422076,,,0.17561267287738325,,,-0.0045681088765892885,,,-0.00017945047566120254,,,-0.0015664759668375106,,,-0.0047475593522504911,,,-0.0017459264424987131,,,-0.0063140353190880016,
full_2024,252,,0.17742984210976259,,,0.17273980951526252,,,0.17252186706078698,,,0.17145064642297211,,,-0.0046900325945000709,,,-0.00021794245447553928,,,-0.0010712206378148681,,,-0.0049079750489756102,,,-0.0012891630922904074,,,-0.0059791956867904783,
full_2024,253,,0.18049245848322315,,,0.17612313128901524,,,0.17597019620234577,,,0.17479316466245787,,,-0.0043693271942079059,,,-0.00015293508666947009,,,-0.0011770315398879072,,,-0.004522262280877376,,,-0.0013299666265573773,,,-0.0056992938207652832,
full_2024,254,,0.18037387608560637,,,0.17601716466436632,,,0.17582242808107806,,,0.17481854664105989,,,-0.0043567114212400559,,,-0.00019473658328825194,,,-0.0010038814400181728,,,-0.0045514480045283079,,,-0.0011986180233064248,,,-0.0055553294445464807,
full_2024,255,,0.17860728550286625,,,0.17447377769980335,,,0.17436113885757801,,,0.17302222231373046,,,-0.0041335078030629024,,,-0.00011263884222534326,,,-0.0013389165438475459,,,-0.0042461466452882457,,,-0.0014515553860728891,,,-0.0055850631891357916,
full_2024,256,,0.18128633288614471,,,0.17676715931371118,,,0.17659549621263088,,,0.17538434951730333,,,-0.0045191735724335325,,,-0.00017166310108029936,,,-0.0012111466953275418,,,-0.0046908366735138318,,,-0.0013828097964078412,,,-0.0059019833688413736,
full_2024,257,,0.18138191858346978,,,0.17709490883686285,,,0.17694669697902601,,,0.17619276081888202,,,-0.0042870097466069235,,,-0.00014821185783683855,,,-0.00075393616014399201,,,-0.004435221604443762,,,-0.00090214801798083055,,,-0.005189157764587754,
full_2024,258,,0.18058182594017394,,,0.17672943389845508,,,0.17662546763438824,,,0.17560148585253965,,,-0.0038523920417188606,,,-0.00010396626406683485,,,-0.001023981781848593,,,-0.0039563583057856955,,,-0.0011279480459154279,,,-0.0049803400876342885,
full_2024,259,,0.18076209521259287,,,0.17656316742497144,,,0.17634784559248376,,,0.1751661158232293,,,-0.0041989277876214315,,,-0.00021532183248768044,,,-0.0011817297692544582,,,-0.0044142496201091119,,,-0.0013970516017421386,,,-0.0055959793893635701,
full_2024,260,,0.18206650004962574,,,0.17758172630919342,,,0.17741456889352167,,,0.17623517394894278,,,-0.004484773740432324,,,-0.00016715741567174813,,,-0.0011793949445788876,,,-0.0046519311561040722,,,-0.0013465523602506357,,,-0.0058313261006829598,
full_2024,261,,0.18187096792724944,,,0.17789806363698885,,,0.1777214318926644,,,0.17640004899989206,,,-0.0039729042902605927,,,-0.00017663174432444584,,,-0.0013213828927723381,,,-0.0041495360345850385,,,-0.001498014637096784,,,-0.0054709189273573766,
full_2024,262,,0.18017218250978057,,,0.17571110071751342,,,0.17549547565576359,,,0.17459096496774779,,,-0.0044610817922671464,,,-0.00021562506174982454,,,-0.00090451068801580825,,,-0.0046767068540169709,,,-0.0011201357497656328,,,-0.0055812175420327792,
full_2024,263,,0.17903288273032478,,,0.17489226469007085,,,0.17453858712826389,,,0.1734024290603115,,,-0.0041406180402539239,,,-0.00035367756180695875,,,-0.0011361580679523919,,,-0.0044942956020608826,,,-0.0014898356297593507,,,-0.0056304536700132746,
full_2024,264,,0.1816426862676869,,,0.17755384009950193,,,0.17737953093803152,,,0.17597486511834978,,,-0.004088846168184973,,,-0.00017430916147040398,,,-0.0014046658196817385,,,-0.004263155329655377,,,-0.0015789749811521425,,,-0.0056678211493371156,
full_2024,265,,0.18102144807525233,,,0.17703737466735811,,,0.1768633922034081,,,0.17568487606169836,,,-0.003984073407894223,,,-0.00017398246395000649,,,-0.0011785161417097456,,,-0.0041580558718442295,,,-0.0013524986056597521,,,-0.0053365720135539751,
full_2024,266,,0.18130504700040764,,,0.17707218776754405,,,0.176908008008336,,,0.17550255592137881,,,-0.004232859232863595,,,-0.00016417975920804406,,,-0.0014054520869571929,,,-0.0043970389920716391,,,-0.001569631846165237,,,-0.005802491079028832,
full_2024,267,,0.18038495869860202,,,0.1764236732083358,,,0.17620612969977831,,,0.17496879305408544,,,-0.0039612854902662253,,,-0.00021754350855748839,,,-0.0012373366456928658,,,-0.0041788289988237137,,,-0.0014548801542503542,,,-0.0054161656445165796,
full_2024,268,,0.17950057253456628,,,0.17462535366182674,,,0.17445372798482284,,,0.17313856819461157,,,-0.004875218872739534,,,-0.00017162567700390596,,,-0.0013151597902112677,,,-0.00504684454974344,,,-0.0014867854672151737,,,-0.0063620043399547077,
full_2024,269,,0.18088178856132672,,,0.17659669534537492,,,0.17642070114431813,,,0.17558274126578177,,,-0.0042850932159518018,,,-0.00017599420105679497,,,-0.00083795987853635401,,,-0.0044610874170085968,,,-0.001013954079593149,,,-0.0052990472955449508,
full_2024,270,,0.18119409600557299,,,0.17715836948814223,,,0.17698014031346168,,,0.17574507060818442,,,-0.0040357265174307544,,,-0.00017822917468054977,,,-0.0012350697052772586,,,-0.0042139556921113042,,,-0.0014132988799578083,,,-0.0054490253973885627,
full_2024,271,,0.18150558956610732,,,0.17727137794777667,,,0.1770096344897667,,,0.17582610028309853,,,-0.0042342116183306522,,,-0.00026174345800997201,,,-0.0011835342066681687,,,-0.0044959550763406242,,,-0.0014452776646781407,,,-0.0056794892830087929,
full_2024,272,,0.18239890902189948,,,0.17841672474655532,,,0.17826800222660455,,,0.17699528699256309,,,-0.0039821842753441639,,,-0.00014872251995076691,,,-0.0012727152340414605,,,-0.0041309067952949308,,,-0.0014214377539922274,,,-0.0054036220293363912,
full_2024,273,,0.17889221284810944,,,0.17425993174148113,,,0.1741407921716597,,,0.17300012605803305,,,-0.0046322811066283054,,,-0.00011913956982143037,,,-0.0011406661136266483,,,-0.0047514206764497358,,,-0.0012598056834480786,,,-0.005892086790076384,
full_2024,274,,0.18114925548479188,,,0.176493360066968,,,0.17643056670027879,,,0.17544245962465482,,,-0.0046558954178238798,,,-6.2793366689212204e-05,,,-0.00098810707562396738,,,-0.004718688784513092,,,-0.0010509004423131796,,,-0.0057067958601370594,
full_2024,275,,0.17830663783104003,,,0.17417028670733103,,,0.17397671578976279,,,0.17279792149100009,,,-0.0041363511237089978,,,-0.00019357091756824762,,,-0.001178794298762692,,,-0.0043299220412772454,,,-0.0013723652163309397,,,-0.0055087163400399375,
full_2024,276,,0.18083752944426754,,,0.17669418776662649,,,0.17650441948403647,,,0.17515777254161732,,,-0.0041433416776410492,,,-0.00018976828259001377,,,-0.0013466469424191496,,,-0.004333109960231063,,,-0.0015364152250091634,,,-0.0056797569026502126,
full_2024,277,,0.18158351611618004,,,0.17729158059688901,,,0.17706892070625885,,,0.17578587441564567,,,-0.0042919355192910236,,,-0.00022265989063016689,,,-0.0012830462906131823,,,-0.0045145954099211905,,,-0.0015057061812433492,,,-0.0057976417005343728,
full_2024,278,,0.18036616274297732,,,0.17643303554454323,,,0.1762058686453932,,,0.17459824437891877,,,-0.0039331271984340832,,,-0.00022716689915003307,,,-0.0016076242664744278,,,-0.0041602940975841163,,,-0.0018347911656244609,,,-0.0057679183640585441,
full_2024,279,,0.18171496426742756,,,0.17724428721532906,,,0.17696170289578633,,,0.17561280381148228,,,-0.0044706770520984984,,,-0.000282584319542728,,,-0.0013488990843040505,,,-0.0047532613716412264,,,-0.0016314834038467785,,,-0.0061021604559452769,
full_2024,280,,0.18074945177547533,,,0.17624315805047347,,,0.17595085588282441,,,0.17471623475561099,,,-0.0045062937250018587,,,-0.00029230216764905559,,,-0.0012346211272134255,,,-0.0047985958926509142,,,-0.0015269232948624811,,,-0.0060332170198643398,
full_2024,281,,0.1789529640612986,,,0.17489908364064924,,,0.17465497111654357,,,0.17310933967223324,,,-0.0040538804206493584,,,-0.00024411252410566631,,,-0.0015456314443103303,,,-0.0042979929447550247,,,-0.0017897439684159966,,,-0.005843624389065355,
full_2024,282,,0.18089290180432593,,,0.17651948151593497,,,0.17630875378550415,,,0.17533695586260217,,,-0.0043734202883909667,,,-0.00021072773043082083,,,-0.00097179792290197353,,,-0.0045841480188217876,,,-0.0011825256533327944,,,-0.0055559459417237611,
full_2024,283,,0.18239269177093803,,,0.17773908225187865,,,0.17747586537999227,,,0.17638016337149662,,,-0.0046536095190593818,,,-0.00026321687188637921,,,-0.0010957020084956526,,,-0.004916826390945761,,,-0.0013589188803820318,,,-0.0060125283994414136,
full_2024,284,,0.18253941358141615,,,0.17844383784167894,,,0.17826749033538733,,,0.17734383091136624,,,-0.0040955757397372061,,,-0.00017634750629161311,,,-0.00092365942402108936,,,-0.0042719232460288192,,,-0.0011000069303127025,,,-0.0051955826700499086,
full_2024,285,,0.18153389483957444,,,0.17752567582915105,,,0.17743698138352151,,,0.17633572036239345,,,-0.0040082190104233917,,,-8.8694445629533547e-05,,,-0.0011012610211280638,,,-0.0040969134560529252,,,-0.0011899554667575973,,,-0.005198174477180989,
full_2024,286,,0.18224743381320224,,,0.17807067588867831,,,0.17784368938439848,,,0.17613545751708112,,,-0.0041767579245239328,,,-0.0002269865042798247,,,-0.0017082318673173613,,,-0.0044037444288037575,,,-0.001935218371597186,,,-0.0061119762961211188,
full_2024,287,,0.1804079989571456,,,0.17646558015864575,,,0.17623648137202419,,,0.17498135629268347,,,-0.0039424187984998527,,,-0.00022909878662155658,,,-0.0012551250793407243,,,-0.0041715175851214092,,,-0.0014842238659622808,,,-0.0054266426644621335,
full_2024,288,,0.18071349752996943,,,0.17673571502495258,,,0.17655133613769716,,,0.17516361254406601,,,-0.0039777825050168469,,,-0.00018437888725542084,,,-0.0013877235936311516,,,-0.0041621613922722678,,,-0.0015721024808865725,,,-0.0055498849859034194,
full_2024,289,,0.1784968986433853,,,0.1745131084248604,,,0.17433487108376344,,,0.1731279033445233,,,-0.0039837902185249074,,,-0.00017823734109695399,,,-0.0012069677392401446,,,-0.0041620275596218614,,,-0.0013852050803370985,,,-0.005368995298862006,
full_2024,290,,0.17945923638508882,,,0.17533623243931143,,,0.17517966895920992,,,0.17422400165860213,,,-0.004123003945777387,,,-0.00015656348010151255,,,-0.00095566730060778204,,,-0.0042795674258788996,,,-0.0011122307807092946,,,-0.0052352347264866816,
full_2024,291,,0.18038460339211981,,,0.17612489132640238,,,0.17600154057346273,,,0.1749998587436126,,,-0.0042597120657174303,,,-0.00012335075293964937,,,-0.0010016818298501373,,,-0.0043830628186570797,,,-0.0011250325827897867,,,-0.005384744648507217,
full_2024,292,,0.17947086718754959,,,0.17535393920302444,,,0.1751206094244325,,,0.17443220715843633,,,-0.0041169279845251483,,,-0.00023332977859194526,,,-0.00068840226599617416,,,-0.0043502577631170936,,,-0.00092173204458811941,,,-0.0050386600291132677,
full_2024,293,,0.17767467294915223,,,0.17287076111194621,,,0.17272426498176466,,,0.17168383628032985,,,-0.0048039118372060208,,,-0.00014649613018155594,,,-0.001040428701434809,,,-0.0049504079673875767,,,-0.001186924831616365,,,-0.0059908366688223857,
full_2024,294,,0.18216492772730108,,,0.17772277990627919,,,0.1775257067569681,,,0.17621859033775625,,,-0.0044421478210218968,,,-0.00019707314931108333,,,-0.0013071164192118567,,,-0.0046392209703329801,,,-0.0015041895685229401,,,-0.0059463373895448368,
full_2024,295,,0.17946800959641587,,,0.17521559408134646,,,0.17506878824006922,,,0.17392231644621109,,,-0.0042524155150694132,,,-0.00014680584127724217,,,-0.0011464717938581281,,,-0.0043992213563466553,,,-0.0012932776351353703,,,-0.0055456931502047835,
full_2024,296,,0.1803052647755857,,,0.17540774090700026,,,0.17522527730157328,,,0.17408406827843376,,,-0.0048975238685854405,,,-0.00018246360542698015,,,-0.0011412090231395222,,,-0.0050799874740124207,,,-0.0013236726285665024,,,-0.0062211964971519429,
full_2024,297,,0.18116566372364906,,,0.17703209853686624,,,0.17684509071489246,,,0.17581205767075472,,,-0.0041335651867828171,,,-0.00018700782197378363,,,-0.0010330330441377378,,,-0.0043205730087566008,,,-0.0012200408661115214,,,-0.0053536060528943386,
full_2024,298,,0.18146576379843299,,,0.17749654123133451,,,0.1773454047580022,,,0.1766609074889684,,,-0.0039692225670984738,,,-0.00015113647333231395,,,-0.00068449726903380137,,,-0.0041203590404307877,,,-0.00083563374236611532,,,-0.0048048563094645891,
full_2024,299,,0.18018926813825664,,,0.17585232401059275,,,0.17567179246434483,,,0.1747255925878004,,,-0.0043369441276638887,,,-0.00018053154624791956,,,-0.00094619987654442905,,,-0.0045174756739118083,,,-0.0011267314227923486,,,-0.0054636755504562373,
full_2024,300,,0.18193283527910631,,,0.17751058600572436,,,0.17733854151521422,,,0.17602312245045215,,,-0.0044222492733819452,,,-0.00017204449051014259,,,-0.0013154190647620689,,,-0.0045942937638920878,,,-0.0014874635552722115,,,-0.0059097128286541567,
full_2024,301,,0.18047363843228767,,,0.17673645937703711,,,0.17642866831635709,,,0.17520273425997518,,,-0.0037371790552505613,,,-0.00030779106068001827,,,-0.001225934056381911,,,-0.0040449701159305795,,,-0.0015337251170619293,,,-0.0052709041723124905,
full_2024,302,,0.18040857105395472,,,0.17565187172182634,,,0.17544115781870567,,,0.17407777036270422,,,-0.0047566993321283835,,,-0.00021071390312066285,,,-0.0013633874560014525,,,-0.0049674132352490463,,,-0.0015741013591221154,,,-0.0063308006912504988,
full_2024,303,,0.18374074742284521,,,0.17942529281714789,,,0.17915260532569857,,,0.17777114056262069,,,-0.004315454605697322,,,-0.00027268749144931936,,,-0.0013814647630778776,,,-0.0045881420971466413,,,-0.0016541522545271969,,,-0.0059696068602245189,
full_2024,304,,0.1801467083593174,,,0.17589426727165744,,,0.17567124612356194,,,0.17413900987397829,,,-0.0042524410876599583,,,-0.000223021148095498,,,-0.0015322362495836517,,,-0.0044754622357554563,,,-0.0017552573976791497,,,-0.006007698485339108,
full_2024,305,,0.17987909126258092,,,0.17541290480213159,,,0.17517042302784905,,,0.17406192062542733,,,-0.0044661864604493284,,,-0.00024248177428254358,,,-0.0011085024024217183,,,-0.004708668234731872,,,-0.0013509841767042619,,,-0.0058171706371535903,
full_2024,306,,0.17925093580062545,,,0.17513346167517813,,,0.17489698724262434,,,0.17370586504108365,,,-0.004117474125447329,,,-0.00023647443255378486,,,-0.0011911222015406897,,,-0.0043539485580011139,,,-0.0014275966340944746,,,-0.0055450707595418036,
full_2024,307,,0.17980662109697881,,,0.17587311061401564,,,0.17566261795186638,,,0.17422558644891073,,,-0.0039335104829631706,,,-0.00021049266214925866,,,-0.0014370315029556546,,,-0.0041440031451124293,,,-0.0016475241651049133,,,-0.0055810346480680839,
full_2024,308,,0.18085560072268125,,,0.17606733918745487,,,0.17595493577870178,,,0.17444053578853877,,,-0.0047882615352263791,,,-0.00011240340875309784,,,-0.0015143999901630067,,,-0.0049006649439794769,,,-0.0016268033989161046,,,-0.0064150649341424837,
full_2024,309,,0.18135655856903093,,,0.17691517511635629,,,0.17672271310690882,,,0.17602117337093243,,,-0.004441383452674641,,,-0.00019246200944747494,,,-0.00070153973597639196,,,-0.0046338454621221159,,,-0.0008940017454238669,,,-0.0053353851980985079,
full_2024,310,,0.17930761664515013,,,0.17461274500198751,,,0.17440756763225693,,,0.17339269678662547,,,-0.0046948716431626236,,,-0.00020517736973058032,,,-0.0010148708456314548,,,-0.0049000490128932039,,,-0.0012200482153620351,,,-0.0059149198585246587,
full_2024,311,,0.17890000924040364,,,0.17421142393073638,,,0.17400267414099477,,,0.17317615969460531,,,-0.0046885853096672592,,,-0.00020874978974161351,,,-0.00082651444638945359,,,-0.0048973350994088727,,,-0.0010352642361310671,,,-0.0057238495457983263,
full_2024,312,,0.18127053569551929,,,0.17707279760071049,,,0.17687266885673608,,,0.17574976573160719,,,-0.0041977380948088061,,,-0.00020012874397440372,,,-0.0011229031251288879,,,-0.0043978668387832098,,,-0.0013230318691032916,,,-0.0055207699639120977,
full_2024,313,,0.17995539484294312,,,0.17524459475280008,,,0.17500641685411156,,,0.17382342282755198,,,-0.0047108000901430469,,,-0.00023817789868851857,,,-0.0011829940265595806,,,-0.0049489779888315655,,,-0.0014211719252480992,,,-0.0061319720153911461,
full_2024,314,,0.18062228319276555,,,0.17652485726750958,,,0.17625033863978273,,,0.17558489182744291,,,-0.0040974259252559708,,,-0.0002745186277268441,,,-0.0006654468123398205,,,-0.0043719445529828149,,,-0.0009399654400666646,,,-0.0050373913653226354,
full_2024,315,,0.18119727212003656,,,0.17654160917677547,,,0.17636487007804388,,,0.17515969883090843,,,-0.0046556629432610852,,,-0.00017673909873158755,,,-0.0012051712471354559,,,-0.0048324020419926728,,,-0.0013819103458670434,,,-0.0060375732891281286,
full_2024,316,,0.18204905765036253,,,0.17808237933482737,,,0.17794475756149941,,,0.17659805216159277,,,-0.0039666783155351548,,,-0.00013762177332796166,,,-0.0013467053999066392,,,-0.0041043000888631165,,,-0.0014843271732346008,,,-0.0054510054887697557,
full_2024,317,,0.1804170493044413,,,0.17650508182530877,,,0.1761957706187133,,,0.17547733430919332,,,-0.0039119674791325276,,,-0.00030931120659546951,,,-0.00071843630951998194,,,-0.0042212786857279971,,,-0.0010277475161154515,,,-0.0049397149952479791,
full_2024,318,,0.18174152728985812,,,0.17740816016343264,,,0.17727587977322459,,,0.17614356170767731,,,-0.0043333671264254858,,,-0.00013228039020804494,,,-0.0011323180655472831,,,-0.0044656475166335308,,,-0.001264598455755328,,,-0.0055979655821808139,
full_2024,319,,0.18255706666953847,,,0.17912992022033383,,,0.1789916217002111,,,0.17801794572873439,,,-0.0034271464492046377,,,-0.00013829852012273158,,,-0.00097367597147671181,,,-0.0035654449693273693,,,-0.0011119744915994434,,,-0.0045391209408040811,
full_2024,320,,0.17852771025254191,,,0.17427862878671965,,,0.17403029991099947,,,0.17276057193001906,,,-0.0042490814658222575,,,-0.00024832887572018292,,,-0.0012697279809804063,,,-0.0044974103415424405,,,-0.0015180568567005892,,,-0.0057671383225228467,
full_2024,321,,0.17999401638047974,,,0.17590159131359084,,,0.17559230649033522,,,0.17461696161806353,,,-0.004092425066888894,,,-0.00030928482325562334,,,-0.00097534487227168842,,,-0.0044017098901445173,,,-0.0012846296955273118,,,-0.0053770547624162057,
full_2024,322,,0.17859373375344539,,,0.17375617078906336,,,0.17360173958008379,,,0.17218893041768826,,,-0.0048375629643820361,,,-0.0001544312089795663,,,-0.0014128091623955286,,,-0.0049919941733616024,,,-0.0015672403713750949,,,-0.006404803335757131,
full_2024,323,,0.18078946465633997,,,0.17630234778738171,,,0.17624565974430956,,,0.17563038650454979,,,-0.0044871168689582519,,,-5.6688043072156136e-05,,,-0.00061527323975976711,,,-0.004543804912030408,,,-0.00067196128283192325,,,-0.0051590781517901751,
full_2024,324,,0.18131904403055851,,,0.17745649272137884,,,0.17728515784255316,,,0.17623840052502826,,,-0.0038625513091796737,,,-0.00017133487882567411,,,-0.0010467573175249045,,,-0.0040338861880053478,,,-0.0012180921963505786,,,-0.0050806435055302523,
full_2024,325,,0.18105485338375887,,,0.17712161439199101,,,0.1770335823021747,,,0.17604879733008491,,,-0.0039332389917678678,,,-8.8032089816308945e-05,,,-0.0009847849720897861,,,-0.0040212710815841768,,,-0.001072817061906095,,,-0.0050060560536739629,
full_2024,326,,0.18082487754291002,,,0.17660400380774083,,,0.17630303131650685,,,0.17517772782256716,,,-0.0042208737351691894,,,-0.00030097249123398062,,,-0.0011253034939396889,,,-0.00452184622640317,,,-0.0014262759851736695,,,-0.0056471497203428589,
full_2024,327,,0.1845195920402406,,,0.18036599181053345,,,0.18018846542911998,,,0.17885768881805431,,,-0.0041536002297071495,,,-0.00017752638141346755,,,-0.001330776611065676,,,-0.004331126611120617,,,-0.0015083029924791436,,,-0.005661903222186293,
full_2024,328,,0.18138955450586122,,,0.17668315663963774,,,0.17654799684693098,,,0.17491353060668688,,,-0.0047063978662234829,,,-0.00013515979270675715,,,-0.0016344662402441035,,,-0.00484155765893024,,,-0.0017696260329508606,,,-0.0064760238991743435,
full_2024,329,,0.18016155766563624,,,0.175499215092218,,,0.17535294628560463,,,0.17400591428318832,,,-0.0046623425734182433,,,-0.00014626880661336439,,,-0.0013470320024163152,,,-0.0048086113800316077,,,-0.0014933008090296795,,,-0.0061556433824479229,
full_2024,330,,0.18054515136614638,,,0.17611264270806179,,,0.17590487814684483,,,0.17502322244183918,,,-0.0044325086580845885,,,-0.00020776456121696096,,,-0.00088165570500564616,,,-0.0046402732193015495,,,-0.0010894202662226071,,,-0.0055219289243071956,
full_2024,331,,0.18234991574927276,,,0.1784664756311044,,,0.17832018315214887,,,0.17709967477795002,,,-0.003883440118168352,,,-0.00014629247895553421,,,-0.0012205083741988476,,,-0.0040297325971238862,,,-0.0013668008531543818,,,-0.0052502409713227338,
full_2024,332,,0.18295433800907612,,,0.17883069305567739,,,0.17865544893545166,,,0.17728317071713767,,,-0.0041236449533987307,,,-0.0001752441202257371,,,-0.0013722782183139826,,,-0.0042988890736244678,,,-0.0015475223385397197,,,-0.0056711672919384504,
full_2024,333,,0.17932723035236622,,,0.17485456664409654,,,0.17470306708639108,,,0.17388836077942882,,,-0.0044726637082696807,,,-0.00015149955770546453,,,-0.00081470630696225954,,,-0.0046241632659751453,,,-0.00096620586466772407,,,-0.0054388695729374048,
full_2024,334,,0.18193188634549931,,,0.17749606967534431,,,0.17723129047272776,,,0.17645371329662837,,,-0.0044358166701549961,,,-0.00026477920261655519,,,-0.00077757717609938659,,,-0.0047005958727715513,,,-0.0010423563787159418,,,-0.0054781730488709379,
full_2024,335,,0.18040081379084014,,,0.17585503184720086,,,0.17568417589985072,,,0.1743834978484711,,,-0.0045457819436392766,,,-0.00017085594735014031,,,-0.0013006780513796223,,,-0.0047166378909894169,,,-0.0014715339987297626,,,-0.0060173159423690392,
full_2024,336,,0.18078726387084953,,,0.17622480620914027,,,0.1760626700159133,,,0.17460300681351926,,,-0.0045624576617092627,,,-0.00016213619322696937,,,-0.0014596632023940459,,,-0.0047245938549362321,,,-0.0016217993956210153,,,-0.006184257057330278,
full_2024,337,,0.18220649929892874,,,0.17821611882534641,,,0.17799259133062006,,,0.17632871276023387,,,-0.0039903804735823278,,,-0.00022352749472634437,,,-0.0016638785703861902,,,-0.0042139079683086722,,,-0.0018874060651125346,,,-0.0058777865386948625,
full_2024,338,,0.18089770115923606,,,0.17621199797034962,,,0.17604289053173139,,,0.17496965802272924,,,-0.0046857031888864475,,,-0.00016910743861822675,,,-0.0010732325090021533,,,-0.0048548106275046743,,,-0.00124233994762038,,,-0.0059280431365068276,
full_2024,339,,0.1809054018569822,,,0.17665163785420407,,,0.1764043450328861,,,0.1751872418918671,,,-0.004253764002778132,,,-0.00024729282131796815,,,-0.0012171031410189992,,,-0.0045010568240961002,,,-0.0014643959623369673,,,-0.0057181599651150994,
full_2024,340,,0.18058202645845703,,,0.17594162142172337,,,0.17567835269315824,,,0.17470762463512274,,,-0.004640405036733658,,,-0.00026326872856513583,,,-0.00097072805803549711,,,-0.0049036737652987938,,,-0.0012339967866006329,,,-0.005874401823334291,
full_2024,341,,0.18143124256521792,,,0.17733511945703798,,,0.17705648600541238,,,0.17575517496956203,,,-0.0040961231081799443,,,-0.00027863345162559838,,,-0.0013013110358503499,,,-0.0043747565598055427,,,-0.0015799444874759483,,,-0.0056760675956558926,
full_2024,342,,0.17881954537083689,,,0.17406121274484773,,,0.17385593074309882,,,0.17249725153058831,,,-0.0047583326259891534,,,-0.00020528200174890765,,,-0.0013586792125105107,,,-0.0049636146277380611,,,-0.0015639612142594184,,,-0.0063222938402485718,
full_2024,343,,0.1801086595526713,,,0.17549524979039674,,,0.17540851937015617,,,0.17420592735913129,,,-0.0046134097622745618,,,-8.6730420240571648e-05,,,-0.0012025920110248778,,,-0.0047001401825151334,,,-0.0012893224312654494,,,-0.0059027321935400112,
full_2024,344,,0.18244665836394777,,,0.17808594532948108,,,0.17785105644879595,,,0.17685122977393983,,,-0.0043607130344666956,,,-0.00023488888068512459,,,-0.00099982667485612464,,,-0.0045956019151518201,,,-0.0012347155555412492,,,-0.0055954285900079448,
full_2024,345,,0.18182875247118327,,,0.17784841174212629,,,0.17767023119195319,,,0.17686427055727771,,,-0.0039803407290569803,,,-0.00017818055017310153,,,-0.0008059606346754733,,,-0.0041585212792300819,,,-0.00098414118484857482,,,-0.0049644819139055552,
full_2024,346,,0.18011289836115962,,,0.17600040365825226,,,0.17581517714722539,,,0.17456916613791137,,,-0.0041124947029073655,,,-0.00018522651102687027,,,-0.0012460110093140131,,,-0.0042977212139342358,,,-0.0014312375203408834,,,-0.0055437322232482489,
full_2024,347,,0.18020589503181494,,,0.17628926018616123,,,0.17615399062608625,,,0.1748679286139373,,,-0.0039166348456537159,,,-0.00013526956007497981,,,-0.001286062012148953,,,-0.0040519044057286957,,,-0.0014213315722239328,,,-0.0053379664178776487,
full_2024,348,,0.18113869625273737,,,0.17658948546449987,,,0.1763300021941808,,,0.17494044067812708,,,-0.004549210788237501,,,-0.00025948327031907747,,,-0.0013895615160537111,,,-0.0048086940585565785,,,-0.0016490447863727886,,,-0.0061982555746102896,
full_2024,349,,0.18299607698828954,,,0.17891774404776903,,,0.17871565058458411,,,0.17754093951367184,,,-0.0040783329405205127,,,-0.00020209346318492138,,,-0.001174711070912271,,,-0.004280426403705434,,,-0.0013768045340971924,,,-0.005455137474617705,
full_2024,350,,0.17986200857645099,,,0.17573627919920368,,,0.17556471526958495,,,0.17456701474295752,,,-0.0041257293772473114,,,-0.00017156392961872879,,,-0.00099770052662742637,,,-0.0042972933068660402,,,-0.0011692644562461552,,,-0.0052949938334934665,
full_2024,351,,0.18115250522211362,,,0.17677910632892327,,,0.17659434791320286,,,0.17548494238687196,,,-0.0043733988931903556,,,-0.00018475841572040963,,,-0.0011094055263309033,,,-0.0045581573089107652,,,-0.0012941639420513129,,,-0.0056675628352416685,
full_2024,352,,0.18213451327906033,,,0.17811598112547991,,,0.17803245104245566,,,0.17705031817208114,,,-0.0040185321535804175,,,-8.3530083024252466e-05,,,-0.00098213287037451913,,,-0.00410206223660467,,,-0.0010656629533987716,,,-0.0050841951069791891,
full_2024,353,,0.18073301474658326,,,0.17662908399220323,,,0.1765726295501775,,,0.17558593014555773,,,-0.0041039307543800363,,,-5.6454442025732909e-05,,,-0.00098669940461976191,,,-0.0041603851964057692,,,-0.0010431538466454948,,,-0.0051470846010255311,
full_2024,354,,0.1793701837738205,,,0.17489086427143724,,,0.17477024460499471,,,0.17408904920338669,,,-0.0044793195023832555,,,-0.00012061966644252853,,,-0.00068119540160802017,,,-0.004599939168825784,,,-0.0008018150680505487,,,-0.0052811345704338042,
full_2024,355,,0.17914030159035355,,,0.17499652665774659,,,0.17476455286647483,,,0.17337928976093064,,,-0.0041437749326069528,,,-0.00023197379127176676,,,-0.0013852631055441822,,,-0.0043757487238787196,,,-0.001617236896815949,,,-0.0057610118294229018,
full_2024,356,,0.18103723144328893,,,0.17692060911377519,,,0.17676720415830335,,,0.17591889544359179,,,-0.0041166223295137361,,,-0.00015340495547183641,,,-0.00084830871471155977,,,-0.0042700272849855725,,,-0.0010017136701833962,,,-0.0051183359996971323,
full_2024,357,,0.18127014492378093,,,0.17701003098227641,,,0.17684834078065709,,,0.1757745082870375,,,-0.004260113941504523,,,-0.00016169020161932446,,,-0.0010738324936195864,,,-0.0044218041431238475,,,-0.0012355226952389109,,,-0.0054956366367434339,
full_2024,358,,0.18087309598953979,,,0.17668275790841512,,,0.1765117440915559,,,0.17517933035448879,,,-0.0041903380811246782,,,-0.00017101381685921679,,,-0.0013324137370671063,,,-0.004361351897983895,,,-0.0015034275539263231,,,-0.0056937656350510013,
full_2024,359,,0.18083649198773291,,,0.17679338106278514,,,0.17655919585710422,,,0.1754561749744073,,,-0.0040431109249477737,,,-0.00023418520568091461,,,-0.0011030208826969257,,,-0.0042772961306286883,,,-0.0013372060883778403,,,-0.005380317013325614,
full_2024,360,,0.18124734088668309,,,0.17707062779131116,,,0.17691433851606986,,,0.17593153817184665,,,-0.0041767130953719311,,,-0.00015628927524130587,,,-0.00098280034422321139,,,-0.004333002370613237,,,-0.0011390896194645173,,,-0.0053158027148364484,
full_2024,361,,0.17976065182126041,,,0.17603278025342312,,,0.17575084578552827,,,0.17476276239050709,,,-0.0037278715678372987,,,-0.00028193446789484544,,,-0.00098808339502118314,,,-0.0040098060357321441,,,-0.0012700178629160286,,,-0.0049978894307533273,
full_2024,362,,0.1799808271236143,,,0.17632357378199612,,,0.17613823644690643,,,0.17503608886543473,,,-0.0036572533416181774,,,-0.00018533733508968586,,,-0.0011021475814717019,,,-0.0038425906767078633,,,-0.0012874849165613877,,,-0.0049447382581795651,
full_2024,363,,0.18070109513135196,,,0.17650029080747917,,,0.17629780580543988,,,0.1756240620364673,,,-0.0042008043238727921,,,-0.00020248500203928765,,,-0.00067374376897258448,,,-0.0044032893259120798,,,-0.00087622877101187213,,,-0.0050770330948846643,
full_2024,364,,0.18151649594280134,,,0.17762254808109421,,,0.17753654831327706,,,0.1762230921323957,,,-0.003893947861707131,,,-8.5999767817146466e-05,,,-0.0013134561808813561,,,-0.0039799476295242775,,,-0.0013994559486985025,,,-0.0052934038104056336,
full_2024,365,,0.18242258111893289,,,0.17808218381407925,,,0.17794131529974339,,,0.17661125962107574,,,-0.0043403973048536382,,,-0.00014086851433586789,,,-0.0013300556786676465,,,-0.0044812658191895061,,,-0.0014709241930035144,,,-0.0058113214978571526,
full_2024,366,,0.18027462137933789,,,0.17637055469892546,,,0.17625170207918486,,,0.1752300188259385,,,-0.0039040666804124324,,,-0.0001188526197405948,,,-0.0010216832532463638,,,-0.0040229193001530272,,,-0.0011405358729869586,,,-0.005044602553399391,
full_2024,367,,0.17901544215602577,,,0.17434312880751338,,,0.17405833873822429,,,0.17297836155862384,,,-0.0046723133485123969,,,-0.00028479006928908146,,,-0.0010799771796004554,,,-0.0049571034178014783,,,-0.0013647672488895368,,,-0.0060370805974019337,
full_2024,368,,0.17988873505169728,,,0.17560856521093154,,,0.17544131693913981,,,0.17404076262803966,,,-0.0042801698407657351,,,-0.00016724827179173674,,,-0.0014005543111001439,,,-0.0044474181125574719,,,-0.0015678025828918807,,,-0.0058479724236576158,
full_2024,369,,0.18225324998840922,,,0.17813313217643842,,,0.17799545979167219,,,0.17678678292024888,,,-0.0041201178119708026,,,-0.00013767238476622423,,,-0.0012086768714233143,,,-0.0042577901967370269,,,-0.0013463492561895385,,,-0.0054664670681603411,
full_2024,370,,0.17965642637310594,,,0.17546285588890451,,,0.17524431953804498,,,0.17441681891664435,,,-0.0041935704842014365,,,-0.00021853635085952727,,,-0.00082750062140063418,,,-0.0044121068350609638,,,-0.0010460369722601615,,,-0.005239607456461598,
full_2024,371,,0.18166561525382624,,,0.17754326188525613,,,0.17734148755561996,,,0.17612983604138763,,,-0.0041223533685701141,,,-0.00020177432963616737,,,-0.0012116515142323314,,,-0.0043241276982062815,,,-0.0014134258438684988,,,-0.0055357792124386129,
full_2024,372,,0.18176676423554047,,,0.17727330163853117,,,0.17712652598998907,,,0.17569404215840623,,,-0.0044934625970093067,,,-0.00014677564854209679,,,-0.0014324838315828425,,,-0.0046402382455514035,,,-0.0015792594801249393,,,-0.0060727220771342461,
full_2024,373,,0.18029594028186824,,,0.17643189245806423,,,0.17621164509033679,,,0.17536328212849878,,,-0.0038640478238040066,,,-0.00022024736772743858,,,-0.00084836296183801729,,,-0.0040842951915314452,,,-0.0010686103295654559,,,-0.0049326581533694625,
full_2024,374,,0.1814006215678246,,,0.17748299666382303,,,0.17736141390744281,,,0.17674468791906903,,,-0.0039176249040015765,,,-0.00012158275638021743,,,-0.00061672598837378412,,,-0.0040392076603817939,,,-0.00073830874475400154,,,-0.004655933648755578,
full_2024,375,,0.18080607633639326,,,0.17686633195976495,,,0.17665196866347016,,,0.17542541352558158,,,-0.0039397443766283069,,,-0.00021436329629478945,,,-0.0012265551378885797,,,-0.0041541076729230964,,,-0.0014409184341833692,,,-0.0053806628108116761,
full_2024,376,,0.18156378115302418,,,0.17750096801981272,,,0.17736234764235473,,,0.17613882096178635,,,-0.0040628131332114681,,,-0.0001386203774579875,,,-0.001223526680568382,,,-0.0042014335106694556,,,-0.0013621470580263695,,,-0.0054249601912378376,
full_2024,377,,0.18073106660412344,,,0.17662848500248868,,,0.17647789823907334,,,0.17525019381580062,,,-0.0041025816016347638,,,-0.00015058676341533905,,,-0.0012277044232727186,,,-0.0042531683650501029,,,-0.0013782911866880576,,,-0.0054808727883228214,
full_2024,378,,0.1821434386679181,,,0.17824084123279785,,,0.17803745740310178,,,0.1768348155510166,,,-0.003902597435120253,,,-0.00020338382969606328,,,-0.0012026418520851845,,,-0.0041059812648163163,,,-0.0014060256817812478,,,-0.0053086231169015008,
full_2024,379,,0.17939698112093999,,,0.17487395626705868,,,0.1746267913928663,,,0.1733868889656871,,,-0.0045230248538813134,,,-0.00024716487419237931,,,-0.0012399024271791959,,,-0.0047701897280736927,,,-0.0014870673013715752,,,-0.0060100921552528885,
full_2024,380,,0.1820661570636343,,,0.17794938946043745,,,0.17775575699093799,,,0.17666084624706793,,,-0.004116767603196847,,,-0.00019363246949946622,,,-0.0010949107438700534,,,-0.0043104000726963132,,,-0.0012885432133695196,,,-0.0054053108165663666,
full_2024,381,,0.17989706021903101,,,0.17583717884684114,,,0.17558575868097406,,,0.17429473817831889,,,-0.0040598813721898774,,,-0.00025142016586707228,,,-0.0012910205026551713,,,-0.0043113015380569497,,,-0.0015424406685222436,,,-0.005602322040712121,
full_2024,382,,0.18074221748679478,,,0.1764869491338005,,,0.17627296426976105,,,0.17573832770892928,,,-0.0042552683529942792,,,-0.00021398486403945149,,,-0.00053463656083177491,,,-0.0044692532170337307,,,-0.0007486214248712264,,,-0.0050038897778655056,
full_2024,383,,0.18033792773338916,,,0.17626816258996067,,,0.17605831875666178,,,0.17477053978403448,,,-0.0040697651434284943,,,-0.00020984383329888945,,,-0.0012877789726273015,,,-0.0042796089767273837,,,-0.0014976228059261909,,,-0.0055673879493546852,
full_2024,384,,0.18187860985600174,,,0.17757648177025767,,,0.17735154662638042,,,0.17637692747442185,,,-0.0043021280857440669,,,-0.00022493514387725289,,,-0.00097461915195856674,,,-0.0045270632296213198,,,-0.0011995542958358196,,,-0.0055016823815798865,
full_2024,385,,0.18097377035674383,,,0.17686887882792499,,,0.17663658034740298,,,0.17563475739913509,,,-0.0041048915288188492,,,-0.00023229848052200297,,,-0.0010018229482678942,,,-0.0043371900093408522,,,-0.0012341214287898972,,,-0.0053390129576087464,
full_2024,386,,0.17912129005158092,,,0.17497321104332444,,,0.17485194400449516,,,0.17372499019129345,,,-0.0041480790082564778,,,-0.00012126703882928136,,,-0.0011269538132017143,,,-0.0042693460470857592,,,-0.0012482208520309956,,,-0.0053962998602874734,
full_2024,387,,0.18023155924023684,,,0.17625997642832747,,,0.17605855857677838,,,0.17510501688059199,,,-0.0039715828119093743,,,-0.00020141785154909053,,,-0.00095354169618638851,,,-0.0041730006634584649,,,-0.001154959547735479,,,-0.0051265423596448534,
full_2024,388,,0.18129466956178794,,,0.17737706882132279,,,0.17709362248322869,,,0.17598941812939362,,,-0.0039176007404651547,,,-0.00028344633809410102,,,-0.0011042043538350699,,,-0.0042010470785592557,,,-0.0013876506919291709,,,-0.0053052514323943256,
full_2024,389,,0.18035341908076882,,,0.17592327066070895,,,0.1758393582337493,,,0.17441539978175416,,,-0.0044301484200598706,,,-8.3912426959653619e-05,,,-0.0014239584519951387,,,-0.0045140608470195243,,,-0.0015078708789547923,,,-0.005938019299014663,
full_2024,390,,0.18194128804191942,,,0.17796126673457466,,,0.17771825139472502,,,0.17656822262661945,,,-0.003980021307344761,,,-0.00024301533984963375,,,-0.0011500287681055765,,,-0.0042230366471943948,,,-0.0013930441079552103,,,-0.0053730654152999713,
full_2024,391,,0.18152273096466082,,,0.17741757826519589,,,0.17717642098900641,,,0.17673611514041843,,,-0.0041051526994649312,,,-0.0002411572761894798,,,-0.00044030584858797961,,,-0.004346309975654411,,,-0.00068146312477745941,,,-0.0047866158242423906,
full_2024,392,,0.18202496224050677,,,0.17780702519819305,,,0.17768259881695234,,,0.17598817187779089,,,-0.004217937042313713,,,-0.00012442638124071648,,,-0.0016944269391614419,,,-0.0043423634235544295,,,-0.0018188533204021584,,,-0.0060367903627158714,
full_2024,393,,0.1797075551348285,,,0.17602948542337152,,,0.17578333364684462,,,0.17472378390036944,,,-0.0036780697114569827,,,-0.00024615177652689835,,,-0.0010595497464751802,,,-0.003924221487983881,,,-0.0013057015230020785,,,-0.0049837712344590612,
full_2024,394,,0.17929138298845657,,,0.17498973978988497,,,0.17479985307648574,,,0.17332368349745658,,,-0.0043016431985715975,,,-0.0001898867133992288,,,-0.0014761695790291574,,,-0.0044915299119708263,,,-0.0016660562924283862,,,-0.0059676994909999836,
full_2024,395,,0.18165788551963691,,,0.17727438552189667,,,0.17705595057200729,,,0.1763273852974154,,,-0.0043834999977402367,,,-0.00021843494988937895,,,-0.00072856527459189135,,,-0.0046019349476296156,,,-0.0009470002244812703,,,-0.005330500222221507,
full_2024,396,,0.1829710892843828,,,0.17871861698334882,,,0.17857292426298324,,,0.17713596459604974,,,-0.0042524723010339827,,,-0.00014569272036557557,,,-0.0014369596669334961,,,-0.0043981650213995582,,,-0.0015826523872990717,,,-0.0058351246883330543,
full_2024,397,,0.18026556886674927,,,0.17611053859926235,,,0.17593773286694764,,,0.17531541070999132,,,-0.0041550302674869255,,,-0.00017280573231470697,,,-0.00062232215695631754,,,-0.0043278359998016325,,,-0.00079512788927102451,,,-0.00495015815675795,
full_2024,398,,0.18074539076256829,,,0.1763954517598384,,,0.17617958038163381,,,0.17488118468872374,,,-0.0043499390027298968,,,-0.00021587137820458513,,,-0.0012983956929100704,,,-0.0045658103809344819,,,-0.0015142670711146555,,,-0.0058642060738445523,
full_2024,399,,0.17930187263619016,,,0.17526301149020632,,,0.17512698162944965,,,0.1736478875637846,,,-0.0040388611459838408,,,-0.00013602986075667012,,,-0.0014790940656650431,,,-0.0041748910067405109,,,-0.0016151239264217132,,,-0.005653985072405554,
full_2024,400,,0.18149555350044894,,,0.17740532968534847,,,0.17731283425485614,,,0.17575001034858634,,,-0.0040902238151004633,,,-9.2495430492334219e-05,,,-0.0015628239062698002,,,-0.0041827192455927975,,,-0.0016553193367621344,,,-0.0057455431518625977,
full_2024,401,,0.17973135699923412,,,0.17559275949488262,,,0.17538943240423971,,,0.17403673672246511,,,-0.0041385975043514989,,,-0.00020332709064291299,,,-0.0013526956817745961,,,-0.0043419245949944119,,,-0.0015560227724175091,,,-0.0056946202767690079,
full_2024,402,,0.17938667137513062,,,0.1752456425681477,,,0.17525823386330619,,,0.17416629211994419,,,-0.004141028806982916,,,1.2591295158487226e-05,,,-0.001091941743361996,,,-0.0041284375118244288,,,-0.0010793504482035088,,,-0.0052203792551864248,
full_2024,403,,0.18006714311740951,,,0.17579056207578728,,,0.17568080337020475,,,0.17476674664982914,,,-0.004276581041622235,,,-0.00010975870558252443,,,-0.00091405672037561669,,,-0.0043863397472047594,,,-0.0010238154259581411,,,-0.0053003964675803761,
full_2024,404,,0.18086330680131177,,,0.17670730758544706,,,0.17653305652402565,,,0.17534814563110121,,,-0.0041559992158647086,,,-0.00017425106142140989,,,-0.0011849108929244401,,,-0.0043302502772861184,,,-0.00135916195434585,,,-0.0055151611702105585,
full_2024,405,,0.18071510639228514,,,0.17664221211572062,,,0.17642590255477938,,,0.17505908168750947,,,-0.0040728942765645149,,,-0.00021630956094123577,,,-0.0013668208672699134,,,-0.0042892038375057506,,,-0.0015831304282111491,,,-0.005656024704775664,
full_2024,406,,0.18062719041803382,,,0.17628012312114702,,,0.17605345381408749,,,0.1751381196807924,,,-0.0043470672968868029,,,-0.00022666930705952937,,,-0.00091533413329508706,,,-0.0045737366039463323,,,-0.0011420034403546164,,,-0.0054890707372414194,
full_2024,407,,0.18332941785682336,,,0.1792494725599309,,,0.17909460792576259,,,0.17806875100909181,,,-0.0040799452968924566,,,-0.00015486463416830576,,,-0.0010258569166707865,,,-0.0042348099310607623,,,-0.0011807215508390922,,,-0.0052606668477315488,
full_2024,408,,0.18106068266824848,,,0.17653296210809491,,,0.17627958942321093,,,0.1749514115399069,,,-0.0045277205601535753,,,-0.00025337268488398457,,,-0.001328177883304027,,,-0.0047810932450375598,,,-0.0015815505681880115,,,-0.0061092711283415868,
full_2024,409,,0.18120051044141103,,,0.17722993017010938,,,0.17702182019057353,,,0.17592526494575192,,,-0.0039705802713016491,,,-0.0002081099795358532,,,-0.0010965552448216065,,,-0.0041786902508375023,,,-0.0013046652243574597,,,-0.0052752454956591088,
full_2024,410,,0.17927839702698642,,,0.17501904716977454,,,0.17486379761968146,,,0.17418462070621196,,,-0.0042593498572118804,,,-0.00015524955009307839,,,-0.00067917691346949804,,,-0.0044145994073049588,,,-0.00083442646356257644,,,-0.0050937763207744569,
full_2024,411,,0.18191648933703108,,,0.17805845471297346,,,0.17785499828109999,,,0.17638078574872781,,,-0.0038580346240576213,,,-0.00020345643187347218,,,-0.0014742125323721766,,,-0.0040614910559310935,,,-0.0016776689642456488,,,-0.0055357035883032701,
full_2024,412,,0.17976435395657014,,,0.17526932865169678,,,0.17503784132160916,,,0.17399925442192757,,,-0.0044950253048733624,,,-0.00023148733008762634,,,-0.0010385868996815872,,,-0.0047265126349609887,,,-0.0012700742297692136,,,-0.005765099534642576,
full_2024,413,,0.18024542514982722,,,0.17621776864008226,,,0.17603404867176001,,,0.1748547321296447,,,-0.004027656509744959,,,-0.00018371996832225457,,,-0.0011793165421153107,,,-0.0042113764780672136,,,-0.0013630365104375652,,,-0.0053906930201825243,
full_2024,414,,0.18209765105645681,,,0.17780658105715114,,,0.17765437723378238,,,0.17654244687113002,,,-0.0042910699993056745,,,-0.00015220382336875171,,,-0.0011119303626523636,,,-0.0044432738226744262,,,-0.0012641341860211153,,,-0.0055552041853267897,
full_2024,415,,0.18103730905609691,,,0.17655267635516159,,,0.17632844627156402,,,0.17502703775594977,,,-0.004484632700935326,,,-0.00022423008359756524,,,-0.0013014085156142496,,,-0.0047088627845328912,,,-0.0015256385992118149,,,-0.0060102713001471408,
full_2024,416,,0.1820969806969831,,,0.17792924652717945,,,0.17780949487605707,,,0.17604715203816573,,,-0.0041677341698036496,,,-0.00011975165112237951,,,-0.0017623428378913397,,,-0.0042874858209260291,,,-0.0018820944890137192,,,-0.0060498286588173689,
full_2024,417,,0.18118311443927465,,,0.1768284213751857,,,0.17671013671117175,,,0.17535472645025757,,,-0.0043546930640889492,,,-0.00011828466401395121,,,-0.0013554102609141805,,,-0.0044729777281029004,,,-0.0014736949249281317,,,-0.0058283879890170809,
full_2024,418,,0.1801460097509103,,,0.17568784546304486,,,0.17545306130269731,,,0.17406161087943717,,,-0.0044581642878654404,,,-0.00023478416034755645,,,-0.0013914504232601377,,,-0.0046929484482129968,,,-0.0016262345836076941,,,-0.0060843988714731345,
full_2024,419,,0.17934099087242861,,,0.17507903746397194,,,0.17472106236548157,,,0.17331767803511189,,,-0.0042619534084566701,,,-0.00035797509849036513,,,-0.0014033843303696836,,,-0.0046199285069470353,,,-0.0017613594288600487,,,-0.0060233128373167188,
full_2024,420,,0.18187481276655726,,,0.17770566287425893,,,0.1774287529812151,,,0.17611496484271996,,,-0.0041691498922983294,,,-0.00027690989304382518,,,-0.0013137881384951422,,,-0.0044460597853421546,,,-0.0015906980315389674,,,-0.0057598479238372968,
full_2024,421,,0.1796058590279902,,,0.17537238977134303,,,0.17526737256428801,,,0.17403419157676794,,,-0.0042334692566471654,,,-0.00010501720705502482,,,-0.0012331809875200661,,,-0.0043384864637021903,,,-0.0013381981945750909,,,-0.0055716674512222564,
full_2024,422,,0.18079546446403072,,,0.17671278585386155,,,0.17660667259458571,,,0.17552830440951142,,,-0.0040826786101691714,,,-0.00010611325927584181,,,-0.0010783681850742854,,,-0.0041887918694450132,,,-0.0011844814443501273,,,-0.0052671600545192987,
full_2024,423,,0.17897997644372174,,,0.17420789267175282,,,0.17401635857790801,,,0.17281093515286841,,,-0.0047720837719689158,,,-0.00019153409384481401,,,-0.0012054234250395979,,,-0.0049636178658137298,,,-0.0013969575188844119,,,-0.0061690412908533276,
full_2024,424,,0.18119964594143934,,,0.17691055978382858,,,0.17681030759852914,,,0.17567720441948098,,,-0.0042890861576107553,,,-0.00010025218529943758,,,-0.0011331031790481616,,,-0.0043893383429101929,,,-0.0012333553643475992,,,-0.0055224415219583545,
full_2024,425,,0.18008117105457161,,,0.17589378745382192,,,0.17580455060421438,,,0.17487698991207806,,,-0.004187383600749689,,,-8.9236849607543522e-05,,,-0.00092756069213631442,,,-0.0042766204503572325,,,-0.0010167975417438579,,,-0.0052041811424935469,
full_2024,426,,0.18069884343675288,,,0.17679777044903822,,,0.17662402935857846,,,0.17540704512263319,,,-0.0039010729877146655,,,-0.00017374109045975583,,,-0.0012169842359452676,,,-0.0040748140781744213,,,-0.0013907253264050234,,,-0.0052917983141196889,
full_2024,427,,0.17923998227852739,,,0.17482206934733338,,,0.17467479473549588,,,0.17375571027728565,,,-0.0044179129311940069,,,-0.00014727461183750012,,,-0.00091908445821023421,,,-0.004565187543031507,,,-0.0010663590700477343,,,-0.0054842720012417412,
full_2024,428,,0.18057216201943588,,,0.17644372811235959,,,0.17632455294534619,,,0.17526891198746841,,,-0.0041284339070762899,,,-0.00011917516701340225,,,-0.0010556409578777737,,,-0.0042476090740896921,,,-0.0011748161248911759,,,-0.0053032500319674658,
full_2024,429,,0.18064592655126152,,,0.17613178928768092,,,0.17601637653560884,,,0.17490974646938556,,,-0.0045141372635806032,,,-0.00011541275207208046,,,-0.0011066300662232742,,,-0.0046295500156526836,,,-0.0012220428182953547,,,-0.0057361800818759578,
full_2024,430,,0.17966987883537039,,,0.17580214863265994,,,0.17569622741123192,,,0.17429121356694208,,,-0.0038677302027104454,,,-0.00010592122142802363,,,-0.001405013844289843,,,-0.0039736514241384691,,,-0.0015109350657178666,,,-0.0053786652684283121,
full_2024,431,,0.18073860736295341,,,0.17632754649949367,,,0.17605746635643385,,,0.17508603696791014,,,-0.0044110608634597426,,,-0.00027008014305981987,,,-0.00097142938852370908,,,-0.0046811410065195624,,,-0.0012415095315835289,,,-0.0056525703950432715,
full_2024,432,,0.18231842365492992,,,0.17842805665073133,,,0.17824363848508751,,,0.17710519135060324,,,-0.0038903670041985916,,,-0.00018441816564382374,,,-0.0011384471344842717,,,-0.0040747851698424153,,,-0.0013228653001280954,,,-0.005213232304326687,
full_2024,433,,0.18208881161954557,,,0.17781448021617446,,,0.17768561078368744,,,0.1763963823488798,,,-0.0042743314033711066,,,-0.0001288694324870221,,,-0.0012892284348076377,,,-0.0044032008358581287,,,-0.0014180978672946598,,,-0.0056924292706657664,
full_2024,434,,0.18165075478520037,,,0.17722887030265314,,,0.17705830945691814,,,0.17615230609469854,,,-0.0044218844825472392,,,-0.00017056084573499608,,,-0.00090600336221960398,,,-0.0045924453282822353,,,-0.0010765642079546001,,,-0.0054984486905018393,
full_2024,435,,0.1811255622476575,,,0.17693376719161183,,,0.17674727861546458,,,0.17573751001655036,,,-0.0041917950560456663,,,-0.00018648857614725345,,,-0.001009768598914218,,,-0.0043782836321929197,,,-0.0011962571750614714,,,-0.0053880522311071377,
full_2024,436,,0.18159540477775399,,,0.17748299977303056,,,0.17729564051914545,,,0.17625406171032762,,,-0.0041124050047234295,,,-0.00018735925388510544,,,-0.0010415788088178335,,,-0.004299764258608535,,,-0.0012289380627029389,,,-0.0053413430674263684,
full_2024,437,,0.18174005594547113,,,0.17753916656175411,,,0.17743056976937116,,,0.17620911666132227,,,-0.0042008893837170158,,,-0.00010859679238295339,,,-0.0012214531080488866,,,-0.0043094861760999692,,,-0.00133004990043184,,,-0.0055309392841488558,
full_2024,438,,0.183491240067398,,,0.17921630997730642,,,0.17903216469723274,,,0.17788222237186388,,,-0.0042749300900915832,,,-0.00018414528007368314,,,-0.0011499423253688579,,,-0.0044590753701652663,,,-0.001334087605442541,,,-0.0056090176955341242,
full_2024,439,,0.18118822268516069,,,0.17675267836417499,,,0.17657943821822639,,,0.17544323355933664,,,-0.004435544320985696,,,-0.00017324014594860548,,,-0.0011362046588897501,,,-0.0046087844669343014,,,-0.0013094448048383556,,,-0.0057449891258240515,
full_2024,440,,0.18070756768047386,,,0.17620206288029344,,,0.17596863967079426,,,0.17509249377375657,,,-0.0045055048001804154,,,-0.00023342320949917839,,,-0.00087614589703768897,,,-0.0047389280096795938,,,-0.0011095691065368674,,,-0.0056150739067172828,
full_2024,441,,0.17883406658072296,,,0.17476900631140829,,,0.17453780952309456,,,0.17345484685892995,,,-0.0040650602693146631,,,-0.00023119678831373669,,,-0.0010829626641646051,,,-0.0042962570576283998,,,-0.0013141594524783418,,,-0.0053792197217930049,
full_2024,442,,0.1792482781292441,,,0.17482775170008857,,,0.17463274832191361,,,0.17343625558820702,,,-0.0044205264291555246,,,-0.00019500337817496272,,,-0.0011964927337065889,,,-0.0046155298073304873,,,-0.0013914961118815516,,,-0.0058120225410370763,
full_2024,443,,0.18112152458392225,,,0.1766986028816169,,,0.17635776866193867,,,0.17526902123565558,,,-0.0044229217023053491,,,-0.00034083421967823213,,,-0.0010887474262830932,,,-0.0047637559219835812,,,-0.0014295816459613253,,,-0.0058525033482666744,
full_2024,444,,0.17989637346451728,,,0.17555010526958362,,,0.17528864133706296,,,0.17398298951065777,,,-0.0043462681949336668,,,-0.00026146393252066136,,,-0.0013056518264051853,,,-0.0046077321274543281,,,-0.0015671157589258466,,,-0.0059133839538595134,
full_2024,445,,0.18326854805050649,,,0.17897740476404206,,,0.17878646007950233,,,0.17753988946851829,,,-0.0042911432864644328,,,-0.0001909446845397289,,,-0.0012465706109840435,,,-0.0044820879710041617,,,-0.0014375152955237724,,,-0.0057286585819882052,
full_2024,446,,0.17886276136838111,,,0.17491705720672132,,,0.17470093378089269,,,0.17333934530151152,,,-0.003945704161659791,,,-0.00021612342582863486,,,-0.0013615884793811706,,,-0.0041618275874884259,,,-0.0015777119052098054,,,-0.0055234160668695964,
full_2024,447,,0.18058019086671384,,,0.17638813953011803,,,0.17623119598814016,,,0.17510787702690497,,,-0.004192051336595809,,,-0.00015694354197787197,,,-0.0011233189612351868,,,-0.0043489948785736809,,,-0.0012802625032130588,,,-0.0054723138398088678,
full_2024,448,,0.18094337195782129,,,0.1770283574536429,,,0.17685493362741983,,,0.17569978669542211,,,-0.0039150145041783879,,,-0.00017342382622306807,,,-0.0011551469319977248,,,-0.004088438330401456,,,-0.0013285707582207928,,,-0.0052435852623991808,
full_2024,449,,0.18219029249729427,,,0.17822926006163206,,,0.17814587939344959,,,0.1769258355652254,,,-0.003961032435662204,,,-8.3380668182475581e-05,,,-0.0012200438282241877,,,-0.0040444131038446796,,,-0.0013034244964066632,,,-0.0052644569320688672,
full_2024,450,,0.18113408549262061,,,0.17692519934521383,,,0.17683100116343636,,,0.17548445760170939,,,-0.0042088861474067762,,,-9.4198181777471746e-05,,,-0.0013465435617269761,,,-0.004303084329184248,,,-0.0014407417435044478,,,-0.0056496278909112241,
full_2024,451,,0.17967662442764515,,,0.1753019798538572,,,0.17506588407821069,,,0.17407451796725992,,,-0.0043746445737879447,,,-0.00023609577564651096,,,-0.00099136611095076987,,,-0.0046107403494344557,,,-0.0012274618865972808,,,-0.0056021064603852255,
full_2024,452,,0.18087875624588684,,,0.17693369290263455,,,0.17673810569504919,,,0.17573090812091166,,,-0.0039450633432522864,,,-0.00019558720758536263,,,-0.0010071975741375305,,,-0.004140650550837649,,,-0.0012027847817228932,,,-0.0051478481249751795,
full_2024,453,,0.18025152397964322,,,0.17596091076125556,,,0.17578195652444475,,,0.17407626174500368,,,-0.0042906132183876677,,,-0.00017895423681080214,,,-0.0017056947794410748,,,-0.0044695674551984699,,,-0.001884649016251877,,,-0.0061752622346395447,
full_2024,454,,0.17923561628829907,,,0.17462601835924366,,,0.1746045246100297,,,0.17352830848625256,,,-0.004609597929055409,,,-2.1493749213952196e-05,,,-0.0010762161237771461,,,-0.0046310916782693612,,,-0.0010977098729910983,,,-0.0057073078020465073,
full_2024,455,,0.17966147345119912,,,0.17503632870859726,,,0.17475762067607292,,,0.17354553864886349,,,-0.0046251447426018666,,,-0.00027870803252433296,,,-0.0012120820272094324,,,-0.0049038527751261995,,,-0.0014907900597337653,,,-0.0061159348023356319,
full_2024,456,,0.17983984411166065,,,0.17558301676542759,,,0.17545387813705079,,,0.17429720393907003,,,-0.0042568273462330608,,,-0.00012913862837679591,,,-0.0011566741979807671,,,-0.0043859659746098567,,,-0.001285812826357563,,,-0.0055426401725906238,
full_2024,457,,0.18102651019707272,,,0.17673138189302118,,,0.17663703272474274,,,0.1752758982929207,,,-0.0042951283040515431,,,-9.434916827844031e-05,,,-0.0013611344318220364,,,-0.0043894774723299834,,,-0.0014554836001004767,,,-0.0057506119041520198,
full_2024,458,,0.17916877045075438,,,0.17524553579885135,,,0.17516047814872493,,,0.1739900151364116,,,-0.0039232346519030292,,,-8.5057650126424411e-05,,,-0.0011704630123133275,,,-0.0040082923020294536,,,-0.0012555206624397519,,,-0.0051787553143427811,
full_2024,459,,0.18131683497382689,,,0.17687590746360529,,,0.17668807228984346,,,0.17581306079641432,,,-0.0044409275102215984,,,-0.00018783517376183556,,,-0.00087501149342913975,,,-0.0046287626839834339,,,-0.0010628466671909753,,,-0.0055037741774125737,
full_2024,460,,0.18031020425009556,,,0.17600292513864935,,,0.17578739380883279,,,0.17480958921966888,,,-0.0043072791114462106,,,-0.00021553132981655398,,,-0.00097780458916391089,,,-0.0045228104412627645,,,-0.0011933359189804649,,,-0.0055006150304266754,
full_2024,461,,0.18215917819088745,,,0.17772367496199287,,,0.17759729614562025,,,0.17653538116260811,,,-0.0044355032288945773,,,-0.00012637881637261872,,,-0.001061914983012141,,,-0.004561882045267196,,,-0.0011882937993847598,,,-0.005623797028279337,
full_2024,462,,0.18230566439081611,,,0.17799414214533188,,,0.1777594348395074,,,0.17683668766488217,,,-0.0043115222454842284,,,-0.00023470730582447752,,,-0.00092274717462523248,,,-0.0045462295513087059,,,-0.00115745448044971,,,-0.0054689767259339384,
full_2024,463,,0.1811909353845132,,,0.17705180785477564,,,0.17685532987421104,,,0.17557667909233646,,,-0.0041391275297375518,,,-0.00019647798056460219,,,-0.0012786507818745851,,,-0.004335605510302154,,,-0.0014751287624391873,,,-0.0056142562921767392,
full_2024,464,,0.18228865195485686,,,0.17839669167906716,,,0.17830642694094057,,,0.17690782319039339,,,-0.0038919602757896965,,,-9.0264738126594191e-05,,,-0.0013986037505471782,,,-0.0039822250139162907,,,-0.0014888684886737724,,,-0.0053808287644634689,
full_2024,465,,0.18138350187748375,,,0.17720877454850953,,,0.17704948876167506,,,0.17605420967262694,,,-0.0041747273289742259,,,-0.0001592857868344677,,,-0.00099527908904811779,,,-0.0043340131158086936,,,-0.0011545648758825855,,,-0.0053292922048568114,
full_2024,466,,0.18039311024778273,,,0.17625298422910429,,,0.17602885060335227,,,0.17461069731059753,,,-0.0041401260186784417,,,-0.000224133625752021,,,-0.0014181532927547424,,,-0.0043642596444304627,,,-0.0016422869185067634,,,-0.0057824129371852051,
full_2024,467,,0.1805589611056784,,,0.17649982726103763,,,0.17630654659822731,,,0.17564047086733095,,,-0.0040591338446407665,,,-0.00019328066281032452,,,-0.00066607573089635941,,,-0.0042524145074510911,,,-0.00085935639370668393,,,-0.0049184902383474505,
full_2024,468,,0.18303533325882862,,,0.17902321609903518,,,0.17890490784686644,,,0.17806516991927598,,,-0.004012117159793438,,,-0.00011830825216874175,,,-0.00083973792759045596,,,-0.0041304254119621797,,,-0.0009580461797591977,,,-0.0049701633395526357,
full_2024,469,,0.17855470105728719,,,0.17500844997634973,,,0.17475136344098585,,,0.17353499538492748,,,-0.0035462510809374514,,,-0.00025708653536388182,,,-0.0012163680560583756,,,-0.0038033376163013333,,,-0.0014734545914222574,,,-0.0050197056723597089,
full_2024,470,,0.18012570799552743,,,0.17549848038593976,,,0.17533537397504045,,,0.1745087302460869,,,-0.0046272276095876697,,,-0.00016310641089931077,,,-0.0008266437289535522,,,-0.0047903340204869804,,,-0.00098975013985286298,,,-0.0056169777494405326,
full_2024,471,,0.17968017342928763,,,0.17519490999178702,,,0.17494543410465624,,,0.1740571290174798,,,-0.0044852634375006084,,,-0.0002494758871307845,,,-0.00088830508717643863,,,-0.0047347393246313929,,,-0.0011377809743072231,,,-0.0056230444118078315,
full_2024,472,,0.18026347978128887,,,0.17599035258183524,,,0.1756360500115105,,,0.17470286448542749,,,-0.0042731271994536357,,,-0.00035430257032473267,,,-0.00093318552608301353,,,-0.0046274297697783684,,,-0.0012874880964077462,,,-0.0055606152958613819,
full_2024,473,,0.18197874713364187,,,0.17823717982131085,,,0.17805026711256189,,,0.17704195002218415,,,-0.0037415673123310234,,,-0.00018691270874895971,,,-0.0010083170903777416,,,-0.0039284800210799831,,,-0.0011952297991267014,,,-0.0049367971114577247,
full_2024,474,,0.1817359589973101,,,0.17765348870140302,,,0.17738252913687969,,,0.17641647225706247,,,-0.0040824702959070813,,,-0.00027095956452333203,,,-0.000966056879817212,,,-0.0043534298604304134,,,-0.001237016444340544,,,-0.0053194867402476254,
full_2024,475,,0.18050407316874742,,,0.17653720739936679,,,0.1764664350730612,,,0.17518599996775516,,,-0.0039668657693806286,,,-7.0772326305590383e-05,,,-0.0012804351053060381,,,-0.004037638095686219,,,-0.0013512074316116285,,,-0.0053180732009922571,
full_2024,476,,0.18096369116502031,,,0.17716444329438669,,,0.17698303390394859,,,0.17538764409557422,,,-0.0037992478706336263,,,-0.00018140939043809201,,,-0.0015953898083743701,,,-0.0039806572610717184,,,-0.0017767991988124621,,,-0.0055760470694460884,
full_2024,477,,0.18148301662314689,,,0.17737006199416197,,,0.17728120782822446,,,0.17599922593096873,,,-0.0041129546289849217,,,-8.8854165937513052e-05,,,-0.0012819818972557295,,,-0.0042018087949224348,,,-0.0013708360631932426,,,-0.0054837906921781643,
full_2024,478,,0.17991034400854911,,,0.17567953721241009,,,0.1755448591858966,,,0.17442471819552557,,,-0.0042308067961390194,,,-0.00013467802651348504,,,-0.0011201409903710269,,,-0.0043654848226525045,,,-0.0012548190168845119,,,-0.0054856258130235314,
full_2024,479,,0.18124275350095151,,,0.17702634558243388,,,0.176913618120141,,,0.1757540530381381,,,-0.0042164079185176284,,,-0.00011272746229287756,,,-0.0011595650820029058,,,-0.004329135380810506,,,-0.0012722925442957833,,,-0.0054887004628134117,
full_2024,480,,0.1791686383908227,,,0.17496933859466726,,,0.17475990431441774,,,0.17325152060778129,,,-0.0041992997961554368,,,-0.00020943428024952637,,,-0.0015083837066364458,,,-0.0044087340764049632,,,-0.0017178179868859722,,,-0.005917117783041409,
full_2024,481,,0.17964762584823607,,,0.17542648244988046,,,0.17527031067136503,,,0.17418414116681658,,,-0.004221143398355609,,,-0.00015617177851542929,,,-0.0010861695045484565,,,-0.0043773151768710383,,,-0.0012423412830638858,,,-0.0054634846814194948,
full_2024,482,,0.17969753510699918,,,0.17537730931065984,,,0.17519482058171276,,,0.17440334307015667,,,-0.0043202257963393387,,,-0.00018248872894707779,,,-0.00079147751155608792,,,-0.0045027145252864165,,,-0.00097396624050316571,,,-0.0052941920368425044,
full_2024,483,,0.18162643121814515,,,0.17722193959180499,,,0.17704232091081754,,,0.17607273816168537,,,-0.0044044916263401568,,,-0.00017961868098745337,,,-0.00096958274913216957,,,-0.0045841103073276102,,,-0.0011492014301196229,,,-0.0055536930564597797,
full_2024,484,,0.18118406226146216,,,0.17705121735514071,,,0.17686911185730936,,,0.17569303319363161,,,-0.004132844906321459,,,-0.00018210549783134744,,,-0.0011760786636777487,,,-0.0043149504041528064,,,-0.0013581841615090962,,,-0.0054910290678305551,
full_2024,485,,0.1816347239842771,,,0.17726931693019357,,,0.17718032973104345,,,0.17613708962545627,,,-0.004365407054083531,,,-8.8987199150125651e-05,,,-0.0010432401055871787,,,-0.0044543942532336567,,,-0.0011322273047373044,,,-0.0054976343588208354,
full_2024,486,,0.17960615470645996,,,0.17543658756939493,,,0.17520514087884029,,,0.17414774798742833,,,-0.0041695671370650389,,,-0.00023144669055463751,,,-0.0010573928914119624,,,-0.0044010138276196764,,,-0.0012888395819665999,,,-0.0054584067190316388,
full_2024,487,,0.1818277019751853,,,0.17767361725531786,,,0.17751623222053725,,,0.17619965952698438,,,-0.0041540847198674458,,,-0.00015738503478060495,,,-0.0013165726935528699,,,-0.0043114697546480507,,,-0.0014739577283334748,,,-0.0056280424482009206,
full_2024,488,,0.17950466099002191,,,0.17484120114775142,,,0.17464086385533206,,,0.17339483162752276,,,-0.0046634598422704843,,,-0.00020033729241936138,,,-0.0012460322278093072,,,-0.0048637971346898456,,,-0.0014463695202286686,,,-0.0061098293624991529,
full_2024,489,,0.18128459337349559,,,0.17703010180193343,,,0.17684978678417873,,,0.17609599302430368,,,-0.0042544915715621578,,,-0.00018031501775470082,,,-0.00075379375987505437,,,-0.0044348065893168587,,,-0.00093410877762975519,,,-0.005188600349191913,
full_2024,490,,0.17912037447087792,,,0.17486669871542851,,,0.17475361901759134,,,0.17364284306608374,,,-0.0042536757554494098,,,-0.00011307969783716509,,,-0.0011107759515076032,,,-0.0043667554532865749,,,-0.0012238556493447683,,,-0.0054775314047941781,
full_2024,491,,0.18224485059395693,,,0.17782117432198882,,,0.17770459493654428,,,0.17641870543102811,,,-0.0044236762719681022,,,-0.00011657938544454294,,,-0.001285889505516169,,,-0.0045402556574126451,,,-0.0014024688909607119,,,-0.0058261451629288141,
full_2024,492,,0.18143303596594773,,,0.17745525351656705,,,0.17730113101810616,,,0.17567423714272587,,,-0.0039777824493806846,,,-0.00015412249846089021,,,-0.0016268938753802864,,,-0.0041319049478415748,,,-0.0017810163738411766,,,-0.0057587988232218612,
full_2024,493,,0.18166787165187551,,,0.17720759978631218,,,0.17695042127191024,,,0.17581042590623239,,,-0.0044602718655633311,,,-0.00025717851440193451,,,-0.0011399953656778539,,,-0.0047174503799652656,,,-0.0013971738800797884,,,-0.0058574457456431195,
full_2024,494,,0.17965841646888278,,,0.17538234292736005,,,0.17521590683997662,,,0.17409323124364881,,,-0.0042760735415227347,,,-0.00016643608738342586,,,-0.0011226755963278101,,,-0.0044425096289061605,,,-0.001289111683711236,,,-0.0055651852252339706,
full_2024,495,,0.18129523899181782,,,0.17709038793422396,,,0.17693000024281952,,,0.17580170430316491,,,-0.0042048510575938558,,,-0.00016038769140444553,,,-0.0011282959396546055,,,-0.0043652387489983013,,,-0.001288683631059051,,,-0.0054935346886529068,
full_2024,496,,0.17855704228352548,,,0.17401311788441537,,,0.17380212857756139,,,0.17286608941044401,,,-0.0045439243991101108,,,-0.00021098930685398143,,,-0.00093603916711737511,,,-0.0047549137059640922,,,-0.0011470284739713565,,,-0.0056909528730814674,
full_2024,497,,0.18176548977882478,,,0.17747765723154124,,,0.17723122840771519,,,0.17590618883832337,,,-0.0042878325472835432,,,-0.00024642882382605591,,,-0.0013250395693918116,,,-0.0045342613711095991,,,-0.0015714683932178675,,,-0.0058593009405014107,
full_2024,498,,0.18118327048996441,,,0.17680894494163218,,,0.1767577333086586,,,0.17524692212104831,,,-0.0043743255483322252,,,-5.1211632973585663e-05,,,-0.0015108111876102892,,,-0.0044255371813058109,,,-0.0015620228205838749,,,-0.0059363483689161001,
full_2024,499,,0.18205795505347871,,,0.17785682514561657,,,0.17773924556901946,,,0.17664992690836426,,,-0.0042011299078621445,,,-0.00011757957659710994,,,-0.001089318660655203,,,-0.0043187094844592544,,,-0.0012068982372523129,,,-0.0054080281451144574,
full_2024,500,,0.18029434759167509,,,0.17551312210977846,,,0.17535842968737464,,,0.17446554975841408,,,-0.0047812254818966338,,,-0.0001546924224038182,,,-0.00089287992896056045,,,-0.004935917904300452,,,-0.0010475723513643787,,,-0.0058287978332610124,
mature_2024,1,0.16370430651574736,,0.247665488541436,0.15891275654396705,,0.23770202564286361,0.15872724572181157,,0.23743421936428161,0.1579777744809247,,0.23641912831373502,-0.0047915499717803012,,-0.0099634628985723894,-0.00018551082215548242,,-0.00026780627858200012,-0.00074947124088686756,,-0.0010150910505465904,-0.0049770607939357836,,-0.01023126917715439,-0.00093498206304234999,,-0.0012828973291285906,-0.0057265320348226512,,-0.01124636022770098
mature_2024,2,0.16470154071311613,,0.24777089237355371,0.16069881526020519,,0.2392271819373647,0.16042280745652351,,0.23878611765883692,0.15901611725453665,,0.23638097696378377,-0.0040027254529109435,,-0.0085437104361890115,-0.00027600780368167155,,-0.00044106427852777519,-0.0014066902019868599,,-0.002405140695053154,-0.0042787332565926151,,-0.0089847747147167867,-0.0016826980056685314,,-0.0028462049735809292,-0.005685423458579475,,-0.011389915409769941
mature_2024,3,0.16539036854717573,,0.24751072242052399,0.16117514784733328,,0.23856834158254839,0.16103952769321314,,0.23832042766066736,0.159936538681164,,0.23645949590793286,-0.0042152206998424535,,-0.0089423808379756053,-0.00013562015412013628,,-0.00024791392188103223,-0.0011029890120491381,,-0.001860931752734496,-0.0043508408539625898,,-0.0091902947598566376,-0.0012386091661692744,,-0.0021088456746155282,-0.0054538298660117279,,-0.011051226512591134
mature_2024,4,0.16452890303871393,,0.24750319113263425,0.16019879295424924,,0.23815229798227916,0.16013508612662028,,0.23803459235102747,0.15904245222617364,,0.23618482831160487,-0.0043301100844646834,,-0.0093508931503550885,-6.3706827628962071e-05,,-0.00011770563125168554,-0.0010926339004466434,,-0.0018497640394226078,-0.0043938169120936454,,-0.009468598781606774,-0.0011563407280756055,,-0.0019674696706742933,-0.0054864508125402889,,-0.011318362821029382
mature_2024,5,0.16424431816898385,,0.24759621272487167,0.16010092808561757,,0.23895106082196305,0.15980213305063681,,0.23852438524543224,0.1586405756547265,,0.23680178214613634,-0.0041433900833662829,,-0.0086451519029086266,-0.00029879503498075888,,-0.00042667557653081056,-0.001161557395910312,,-0.0017226030992958941,-0.0044421851183470418,,-0.0090718274794394371,-0.0014603524308910709,,-0.0021492786758267046,-0.0056037425142573538,,-0.010794430578735331
mature_2024,6,0.16340251301307004,,0.248230302835104,0.15881626155563111,,0.23851478871236523,0.15864008976943259,,0.2382378189921022,0.15760069894602885,,0.23648248434895572,-0.0045862514574389335,,-0.009715514122738772,-0.00017617178619852569,,-0.00027696972026303168,-0.0010393908234037352,,-0.0017553346431464778,-0.0047624232436374592,,-0.0099924838430018037,-0.0012155626096022609,,-0.0020323043634095095,-0.0058018140670411944,,-0.011747818486148282
mature_2024,7,0.16374129043531219,,0.24761899169536403,0.1593395163466042,,0.23845100659858687,0.15919828523422799,,0.23822177616405907,0.15833048050665527,,0.23681819799280274,-0.0044017740887079826,,-0.0091679850967771592,-0.00014123111237621111,,-0.00022923043452779956,-0.00086780472757272409,,-0.0014035781712563311,-0.0045430052010841937,,-0.0093972155313049588,-0.0010090358399489352,,-0.0016328086057841307,-0.0054108099286569178,,-0.01080079370256129
mature_2024,8,0.16263921038236387,,0.24736603578994554,0.15800920297143853,,0.23781396037714053,0.15776807951145783,,0.23742140550104557,0.15675324052384046,,0.23570994077267374,-0.0046300074109253408,,-0.0095520754128050056,-0.00024112345998070217,,-0.00039255487609496376,-0.0010148389876173669,,-0.0017114647283718309,-0.004871130870906043,,-0.0099446302888999694,-0.0012559624475980691,,-0.0021040196044667947,-0.0058859698585234099,,-0.0116560950172718
mature_2024,9,0.16472320447140257,,0.24824156366922376,0.16020954646091942,,0.23920133805254148,0.16002703420526568,,0.23894697842560528,0.15835880338573788,,0.2364726286440143,-0.0045136580104831459,,-0.0090402256166822736,-0.00018251225565374396,,-0.00025435962693620695,-0.0016682308195277995,,-0.0024743497815909732,-0.0046961702661368898,,-0.0092945852436184806,-0.0018507430751815435,,-0.0027287094085271801,-0.0063644010856646893,,-0.011768935025209454
mature_2024,10,0.16530299153116845,,0.24772028583227396,0.1609219115572833,,0.23849795475331648,0.16074332869692168,,0.2382751078691932,0.1595770388379007,,0.23652929487775237,-0.0043810799738851491,,-0.0092223310789574797,-0.00017858286036162574,,-0.00022284688412327336,-0.0011662898590209803,,-0.0017458129914408316,-0.0045596628342467749,,-0.0094451779630807531,-0.001344872719382606,,-0.0019686598755641049,-0.0057259526932677551,,-0.011190990954521585
mature_2024,11,0.16248049003188619,,0.24769718148706754,0.1578980731748125,,0.23790438161104399,0.15779200321737899,,0.23773220899621861,0.15675795929429823,,0.23587750401048865,-0.0045824168570736956,,-0.0097927998760235502,-0.00010606995743350778,,-0.00017217261482538326,-0.001034043923080763,,-0.0018547049857299547,-0.0046884868145072034,,-0.0099649724908489334,-0.0011401138805142708,,-0.0020268776005553379,-0.0057225307375879664,,-0.011819677476578888
mature_2024,12,0.16425941807587405,,0.24744549647449715,0.15988653341897083,,0.23798600150492655,0.15974235828109801,,0.23770889739925793,0.158363755090806,,0.23568178361284586,-0.0043728846569032198,,-0.0094594949695706032,-0.00014417513787282066,,-0.00027710410566861299,-0.0013786031902920104,,-0.0020271137864120714,-0.0045170597947760405,,-0.0097365990752392162,-0.0015227783281648311,,-0.0023042178920806844,-0.0058956629850680509,,-0.011763712861651288
mature_2024,13,0.16372462749350478,,0.24721616009895064,0.15950545040877856,,0.23824238297288156,0.15925897137402539,,0.23782440550901274,0.15828229628316509,,0.23639842217634999,-0.0042191770847262167,,-0.008973777126069088,-0.00024647903475316646,,-0.00041797746386881829,-0.00097667509086030169,,-0.0014259833326627502,-0.0044656561194793831,,-0.0093917545899379062,-0.0012231541256134681,,-0.0018439607965315685,-0.0054423312103396848,,-0.010817737922600656
mature_2024,14,0.16275919736331762,,0.24722247828091098,0.15856371850909667,,0.23827230584774192,0.15842274151743416,,0.23812577044893971,0.15717113890848106,,0.23647054041870741,-0.0041954788542209465,,-0.0089501724331690624,-0.00014097699166251698,,-0.00014653539880221667,-0.0012516026089531007,,-0.0016552300302322964,-0.0043364558458834634,,-0.0090967078319712791,-0.0013925796006156177,,-0.0018017654290345131,-0.0055880584548365642,,-0.010751937862203576
mature_2024,15,0.16323428384502778,,0.24705187484645147,0.15909404384820214,,0.23856801354280679,0.15891708471446922,,0.23828211782126568,0.15821336221749957,,0.23701241378936261,-0.0041402399968256398,,-0.0084838613036446742,-0.00017695913373291794,,-0.00028589572154111287,-0.00070372249696964984,,-0.0012697040319030739,-0.0043171991305585578,,-0.008769757025185787,-0.00088068163070256777,,-0.0015555997534441868,-0.0050209216275282076,,-0.010039461057088861
mature_2024,16,0.16461739457775221,,0.24798914031987204,0.16048908121946728,,0.23874842747453393,0.16028939462150366,,0.23839249126464579,0.15908250546045755,,0.23687546765213485,-0.0041283133582849241,,-0.0092407128453381171,-0.00019968659796362753,,-0.00035593620988813579,-0.0012068891610461097,,-0.0015170236125109371,-0.0043279999562485516,,-0.0095966490552262529,-0.0014065757590097372,,-0.0018729598223990729,-0.0055348891172946613,,-0.01111367266773719
mature_2024,17,0.16627088082494029,,0.2475316451448375,0.16241289041252682,,0.23914632390335694,0.16227339261953028,,0.23889161493121172,0.16130234847430761,,0.237949577796575,-0.0038579904124134701,,-0.0083853212414805589,-0.00013949779299654574,,-0.00025470897214521782,-0.00097104414522267146,,-0.00094203713463672512,-0.0039974882054100158,,-0.0086400302136257767,-0.0011105419382192172,,-0.0011967461067819429,-0.0049685323506326873,,-0.0095820673482625018
mature_2024,18,0.16480010030300457,,0.24762001307435083,0.16042640626185428,,0.23832667913880834,0.1602039948615738,,0.23803637701413932,0.15920526023945672,,0.23667548377342446,-0.0043736940411502889,,-0.0092933339355424915,-0.00022241140028048112,,-0.00029030212466901739,-0.00099873462211708119,,-0.0013608932407148666,-0.00459610544143077,,-0.0095836360602115089,-0.0012211460223975623,,-0.001651195365383884,-0.0055948400635478512,,-0.010944529300926376
mature_2024,19,0.1642763538062578,,0.2476018663999332,0.16024644475098448,,0.23894808041369786,0.16004995481825651,,0.23872609458358415,0.15933452711468413,,0.2377987371779344,-0.0040299090552733119,,-0.0086537859862353406,-0.00019648993272797233,,-0.00022198583011370787,-0.0007154277035723855,,-0.00092735740564975355,-0.0042263989880012842,,-0.0088757718163490484,-0.00091191763630035783,,-0.0011493432357634614,-0.0049418266915736697,,-0.009803129221998802
mature_2024,20,0.16458183948867089,,0.24722297894276479,0.16070022807976636,,0.23895960444336259,0.16051556371475376,,0.23865785406324266,0.15945144931489408,,0.23691039244432047,-0.0038816114089045284,,-0.008263374499402204,-0.00018466436501260453,,-0.00030175038011992505,-0.001064114399859678,,-0.001747461618922197,-0.0040662757739171329,,-0.0085651248795221291,-0.0012487787648722826,,-0.002049211999042122,-0.0051303901737768109,,-0.010312586498444326
mature_2024,21,0.16489579661435261,,0.24735478116442863,0.16055623419479487,,0.23796950534008024,0.16046656410560683,,0.23776252026534728,0.15918951837460049,,0.23554508453079379,-0.0043395624195577409,,-0.0093852758243483936,-8.9670089188031987e-05,,-0.00020698507473296268,-0.0012770457310063432,,-0.0022174357345534912,-0.0044292325087457729,,-0.0095922608990813563,-0.0013667158201943752,,-0.0024244208092864539,-0.0057062782397521161,,-0.011809696633634847
mature_2024,22,0.16366061020410305,,0.24801364404175866,0.15931026613813087,,0.23858098150228199,0.15916414715303601,,0.23839984332738581,0.15860228038701241,,0.23761288704838196,-0.0043503440659721782,,-0.0094326625394766661,-0.00014611898509486743,,-0.00018113817489617823,-0.00056186676602359986,,-0.00078695627900385312,-0.0044964630510670456,,-0.0096138007143728443,-0.00070798575111846729,,-0.00096809445390003135,-0.0050583298170906454,,-0.010400756993376697
mature_2024,23,0.16614696417856778,,0.24822765972208,0.1619393820538427,,0.2394516004937409,0.16172089890548677,,0.23906162979914669,0.16067662557105014,,0.23738367874249747,-0.0042075821247250789,,-0.0087760592283391003,-0.00021848314835593019,,-0.00038997069459420497,-0.0010442733344366295,,-0.0016779510566492239,-0.0044260652730810091,,-0.0091660299229333053,-0.0012627564827925597,,-0.0020679217512434289,-0.0054703386075176386,,-0.010843980979582529
mature_2024,24,0.16349369632132896,,0.24833521850685228,0.15919271898361834,,0.23935794716417699,0.15902718313314945,,0.23907918006214471,0.15786108093929455,,0.23708416044696229,-0.0043009773377106209,,-0.0089772713426752859,-0.00016553585046888419,,-0.00027876710203228461,-0.0011661021938549065,,-0.0019950196151824195,-0.004466513188179505,,-0.0092560384447075705,-0.0013316380443237907,,-0.0022737867172147042,-0.0056326153820344116,,-0.01125105805988999
mature_2024,25,0.16487343192496823,,0.24771245336873954,0.16086942398615517,,0.23868883708294109,0.16072096083297324,,0.23851801812263457,0.15962736877027339,,0.23678406855610787,-0.0040040079388130589,,-0.0090236162857984525,-0.00014846315318192693,,-0.000170818960306518,-0.0010935920626998497,,-0.0017339495665266991,-0.0041524710919949859,,-0.0091944352461049705,-0.0012420552158817766,,-0.0019047685268332171,-0.0052460631546948355,,-0.01092838481263167
mature_2024,26,0.1635445791910298,,0.24760807092260961,0.15938533014330594,,0.23864385186093029,0.15930670724780879,,0.23861477441741843,0.15846311943554023,,0.23736661951704391,-0.0041592490477238564,,-0.0089642190616793238,-7.862289549714907e-05,,-2.9077443511854595e-05,-0.00084358781226856472,,-0.0012481549003745263,-0.0042378719432210055,,-0.0089932965051911784,-0.00092221070776571379,,-0.0012772323438863808,-0.0050814597554895702,,-0.010241451405565705
mature_2024,27,0.1632839514176613,,0.24806345695508575,0.158692422174327,,0.23818069619526644,0.15860306889716747,,0.23801291011802786,0.15733966014127679,,0.23616030252210776,-0.004591529243334308,,-0.009882760759819309,-8.9353277159531785e-05,,-0.00016778607723857974,-0.001263408755890677,,-0.0018526075959200972,-0.0046808825204938398,,-0.010050546837057889,-0.0013527620330502088,,-0.0020203936731586769,-0.0059442912763845168,,-0.011903154432977986
mature_2024,28,0.16490025314675194,,0.24730079693644214,0.16060964088424423,,0.23827272959198503,0.16040272721720467,,0.23787166227479004,0.15931839339402859,,0.23629691336695449,-0.0042906122625077092,,-0.0090280673444571025,-0.00020691366703956549,,-0.00040106731719499744,-0.0010843338231760757,,-0.0015747489078355437,-0.0044975259295472747,,-0.0094291346616520999,-0.0012912474902156412,,-0.0019758162250305411,-0.0055818597527233504,,-0.011003883569487644
mature_2024,29,0.16408199553882735,,0.24759810129094284,0.1599910304763261,,0.23877652313605846,0.1598637549804493,,0.23862034256835057,0.15877258716032225,,0.23682889411833888,-0.0040909650625012561,,-0.0088215781548843797,-0.0001272754958767941,,-0.00015618056770788646,-0.0010911678201270536,,-0.0017914484500116956,-0.0042182405583780502,,-0.0089777587225922661,-0.0012184433160038477,,-0.0019476290177195821,-0.0053094083785051038,,-0.010769207172603962
mature_2024,30,0.16277135292328643,,0.24776422733580841,0.15878522049265298,,0.23904793645696912,0.1585202127703951,,0.23863523555261315,0.15756469692418376,,0.23726391155899121,-0.0039861324306334489,,-0.0087162908788392945,-0.00026500772225787617,,-0.00041270090435596707,-0.00095551584621134111,,-0.0013713239936219423,-0.0042511401528913251,,-0.0091289917831952616,-0.0012205235684692173,,-0.0017840248979779094,-0.0052066559991026662,,-0.010500315776817204
mature_2024,31,0.16628615005350328,,0.24756813197053593,0.16239983479126849,,0.23909651980379756,0.16229202200211648,,0.23892143453573436,0.16151661986403471,,0.23725723382434913,-0.0038863152622347907,,-0.0084716121667383626,-0.00010781278915200643,,-0.00017508526806320202,-0.0007754021380817766,,-0.0016642007113852331,-0.0039941280513867972,,-0.0086466974348015646,-0.00088321492723378303,,-0.0018392859794484351,-0.0047695301894685738,,-0.010310898146186798
mature_2024,32,0.16330770575798728,,0.24680605110617126,0.15904140580163303,,0.23789099171357914,0.15887958464914465,,0.23769259737366227,0.15784256329310525,,0.23566457081067121,-0.004266299956354247,,-0.0089150593925921284,-0.00016182115248838946,,-0.00019839433991686306,-0.0010370213560393915,,-0.0020280265629910588,-0.0044281211088426364,,-0.0091134537325089915,-0.001198842508527781,,-0.0022264209029079218,-0.0054651424648820279,,-0.01114148029550005
mature_2024,33,0.16343699154037644,,0.24818967108625895,0.1593214902988157,,0.23890979255302791,0.15916105523705049,,0.23869596920264699,0.15824473671600803,,0.23748464290357874,-0.0041155012415607373,,-0.0092798785332310341,-0.00016043506176521838,,-0.0002138233503809206,-0.00091631852104245848,,-0.001211326299068255,-0.0042759363033259556,,-0.0094937018836119547,-0.0010767535828076769,,-0.0014251496494491755,-0.0051922548243684141,,-0.01070502818268021
mature_2024,34,0.16576207405786844,,0.24770550461616936,0.16177420688013547,,0.23906688318238298,0.16161648833570549,,0.23878791764759838,0.16033795365716327,,0.2365050761115155,-0.0039878671777329733,,-0.0086386214337863809,-0.00015771854442997446,,-0.00027896553478459762,-0.0012785346785422202,,-0.0022828415360828802,-0.0041455857221629477,,-0.0089175869685709785,-0.0014362532229721947,,-0.0025618070708674778,-0.005424120400705168,,-0.011200428504653859
mature_2024,35,0.16263818758589366,,0.24764185087854593,0.15822334643684813,,0.23824147251433683,0.15807610438869626,,0.23804516148192081,0.1566484345362438,,0.23600740000045137,-0.0044148411490455286,,-0.0094003783642090943,-0.00014724204815186326,,-0.00019631103241601888,-0.0014276698524524623,,-0.0020377614814694467,-0.0045620831971973919,,-0.0095966893966251132,-0.0015749119006043255,,-0.0022340725138854656,-0.0059897530496498541,,-0.01163445087809456
mature_2024,36,0.16382109113642554,,0.24777463250804616,0.15948257785995443,,0.23844770468268545,0.15934697812805318,,0.23816996137758295,0.1580970810589663,,0.23626191031611266,-0.0043385132764711121,,-0.0093269278253607091,-0.00013559973190124808,,-0.00027774330510249579,-0.0012498970690868749,,-0.001908051061470295,-0.0044741130083723601,,-0.0096046711304632049,-0.001385496800988123,,-0.0021857943665727908,-0.0057240100774592351,,-0.0115127221919335
mature_2024,37,0.16483514811073319,,0.2470846671195,0.16127730618403235,,0.23893891342348048,0.16116300611987172,,0.23881045653121,0.15998442285456682,,0.23670545860680886,-0.0035578419267008332,,-0.0081457536960195254,-0.00011430006416063287,,-0.00012845689227047874,-0.0011785832653049,,-0.0021049979244011363,-0.0036721419908614661,,-0.0082742105882900041,-0.0012928833294655329,,-0.0022334548166716151,-0.0048507252561663661,,-0.01037920851269114
mature_2024,38,0.16547098685589717,,0.2480739459913113,0.16158264631032557,,0.23964099664853217,0.16149327512751835,,0.23953427835303215,0.16038933536268105,,0.23776777597220169,-0.0038883405455716058,,-0.0084329493427791336,-8.9371182807218563e-05,,-0.00010671829550001899,-0.0011039397648373028,,-0.0017665023808304536,-0.0039777117283788244,,-0.0085396676382791525,-0.0011933109476445214,,-0.0018732206763304726,-0.0050816514932161272,,-0.010306170019109606
mature_2024,39,0.16391426966696859,,0.24767422429657115,0.15976298726244614,,0.23896422054466779,0.15970508572457445,,0.2389557667168678,0.15886077700381263,,0.23741814924624088,-0.0041512824045224495,,-0.0087100037519033668,-5.7901537871690723e-05,,-8.4538277999868239e-06,-0.00084430872076182717,,-0.0015376174706269174,-0.0042091839423941402,,-0.0087184575797033537,-0.00090221025863351789,,-0.0015460712984269043,-0.0050534926631559673,,-0.010256075050330271
mature_2024,40,0.16535567092451051,,0.24793082890638665,0.16126544585799441,,0.23901162243957855,0.1611091142073828,,0.23877343263486994,0.15979730103145912,,0.23683212527304001,-0.0040902250665161011,,-0.008919206466808105,-0.00015633165061160192,,-0.00023818980470860507,-0.0013118131759236873,,-0.0019413073618299304,-0.004246556717127703,,-0.0091573962715167101,-0.0014681448265352892,,-0.0021794971665385354,-0.0055583698930513903,,-0.01109870363334664
mature_2024,41,0.16333164543804138,,0.2473187823413687,0.15933721558131514,,0.2388687956495662,0.15914086307297559,,0.23852608998139618,0.15824713926893011,,0.2370771030777882,-0.0039944298567262393,,-0.0084499866918024968,-0.00019635250833954787,,-0.00034270566817001802,-0.00089372380404548202,,-0.0014489869036079794,-0.0041907823650657872,,-0.0087926923599725149,-0.0010900763123850299,,-0.0017916925717779975,-0.0050845061691112692,,-0.010241679263580494
mature_2024,42,0.16491709230120347,,0.24774046304916042,0.16073483381252127,,0.23919953680521167,0.16059588594956781,,0.23908061926224244,0.15954177661657667,,0.23745362369322193,-0.0041822584886822001,,-0.0085409262439487543,-0.00013894786295345907,,-0.0001189175429692213,-0.0010541093329911322,,-0.0016269955690205173,-0.0043212063516356591,,-0.0086598437869179756,-0.0011930571959445913,,-0.0017459131119897386,-0.0053753156846267913,,-0.010286839355938493
mature_2024,43,0.16624085709604314,,0.24753436142163371,0.16226982230666528,,0.23897480419273334,0.1621053178127464,,0.23872857063431607,0.16099976506548264,,0.23668188203112786,-0.003971034789377853,,-0.0085595572289003663,-0.00016450449391888777,,-0.00024623355841726924,-0.0011055527472637605,,-0.0020466886031882126,-0.0041355392832967408,,-0.0088057907873176355,-0.0012700572411826483,,-0.0022929221616054818,-0.0052410920305605013,,-0.010852479390505848
mature_2024,44,0.16394773307633043,,0.24687440987423681,0.16000871865380831,,0.23796643984029289,0.15992901913658036,,0.23782437591860184,0.15952145597032055,,0.23701406308025175,-0.0039390144225221191,,-0.0089079700339439183,-7.969951722794355e-05,,-0.00014206392169105464,-0.00040756316625981115,,-0.00081031283835009127,-0.0040187139397500626,,-0.0090500339556349729,-0.0004872626834877547,,-0.00095237676004114591,-0.0044262771060098738,,-0.0098603467939850642
mature_2024,45,0.1637902387787189,,0.24796264379094884,0.1593617953870457,,0.23861481110202493,0.15911628085305729,,0.23819822449781891,0.15826391193832387,,0.2367698810117555,-0.004428443391673198,,-0.0093478326889239183,-0.00024551453398841128,,-0.00041658660420601512,-0.00085236891473342014,,-0.0014283434860634103,-0.0046739579256616093,,-0.0097644192931299334,-0.0010978834487218314,,-0.0018449300902694254,-0.0055263268403950294,,-0.011192762779193344
mature_2024,46,0.16359414327910882,,0.24810717714196312,0.15938127484845344,,0.238783245324066,0.1591539274919061,,0.23848820675514795,0.15829354390931272,,0.23697602853931793,-0.004212868430655381,,-0.0093239318178971187,-0.00022734735654733607,,-0.00029503856891804903,-0.00086038358259338255,,-0.0015121782158300234,-0.004440215787202717,,-0.0096189703868151677,-0.0010877309391407186,,-0.0018072167847480725,-0.0053005993697960996,,-0.011131148602645191
mature_2024,47,0.16280767747937946,,0.24709188253920319,0.15870862161222729,,0.23844813426977493,0.15853888274806821,,0.2381889460508845,0.15752621545929243,,0.23640460211994271,-0.0040990558671521737,,-0.0086437482694282641,-0.00016973886415908024,,-0.00025918821889042709,-0.0010126672887757759,,-0.0017843439309417897,-0.004268794731311254,,-0.0089029364883186912,-0.0011824061529348562,,-0.0020435321498322168,-0.0052814620200870299,,-0.010687280419260481
mature_2024,48,0.16601548161909077,,0.24760102214138902,0.16197222339682443,,0.23871539974484285,0.16182404453086052,,0.2385229487635443,0.1603305754201601,,0.23610030074516161,-0.0040432582222663382,,-0.0088856223965461667,-0.0001481788659639105,,-0.00019245098129855309,-0.0014934691107004183,,-0.0024226480183826837,-0.0041914370882302487,,-0.0090780733778447198,-0.0016416479766643288,,-0.0026150989996812368,-0.0056849061989306671,,-0.011500721396227404
mature_2024,49,0.16283797321955187,,0.24701823850930343,0.15872614539270155,,0.23818652586671168,0.15851949802383405,,0.23785503539394454,0.15728888701347485,,0.23595858443743756,-0.0041118278268503228,,-0.0088317126425917492,-0.00020664736886749635,,-0.0003314904727671486,-0.0012306110103592061,,-0.0018964509565069787,-0.0043184751957178191,,-0.0091632031153588978,-0.0014372583792267024,,-0.0022279414292741273,-0.0055490862060770252,,-0.011059654071865876
mature_2024,50,0.16412586960162764,,0.2476459579256349,0.15981698908898964,,0.23861711987641521,0.15963789565663494,,0.23842412691150167,0.1588363623467369,,0.23682709432437432,-0.0043088805126380025,,-0.0090288380492196951,-0.00017909343235469888,,-0.0001929929649135409,-0.00080153330989804483,,-0.001597032587127345,-0.0044879739449927014,,-0.009221831014133236,-0.00098062674225274371,,-0.0017900255520408859,-0.0052895072548907462,,-0.010818863601260581
mature_2024,51,0.16420309680072473,,0.24804049295873656,0.16005151689385139,,0.23930579754376585,0.1599115430004254,,0.23907502208183506,0.15892469300763087,,0.23748822908920714,-0.0041515799068733428,,-0.0087346954149707112,-0.00013997389342598754,,-0.0002307754619307878,-0.00098684999279452512,,-0.0015867929926279278,-0.0042915538002993303,,-0.008965470876901499,-0.0011268238862205127,,-0.0018175684545587156,-0.0052784037930938554,,-0.010552263869529427
mature_2024,52,0.16542506414734115,,0.2479707237712156,0.16150927373343685,,0.23951204129566028,0.16121204407249601,,0.23908201670710078,0.1602610344438869,,0.23767304843990184,-0.003915790413904302,,-0.0084586824755553125,-0.0002972296609408398,,-0.00043002458855950776,-0.00095100962860911187,,-0.0014089682671989401,-0.0042130200748451418,,-0.0088887070641148203,-0.0012482392895499517,,-0.0018389928557584478,-0.0051640297034542537,,-0.01029767533131376
mature_2024,53,0.16616809832613552,,0.24769858655843893,0.16195099582105194,,0.23886116711073938,0.16188288847408389,,0.23881606377938325,0.16085513533065621,,0.23717724704477089,-0.0042171025050835864,,-0.0088374194476995571,-6.810734696804932e-05,,-4.5103331356127763e-05,-0.0010277531434276788,,-0.0016388167346123583,-0.0042852098520516357,,-0.0088825227790556849,-0.0010958604903957281,,-0.0016839200659684861,-0.0053129629954793145,,-0.010521339513668043
mature_2024,54,0.16593276937899537,,0.24800474403612482,0.16184759121362172,,0.23903923790902651,0.16165252352285087,,0.23871265958980187,0.16061349536621652,,0.23737378016665822,-0.0040851781653736541,,-0.0089655061270983161,-0.0001950676907708504,,-0.00032657831922464076,-0.0010390281566343418,,-0.0013388794231436463,-0.0042802458561445045,,-0.0092920844463229568,-0.0012340958474051922,,-0.001665457742368287,-0.0053192740127788463,,-0.010630963869466603
mature_2024,55,0.16343629785951119,,0.24738156030082969,0.15889894393569962,,0.23776717383329271,0.15880415898584338,,0.23765654535427949,0.15756949260887376,,0.23581369345001851,-0.0045373539238115768,,-0.0096143864675369839,-9.4784949856235867e-05,,-0.00011062847901321948,-0.0012346663769696176,,-0.0018428519042609781,-0.0046321388736678126,,-0.0097250149465502034,-0.0013294513268258534,,-0.0019534803832741976,-0.0058668052506374302,,-0.011567866850811181
mature_2024,56,0.16466228520855403,,0.24760716255531789,0.16049731396052933,,0.23859302598651491,0.16036201867099512,,0.23842008290138147,0.15921503406385062,,0.2366387352972277,-0.0041649712480247014,,-0.0090141365688029829,-0.00013529528953420966,,-0.00017294308513343681,-0.0011469846071444911,,-0.0017813476041537712,-0.0043002665375589111,,-0.0091870796539364197,-0.0012822798966787008,,-0.0019542906892872081,-0.0054472511447034022,,-0.010968427258090191
mature_2024,57,0.16331579795873613,,0.24691736109542359,0.15931270692653834,,0.23825175980620308,0.15914138978196615,,0.23801696752094961,0.15777875761082996,,0.23549377134030181,-0.0040030910321977864,,-0.0086656012892205037,-0.00017131714457219172,,-0.00023479228525347118,-0.0013626321711361911,,-0.0025231961806478076,-0.0041744081767699781,,-0.0089003935744739748,-0.0015339493157083828,,-0.0027579884659012788,-0.0055370403479061692,,-0.011423589755121782
mature_2024,58,0.16543383715931062,,0.24747919814808458,0.16080856884862579,,0.23784075701370763,0.16070304088898307,,0.23768595610167267,0.15922492792959259,,0.23555013825711171,-0.0046252683106848269,,-0.0096384411343769516,-0.00010552795964272055,,-0.00015480091203495805,-0.0014781129593904874,,-0.002135817844560961,-0.0047307962703275475,,-0.0097932420464119097,-0.0015836409190332079,,-0.0022906187565959191,-0.0062089092297180348,,-0.011929059890972871
mature_2024,59,0.16445615687650422,,0.24773538773314902,0.16004642600568361,,0.23854514595955853,0.15993667361046127,,0.23849151580904535,0.15865884256814486,,0.23664098287346261,-0.0044097308708206107,,-0.0091902417735904851,-0.00010975239522234559,,-5.3630150513184205e-05,-0.0012778310423164074,,-0.0018505329355827382,-0.0045194832660429562,,-0.0092438719241036693,-0.001387583437538753,,-0.0019041630860959224,-0.0057973143083593637,,-0.011094404859686408
mature_2024,60,0.16434317484806099,,0.24744161829433825,0.16012173010636283,,0.238590748241199,0.16002061186372549,,0.23841489914341837,0.1589476748232386,,0.23673099102103029,-0.004221444741698166,,-0.0088508700531392537,-0.00010111824263733804,,-0.00017584909778062263,-0.0010729370404868876,,-0.0016839081223880836,-0.004322562984335504,,-0.0090267191509198763,-0.0011740552831242257,,-0.0018597572201687063,-0.0053955000248223917,,-0.01071062727330796
mature_2024,61,0.16284976324452285,,0.24788619165684297,0.15845189495445805,,0.23845038846085698,0.15831892770878289,,0.23827339832899733,0.15727401764840429,,0.23649244405054967,-0.0043978682900648047,,-0.0094358031959859978,-0.0001329672456751585,,-0.00017699013185965007,-0.001044910060378601,,-0.0017809542784476551,-0.0045308355357399632,,-0.0096127933278456479,-0.0011778773060537595,,-0.0019579444103073051,-0.0055757455961185642,,-0.011393747606293303
mature_2024,62,0.1623586929834871,,0.24746761360601868,0.15786411577092196,,0.23829093159980841,0.15777498238156032,,0.23811387660168903,0.15653124918553732,,0.23626174213250398,-0.0044945772125651318,,-0.0091766820062102739,-8.9133389361645277e-05,,-0.00017705499811937475,-0.0012437331960230003,,-0.0018521344691850572,-0.004583710601926777,,-0.0093537370043296486,-0.0013328665853846455,,-0.0020291894673044319,-0.0058274437979497773,,-0.011205871473514706
mature_2024,63,0.16380328643968181,,0.24783045431156908,0.15973299980736266,,0.2389990451847348,0.15954510746854741,,0.23876275810630157,0.15850486329404354,,0.23732864080961136,-0.0040702866323191478,,-0.0088314091268342776,-0.00018789233881524869,,-0.00023628707843323382,-0.0010402441745038793,,-0.0014341172966902127,-0.0042581789711343965,,-0.0090676962052675114,-0.001228136513319128,,-0.0016704043751234465,-0.0052984231456382758,,-0.010501813501957724
mature_2024,64,0.16452203245760783,,0.24746357401951988,0.16000642841535404,,0.23811944760940199,0.15978893269326305,,0.23777301555625863,0.15893206431328877,,0.23646923021387689,-0.0045156040422537902,,-0.0093441264101178922,-0.00021749572209098234,,-0.00034643205314335845,-0.00085686837997428489,,-0.0013037853423817358,-0.0047330997643447725,,-0.0096905584632612507,-0.0010743641020652672,,-0.0016502173955250943,-0.0055899681443190574,,-0.010994343805642987
mature_2024,65,0.16409483352981424,,0.24771812799499207,0.16009026299418386,,0.23916830855637092,0.16000623097054426,,0.23904833894407632,0.15891530746585891,,0.23695932201862158,-0.0040045705356303862,,-0.0085498194386211535,-8.4032023639601938e-05,,-0.00011996961229460146,-0.0010909235046853427,,-0.0020890169254547397,-0.0040886025592699882,,-0.0086697890509157549,-0.0011749555283249447,,-0.0022089865377493412,-0.0051795260639553309,,-0.010758805976370495
mature_2024,66,0.16321276008100011,,0.24770979628102466,0.15883824707640046,,0.23822393562644753,0.15857716890162865,,0.2378507225315174,0.15759169156077135,,0.23616256132209135,-0.0043745130045996505,,-0.0094858606545771273,-0.00026107817477180606,,-0.00037321309493013044,-0.00098547734085729921,,-0.0016881612094260534,-0.0046355911793714566,,-0.0098590737495072578,-0.0012465555156291053,,-0.0020613743043561839,-0.0056210685202287558,,-0.011547234958933311
mature_2024,67,0.16337602581983054,,0.24760940932309486,0.15937707266994519,,0.239194456535054,0.15921202987192962,,0.23900682499933987,0.15875415374059576,,0.23813087172630518,-0.0039989531498853537,,-0.0084149527880408581,-0.00016504279801557442,,-0.00018763153571413338,-0.00045787613133385641,,-0.00087595327303469084,-0.0041639959479009281,,-0.0086025843237549915,-0.00062291892934943083,,-0.0010635848087488242,-0.0046218720792347845,,-0.0094785375967896823
mature_2024,68,0.162403404987152,,0.24767085845592257,0.15822358374295947,,0.23867609604683571,0.15799971657545919,,0.2382903659289676,0.15676380622349353,,0.23625651905928211,-0.0041798212441925275,,-0.008994762409086865,-0.00022386716750028013,,-0.00038573011786810496,-0.0012359103519656578,,-0.0020338468696854961,-0.0044036884116928077,,-0.0093804925269549699,-0.0014597775194659379,,-0.0024195769875536011,-0.0056395987636584655,,-0.011414339396640466
mature_2024,69,0.16481195653936553,,0.24744338190758963,0.16082199788366666,,0.23897748367585084,0.16061241827619233,,0.23865385084307206,0.15944697656476298,,0.2365305794879968,-0.003989958655698872,,-0.0084658982317387943,-0.00020957960747433613,,-0.00032363283277878074,-0.0011654417114293492,,-0.0021232713550752569,-0.0041995382631732081,,-0.008789531064517575,-0.0013750213189036853,,-0.0024469041878540376,-0.0053649799746025573,,-0.010912802419592832
mature_2024,70,0.16068050015926502,,0.24760587185481045,0.15590596355099726,,0.23743084159500222,0.15570905100839863,,0.23717509207063023,0.15506444127771779,,0.23633501480539248,-0.0047745366082677654,,-0.010175030259808232,-0.00019691254259862623,,-0.00025574952437198983,-0.0006446097306808396,,-0.00084007726523774306,-0.0049714491508663916,,-0.010430779784180222,-0.00084152227327946583,,-0.0010958267896097329,-0.0056160588815472312,,-0.011270857049417965
mature_2024,71,0.16586931531229404,,0.24795374681686141,0.16188573554962779,,0.23939870077443101,0.16171735894127379,,0.23917467669529974,0.16053422821436708,,0.23709222868016816,-0.0039835797626662506,,-0.0085550460424304031,-0.00016837660835400392,,-0.0002240240791312742,-0.001183130726906706,,-0.0020824480151315772,-0.0041519563710202545,,-0.0087790701215616773,-0.0013515073352607099,,-0.0023064720942628514,-0.0053350870979269605,,-0.010861518136693254
mature_2024,72,0.16390967858072952,,0.24765164717297164,0.15977588447866664,,0.23874391058734504,0.15953144172854272,,0.23831212969036955,0.15876192608517575,,0.23700844405090829,-0.0041337941020628821,,-0.0089077365856266022,-0.00024444275012391881,,-0.00043178089697548661,-0.0007695156433669692,,-0.0013036856394612606,-0.0043782368521868009,,-0.0093395174826020888,-0.001013958393490888,,-0.0017354665364367472,-0.0051477524955537701,,-0.010643203122063349
mature_2024,73,0.16485908613167918,,0.24743168316944111,0.16073108878133457,,0.23861985879359748,0.16051631988899406,,0.23830015335430674,0.15947734638034297,,0.23684663352947308,-0.0041279973503446088,,-0.0088118243758436299,-0.00021476889234051111,,-0.00031970543929074613,-0.0010389735086510921,,-0.00145351982483366,-0.0043427662426851199,,-0.009131529815134376,-0.0012537424009916032,,-0.0017732252641244062,-0.005381739751336212,,-0.010585049639968036
mature_2024,74,0.16348628853872998,,0.24814124484345912,0.15933420069325702,,0.23914448427469098,0.15910723860680687,,0.2389475249060081,0.15813989790794053,,0.23750676490235792,-0.0041520878454729682,,-0.0089967605687681362,-0.00022696208645014981,,-0.00019695936868288633,-0.00096734069886633689,,-0.0014407600036501766,-0.004379049931923118,,-0.0091937199374510226,-0.0011943027853164867,,-0.001637719372333063,-0.0053463906307894549,,-0.010634479941101199
mature_2024,75,0.16449630820483277,,0.24758385883567718,0.16034299094409438,,0.23915359611192005,0.16025487918830419,,0.23897470129777332,0.15923016202371343,,0.23717467570254167,-0.0041533172607383928,,-0.0084302627237571315,-8.8111755790182267e-05,,-0.00017889481414673503,-0.001024717164590766,,-0.0018000255952316524,-0.0042414290165285751,,-0.0086091575379038665,-0.0011128289203809483,,-0.0019789204093783874,-0.0052661461811193411,,-0.010409183133135519
mature_2024,76,0.16471497759853684,,0.24723390999773134,0.16065198264570604,,0.23826146104926163,0.16049199738582276,,0.23792063115384782,0.15910887612367186,,0.23572444155800043,-0.0040629949528308007,,-0.0089724489484697134,-0.00015998525988328294,,-0.00034082989541381337,-0.0013831212621508993,,-0.0021961895958473865,-0.0042229802127140836,,-0.0093132788438835268,-0.0015431065220341822,,-0.0025370194912611999,-0.0056061014748649829,,-0.011509468439730913
mature_2024,77,0.16567094725038234,,0.24690839973296519,0.16183539168764102,,0.23865707209115306,0.16170788853157006,,0.23845771760437115,0.16074690545823536,,0.23696357158797687,-0.0038355555627413163,,-0.008251327641812134,-0.00012750315607096274,,-0.00019935448678190526,-0.00096098307333469801,,-0.0014941460163942766,-0.003963058718812279,,-0.0084506821285940392,-0.0010884862294056608,,-0.0016935005031761818,-0.004924041792146977,,-0.0099448281449883158
mature_2024,78,0.16411592827666996,,0.24737391688123792,0.16013401730085419,,0.23894017610910367,0.15993902577130553,,0.23858850173607529,0.15932858869551492,,0.23779130860997294,-0.0039819109758157667,,-0.0084337407721342406,-0.00019499152954866039,,-0.00035167437302838223,-0.00061043707579061524,,-0.00079719312610235238,-0.0041769025053644271,,-0.0087854151451626228,-0.00080542860533927563,,-0.0011488674991307346,-0.0047873395811550423,,-0.0095826082712649752
mature_2024,79,0.16682380908407421,,0.2476734018354953,0.16314325170180768,,0.23944349029487408,0.16293056901600539,,0.23907456157745438,0.16187520772553743,,0.23702929167739509,-0.003680557382266525,,-0.0082299115406212209,-0.00021268268580229566,,-0.00036892871741969757,-0.0010553612904679599,,-0.0020452699000592933,-0.0038932400680688206,,-0.0085988402580409184,-0.0012680439762702556,,-0.0024141986174789909,-0.0049486013585367805,,-0.010644110158100212
mature_2024,80,0.16466386140981804,,0.24774981553313496,0.16050293595612125,,0.2389518876374942,0.16031260062590363,,0.23863926878112196,0.15933046986202937,,0.2370396370167247,-0.0041609254536967843,,-0.0087979278956407669,-0.00019033533021761695,,-0.00031261885637223763,-0.00098213076387426712,,-0.001599631764397258,-0.0043512607839144013,,-0.0091105467520130046,-0.0011724660940918841,,-0.0019122506207694956,-0.0053333915477886684,,-0.010710178516410263
mature_2024,81,0.16406704473275549,,0.24750301979254094,0.15978230603701227,,0.23839729993851361,0.15948607334758536,,0.23801147927553618,0.15832822344154068,,0.23616037398649711,-0.0042847386957432232,,-0.0091057198540273332,-0.00029623268942691183,,-0.00038582066297743189,-0.0011578499060446723,,-0.0018511052890390622,-0.004580971385170135,,-0.0094915405170047651,-0.0014540825954715841,,-0.0022369259520164941,-0.0057388212912148073,,-0.011342645806043827
mature_2024,82,0.16404754108787076,,0.24748653903110418,0.16020330830301757,,0.23889091963495487,0.16001913357888645,,0.23875543788454096,0.15883394461453329,,0.23695594822053376,-0.0038442327848531854,,-0.0085956193961493066,-0.00018417472413112534,,-0.0001354817504139183,-0.0011851889643531566,,-0.0017994896640071978,-0.0040284075089843108,,-0.0087311011465632249,-0.0013693636884842819,,-0.0019349714144211161,-0.0052135964733374673,,-0.010530590810570423
mature_2024,83,0.16295473928247886,,0.24715162551244649,0.15854648809239924,,0.23788314322816523,0.15833929201398017,,0.23759133522116796,0.15716443416964229,,0.23591441957959888,-0.0044082511900796206,,-0.0092684822842812598,-0.00020719607841906962,,-0.00029180800699726839,-0.0011748578443378788,,-0.0016769156415690767,-0.0046154472684986902,,-0.0095602902912785281,-0.0013820539227569484,,-0.0019687236485663451,-0.005790305112836569,,-0.011237205932847605
mature_2024,84,0.16376451962621402,,0.24779692763655961,0.15922117985894016,,0.23846637949564681,0.15904708515586721,,0.23816945702483067,0.15788249596485221,,0.23621647485858782,-0.0045433397672738629,,-0.0093305481409128033,-0.00017409470307294672,,-0.00029692247081614109,-0.001164589191015003,,-0.0019529821662428448,-0.0047174344703468096,,-0.0096274706117289444,-0.0013386838940879497,,-0.0022499046370589859,-0.0058820236613618126,,-0.011580452777971789
mature_2024,85,0.16357927354845106,,0.24792414074655578,0.15903998873836597,,0.23856563820764193,0.15878991569709983,,0.23820063115133469,0.15789144248227241,,0.23676826696366066,-0.0045392848100850869,,-0.0093585025389138488,-0.00025007304126614671,,-0.00036500705630723718,-0.0008984732148274166,,-0.0014323641876740345,-0.0047893578513512336,,-0.0097235095952210859,-0.0011485462560935633,,-0.0017973712439812717,-0.0056878310661786502,,-0.01115587378289512
mature_2024,86,0.16460091782197678,,0.24792693976318111,0.16039649738824982,,0.23879811941706422,0.1602667318767966,,0.23862935904003391,0.15891676352774783,,0.23630030550602599,-0.0042044204337269575,,-0.0091288203461168949,-0.00012976551145321702,,-0.00016876037703031366,-0.0013499683490487691,,-0.0023290535340079188,-0.0043341859451801745,,-0.0092975807231472085,-0.0014797338605019861,,-0.0024978139110382325,-0.0056841542942289436,,-0.011626634257155127
mature_2024,87,0.16452750215539039,,0.24750658328145145,0.16084777104257206,,0.23928504518036336,0.16067790911538915,,0.23896209123896595,0.15956110303169219,,0.23721868220396364,-0.0036797311128183297,,-0.0082215381010880828,-0.00016986192718290716,,-0.00032295394139741918,-0.001116806083696964,,-0.0017434090350023079,-0.0038495930400012368,,-0.008544492042485502,-0.0012866680108798711,,-0.0020663629763997271,-0.0049663991236982008,,-0.01028790107748781
mature_2024,88,0.16458112489369922,,0.24796701941403326,0.16012665306116028,,0.23842822008209008,0.15996840947077046,,0.23813425969142618,0.15904007443520435,,0.23670405271603165,-0.0044544718325389421,,-0.0095387993319431819,-0.00015824359038982272,,-0.0002939603906638999,-0.00092833503556610797,,-0.0014302069753945323,-0.0046127154229287648,,-0.0098327597226070818,-0.0010865786259559307,,-0.0017241673660584322,-0.0055410504584948728,,-0.011262966698001614
mature_2024,89,0.1634401479060956,,0.24771822556847961,0.15942969323363135,,0.23887822304498013,0.15938203751837032,,0.23882700482497121,0.15845478017705997,,0.23720343950198128,-0.0040104546724642476,,-0.0088400025234994795,-4.7655715261024634e-05,,-5.1218220008919513e-05,-0.00092725734131035575,,-0.0016235653229899338,-0.0040581103877252722,,-0.008891220743508399,-0.00097491305657138039,,-0.0016747835429988533,-0.004985367729035628,,-0.010514786066498333
mature_2024,90,0.16369646308736413,,0.24745251459408094,0.15983274533121053,,0.23901053766829089,0.15973882794468294,,0.23890097191793735,0.15858275994071494,,0.2370949211774834,-0.0038637177561536007,,-0.0084419769257900457,-9.3917386527586633e-05,,-0.00010956575035353522,-0.0011560680039680027,,-0.0018060507404539516,-0.0039576351426811873,,-0.0085515426761435809,-0.0012499853904955893,,-0.0019156164908074869,-0.00511370314664919,,-0.010357593416597533
mature_2024,91,0.1628818758861334,,0.24754241580549291,0.15862782872013656,,0.2382837284690637,0.1585143919935722,,0.23813527580391819,0.15737550101086603,,0.23628313176244053,-0.0042540471659968382,,-0.0092586873364292055,-0.00011343672656435877,,-0.00014845266514551536,-0.00113889098270617,,-0.0018521440414776547,-0.004367483892561197,,-0.0094071400015747209,-0.0012523277092705287,,-0.00200059670662317,-0.0055063748752673669,,-0.011259284043052376
mature_2024,92,0.16287573998039812,,0.24709958621754777,0.15890416039449806,,0.23830627920906169,0.15878140670172905,,0.23807747812050042,0.15765607138833312,,0.23624084805115333,-0.0039715795859000536,,-0.0087933070084860732,-0.00012275369276901205,,-0.00022880108856127013,-0.0011253353133959254,,-0.0018366300693470894,-0.0040943332786690656,,-0.0090221080970473433,-0.0012480890061649375,,-0.0020654311579083595,-0.005219668592064991,,-0.010858738166394433
mature_2024,93,0.16527226649165891,,0.2475904017832784,0.1616565998398885,,0.23938975589047301,0.16149925355661701,,0.23914153541162608,0.16055382207101065,,0.23759745776203134,-0.003615666651770405,,-0.0082006458928053916,-0.00015734628327149225,,-0.00024822047884692777,-0.00094543148560635726,,-0.0015440776495947439,-0.0037730129350418973,,-0.0084488663716523194,-0.0011027777688778495,,-0.0017922981284416717,-0.0047184444206482545,,-0.0099929440212470633
mature_2024,94,0.1657037221761273,,0.24727107731607412,0.16120568237774915,,0.23779606913035778,0.16094070165167551,,0.23740159949099235,0.15949440721338728,,0.23513263124309824,-0.0044980397983781506,,-0.0094750081857163382,-0.00026498072607364365,,-0.00039446963936543011,-0.0014462944382882259,,-0.0022689682478941042,-0.0047630205244517942,,-0.0098694778250817683,-0.0017112751643618695,,-0.0026634378872595343,-0.0062093149627400201,,-0.012138446072975873
mature_2024,95,0.16454188732469771,,0.24772382082744082,0.15999203835614245,,0.23794749973847168,0.1597849724776696,,0.23759282160925982,0.15860211496639262,,0.2356160939417441,-0.004549848968555259,,-0.0097763210889691421,-0.00020706587847285629,,-0.00035467812921186059,-0.0011828575112769746,,-0.0019767276675157208,-0.0047569148470281153,,-0.010130999218181003,-0.0013899233897498309,,-0.0023314057967275814,-0.0059397723583050899,,-0.012107726885696724
mature_2024,96,0.16393643018083379,,0.24785893867082071,0.1596526963282443,,0.23868684855239514,0.15953880335396084,,0.23853842357150501,0.15845378095599483,,0.2366827623042852,-0.004283733852589483,,-0.0091720901184255688,-0.00011389297428346379,,-0.00014842498089012723,-0.0010850223979660123,,-0.0018556612672198103,-0.0043976268268729468,,-0.009320515099315696,-0.0011989153722494761,,-0.0020040862481099375,-0.0054826492248389591,,-0.011176176366535506
mature_2024,97,0.16511102973417791,,0.2470383779209171,0.16095585585118094,,0.23835669130233228,0.16081630406912381,,0.23813671536215958,0.15973889283018122,,0.23676694265220161,-0.0041551738829969653,,-0.0086816866185848163,-0.00013955178205712904,,-0.00021997594017270083,-0.0010774112389425883,,-0.0013697727099579726,-0.0042947256650540944,,-0.0089016625587575171,-0.0012169630209997173,,-0.0015897486501306735,-0.0053721369039966826,,-0.01027143526871549
mature_2024,98,0.16388946691610901,,0.24771719187847446,0.15967438561243558,,0.23873762408797727,0.15967478983424332,,0.2386934054607763,0.15860650699152187,,0.2371265254649414,-0.0042150813036734291,,-0.0089795677904971893,4.0422180774823957e-07,,-4.4218627200970362e-05,-0.0010682828427214519,,-0.0015668799958349078,-0.0042146770818656809,,-0.0090237864176981597,-0.0010678786209137037,,-0.0016110986230358781,-0.0052829599245871328,,-0.010590666413533067
mature_2024,99,0.16447261756895665,,0.24799641961845389,0.16003266931339921,,0.23865355544637187,0.15987942855579015,,0.23847564110343758,0.15855285974007655,,0.23649702471317671,-0.0044399482555574354,,-0.0093428641720820216,-0.00015324075760905775,,-0.00017791434293429331,-0.001326568815713608,,-0.0019786163902608678,-0.0045931890131664932,,-0.0095207785150163149,-0.0014798095733226657,,-0.0021565307331951611,-0.0059197578288801012,,-0.011499394905277183
mature_2024,100,0.16541729912242595,,0.24811797604850588,0.1610506836030553,,0.23884739417886156,0.16090230150406556,,0.23859858125374081,0.15999909585001235,,0.23707295345814802,-0.004366615519370648,,-0.0092705818696443287,-0.00014838209898973553,,-0.00024881292512074493,-0.00090320565405321851,,-0.0015256277955927877,-0.0045149976183603835,,-0.0095193947947650737,-0.001051587753042954,,-0.0017744407207135326,-0.005418203272413602,,-0.011045022590357861
mature_2024,101,0.16362903512269875,,0.24735396659920067,0.1592637781515274,,0.2382561537908901,0.15908309992646591,,0.23806712399855209,0.15792730576819303,,0.23628535785118437,-0.0043652569711713496,,-0.009097812808310568,-0.0001806782250614869,,-0.00018902979233800798,-0.0011557941582728826,,-0.0017817661473677193,-0.0045459351962328365,,-0.009286842600648576,-0.0013364723833343695,,-0.0019707959397057273,-0.005701729354505719,,-0.011068608748016295
mature_2024,102,0.16460663973719433,,0.24691786575158034,0.16021809775933996,,0.23771137273974591,0.16008195530497063,,0.23758184256746301,0.1588544474622525,,0.23554210535758527,-0.0043885419778543766,,-0.0092064930118344324,-0.0001361424543693257,,-0.00012953017228289898,-0.0012275078427181341,,-0.00203973720987774,-0.0045246844322237023,,-0.0093360231841173313,-0.0013636502970874598,,-0.002169267382160639,-0.0057521922749418364,,-0.011375760393995071
mature_2024,103,0.16422440395117019,,0.24779683996570728,0.15999392371389043,,0.23883583579873433,0.15985287267648762,,0.23856883478529539,0.15874067700524658,,0.23685726231238186,-0.0042304802372797601,,-0.0089610041669729579,-0.00014105103740280622,,-0.00026700101343893334,-0.0011121956712410452,,-0.0017115724729135362,-0.0043715312746825663,,-0.0092280051804118912,-0.0012532467086438515,,-0.0019785734863524695,-0.0054837269459236115,,-0.010939577653325427
mature_2024,104,0.16555613790353862,,0.24772355722770562,0.16163351393584582,,0.23931970612366507,0.16146669179367962,,0.23902030684218928,0.16020505974250504,,0.23725530188685198,-0.003922623967692801,,-0.0084038511040405439,-0.00016682214216620639,,-0.00029939928147579287,-0.0012616320511745771,,-0.001765004955337296,-0.0040894461098590074,,-0.0087032503855163368,-0.0014284541933407835,,-0.0020644042368130888,-0.0053510781610335845,,-0.010468255340853633
mature_2024,105,0.16519298339139218,,0.24725183589898544,0.16113584675085513,,0.23869666665887354,0.16100610577216426,,0.238563663682337,0.15978347475116633,,0.23675681429561882,-0.0040571366405370568,,-0.0085551692401119039,-0.00012974097869086765,,-0.00013300297653653925,-0.0012226310209979274,,-0.0018068493867181845,-0.0041868776192279245,,-0.0086881722166484432,-0.0013523719996887951,,-0.0019398523632547238,-0.0054095086402258519,,-0.010495021603366628
mature_2024,106,0.1643960262959549,,0.24779133738837167,0.16038121016593382,,0.23943882601072383,0.160176869390879,,0.23908722687874451,0.15908813360184282,,0.23728356752211358,-0.0040148161300210816,,-0.0083525113776478366,-0.00020434077505482318,,-0.00035159913197932435,-0.0010887357890361771,,-0.0018036593566309322,-0.0042191569050759048,,-0.0087041105096271609,-0.0012930765640910002,,-0.0021552584886102566,-0.0053078926941120819,,-0.010507769866258093
mature_2024,107,0.16293393858918884,,0.24742618900165014,0.15882508117592326,,0.23888002478397274,0.15864356495880627,,0.23867283128113126,0.15762917812808244,,0.23694270196721159,-0.004108857413265582,,-0.0085461642176773989,-0.00018151621711698374,,-0.00020719350284148508,-0.0010143868307238291,,-0.001730129313919665,-0.0042903736303825657,,-0.0087533577205188839,-0.0011959030478408128,,-0.00193732281676115,-0.0053047604611063948,,-0.010483487034438549
mature_2024,108,0.16447846101659033,,0.24755080918443753,0.16039201392125838,,0.23899123648706361,0.16028392534700539,,0.23890104722329483,0.15935042296740773,,0.23750802467410898,-0.0040864470953319576,,-0.0085595726973739239,-0.00010808857425298468,,-9.0189263768775119e-05,-0.00093350237959766158,,-0.0013930225491858572,-0.0041945356695849423,,-0.008649761961142699,-0.0010415909538506463,,-0.0014832118129546323,-0.0051280380491826039,,-0.010042784510328556
mature_2024,109,0.16488766548453618,,0.24758526084363225,0.16009294397800045,,0.23753693830531863,0.15992349762595168,,0.23727332102850776,0.15876556682806439,,0.23571619047990305,-0.0047947215065357318,,-0.010048322538313614,-0.00016944635204876879,,-0.00026361727681087355,-0.0011579307978872855,,-0.0015571305486047071,-0.0049641678585845006,,-0.010311939815124488,-0.0013273771499360543,,-0.0018207478254155807,-0.0061220986564717861,,-0.011869070363729195
mature_2024,110,0.1629751651474759,,0.24702389723561402,0.15845686241179852,,0.23776930059366766,0.15829365155336478,,0.23755513699299061,0.15730852454169719,,0.2359543089000494,-0.0045183027356773819,,-0.009254596641946361,-0.00016321085843373773,,-0.00021416360067705309,-0.00098512701166758587,,-0.0016008280929412089,-0.0046815135941111197,,-0.0094687602426234141,-0.0011483378701013236,,-0.001814991693618262,-0.0056666406057787055,,-0.011069588335564623
mature_2024,111,0.16332862767953604,,0.2483935966416351,0.15887557913640418,,0.2393960405027146,0.15864348577165774,,0.23911238238916435,0.15769941337427915,,0.23776836711100136,-0.00445304854313186,,-0.0089975561389205039,-0.00023209336474644404,,-0.00028365811355024473,-0.0009440723973785925,,-0.0013440152781629966,-0.0046851419078783041,,-0.0092812142524707486,-0.0011761657621250365,,-0.0016276733917132413,-0.0056292143052568966,,-0.010625229530633745
mature_2024,112,0.165316048015619,,0.24742266856283043,0.16080354302101801,,0.23806149744335145,0.16056732648456756,,0.23773825650319272,0.15935934536540472,,0.23576132786115253,-0.0045125049946009854,,-0.0093611711194789837,-0.00023621653645045093,,-0.00032324094015873106,-0.0012079811191628431,,-0.0019769286420401877,-0.0047487215310514364,,-0.0096844120596377148,-0.0014441976556132941,,-0.0023001695821989188,-0.0059567026502142795,,-0.011661340701677902
mature_2024,113,0.16457977491175108,,0.24798105079891411,0.16009671316725935,,0.23844017339961746,0.15993021805569563,,0.2382189734882493,0.15903292840361966,,0.23674897590345065,-0.0044830617444917287,,-0.0095408773992966545,-0.00016649511156371921,,-0.00022119991136815287,-0.00089728965207597211,,-0.0014699975847986546,-0.0046495568560554479,,-0.0097620773106648073,-0.0010637847636396913,,-0.0016911974961668075,-0.00554684650813142,,-0.011232074895463462
mature_2024,114,0.16417368082158945,,0.24826574475444735,0.15987378182843892,,0.23916623243008941,0.15975765496344027,,0.2389687077712149,0.15877180880946137,,0.23743822270898013,-0.0042998989931505305,,-0.0090995123243579334,-0.00011612686499865021,,-0.00019752465887451498,-0.00098584615397889763,,-0.001530485062234771,-0.0044160258581491807,,-0.0092970369832324484,-0.0011019730189775478,,-0.001728009721109286,-0.0054018720121280783,,-0.010827522045467219
mature_2024,115,0.16380318041368677,,0.24760601402346685,0.15905883899449991,,0.23774981023588232,0.15895356781968009,,0.23754460682463857,0.15832585336007668,,0.236489840670979,-0.0047443414191868649,,-0.0098562037875845332,-0.00010527117481981541,,-0.00020520341124374841,-0.00062771445960341232,,-0.0010547661536595698,-0.0048496125940066803,,-0.010061407198828282,-0.00073298563442322773,,-0.0012599695649033182,-0.0054773270536100926,,-0.011116173352487851
mature_2024,116,0.16462680393010182,,0.24766706432088872,0.16043170895386114,,0.23885283174091412,0.16037441999920518,,0.23883143371426024,0.15917566694186377,,0.23703411034652572,-0.0041950949762406819,,-0.0088142325799746013,-5.7288954655954072e-05,,-2.1398026653879354e-05,-0.0011987530573414062,,-0.0017973233677345268,-0.004252383930896636,,-0.0088356306066284807,-0.0012560420119973603,,-0.0018187213943884062,-0.0054511369882380423,,-0.010632953974363007
mature_2024,117,0.16352096490236281,,0.24788785002789329,0.15909515490075743,,0.23867621879523354,0.15887428898660333,,0.23831230122858915,0.15774527084945225,,0.23667402587719413,-0.0044258100016053847,,-0.0092116312326597505,-0.00022086591415410028,,-0.00036391756664438946,-0.0011290181371510777,,-0.0016382753513950188,-0.004646675915759485,,-0.0095755487993041399,-0.001349884051305178,,-0.0020021929180394082,-0.0057756940529105627,,-0.011213824150699159
mature_2024,118,0.16356873836164287,,0.24774092020413652,0.15915546656152574,,0.23875179490368575,0.15905021381756426,,0.23857878275661334,0.15771623972994536,,0.23623781880017386,-0.0044132718001171356,,-0.0089891253004507621,-0.00010525274396147588,,-0.00017301214707240997,-0.0013339740876188999,,-0.0023409639564394846,-0.0045185245440786115,,-0.0091621374475231721,-0.0014392268315803758,,-0.0025139761035118946,-0.0058524986316975114,,-0.011503101403962657
mature_2024,119,0.16470058108962729,,0.24770870633592001,0.16083306913512543,,0.23921490086275052,0.16058820862760392,,0.23878394960249294,0.15915499858137952,,0.23648988549358285,-0.0038675119545018566,,-0.0084938054731694967,-0.00024486050752151045,,-0.00043095126025757824,-0.0014332100462244035,,-0.0022940641089100877,-0.004112372462023367,,-0.008924756733427075,-0.001678070553745914,,-0.002725015369167666,-0.0055455825082477705,,-0.011218820842337163
mature_2024,120,0.16443672925114744,,0.24783668689374061,0.1600742625839722,,0.23877665820809804,0.15987077857970391,,0.2385448467679829,0.15909833081514313,,0.23768316058912897,-0.004362466667175241,,-0.0090600286856425682,-0.00020348400426828395,,-0.00023181144011513721,-0.00077244776456078523,,-0.00086168617885393206,-0.004565950671443525,,-0.0092918401257577055,-0.00097593176882906918,,-0.0010934976189690693,-0.0053383984360043102,,-0.010153526304611638
mature_2024,121,0.16238061452330699,,0.24791337958854318,0.15760603470191248,,0.23819453773943558,0.15739283688784053,,0.23791655067407699,0.15683240500590193,,0.23725041145823236,-0.004774579821394509,,-0.0097188418491075956,-0.00021319781407194704,,-0.00027798706535858697,-0.0005604318819386056,,-0.00066613921584462998,-0.004987777635466456,,-0.0099968289144661826,-0.00077362969601055265,,-0.00094412628120321695,-0.0055482095174050616,,-0.010662968130310813
mature_2024,122,0.16422274510018747,,0.24767121993987579,0.15975201915145143,,0.23829337997524713,0.15964805196771106,,0.23809514414840505,0.15865208075765497,,0.23661948580102474,-0.0044707259487360429,,-0.0093778399646286537,-0.00010396718374036662,,-0.00019823582684208585,-0.00099597121005609579,,-0.0014756583473803098,-0.0045746931324764095,,-0.0095760757914707395,-0.0010999383937964624,,-0.0016738941742223956,-0.0055706643425325053,,-0.011051734138851049
mature_2024,123,0.16477172761894027,,0.24762014041116684,0.1606436762970572,,0.23921385062259717,0.16046618693796558,,0.23899014649364281,0.15963462992717356,,0.23804155675443212,-0.0041280513218830694,,-0.0084062897885696652,-0.00017748935909162045,,-0.0002237041289543662,-0.00083155701079201672,,-0.00094858973921069234,-0.0043055406809746899,,-0.0086299939175240314,-0.0010090463698836372,,-0.0011722938681650585,-0.0051370976917667066,,-0.0095785836567347238
mature_2024,124,0.1629202830467065,,0.24819555025749535,0.15853438659154198,,0.23870582781982377,0.15832797260367371,,0.23840204819844141,0.15702610807427395,,0.23643944195309397,-0.0043858964551645174,,-0.0094897224376715716,-0.00020641398786827581,,-0.00030377962138236625,-0.0013018645293997599,,-0.0019626062453474424,-0.0045923104430327932,,-0.0097935020590539379,-0.0015082785172680357,,-0.0022663858667298087,-0.0058941749724325532,,-0.01175610830440138
mature_2024,125,0.16456059561357567,,0.2474985747516926,0.16033963876705568,,0.2390539514159303,0.16016929242929015,,0.23884054394736207,0.15922601432235967,,0.23734216604580774,-0.0042209568465199909,,-0.0084446233357622913,-0.00017034633776552566,,-0.00021340746856823856,-0.00094327810693048408,,-0.0014983779015543264,-0.0043913031842855166,,-0.0086580308043305299,-0.0011136244446960097,,-0.0017117853701225649,-0.0053345812912160007,,-0.010156408705884856
mature_2024,126,0.16374239721591283,,0.2475247237194998,0.15974759197138397,,0.23894203704813982,0.15953503630084409,,0.23875330224396527,0.15847483092531184,,0.23694452629681204,-0.0039948052445288595,,-0.0085826866713599737,-0.00021255567053987678,,-0.00018873480417455624,-0.0010602053755322527,,-0.0018087759471532294,-0.0042073609150687363,,-0.0087714214755345299,-0.0012727610460721295,,-0.0019975107513277857,-0.005267566290600989,,-0.010580197422687759
mature_2024,127,0.16349149092604731,,0.24759542511834429,0.1595177627668436,,0.23874076765495889,0.15926632224808612,,0.2383007356476074,0.15809842884743122,,0.23642419570636944,-0.0039737281592037155,,-0.0088546574633854014,-0.00025144051875747309,,-0.0004400320073514874,-0.0011678934006549013,,-0.0018765399412379591,-0.0042251686779611886,,-0.0092946894707368888,-0.0014193339194123744,,-0.0023165719485894465,-0.0053930620786160899,,-0.011171229411974848
mature_2024,128,0.16287685548689684,,0.24754189095447085,0.15879054048017735,,0.23878009185014068,0.15875567313263744,,0.23872880593266685,0.1579378507627914,,0.2373810137940002,-0.0040863150067194931,,-0.0087617991043301702,-3.4867347539907501e-05,,-5.1285917473831155e-05,-0.00081782236984603851,,-0.001347792138666648,-0.0041211823542594006,,-0.0088130850218040013,-0.00085268971738594601,,-0.0013990780561404792,-0.0049390047241054391,,-0.010160877160470649
mature_2024,129,0.16396103727173661,,0.24824007432071371,0.15965791751589559,,0.23926515289768968,0.15951792482446231,,0.23904517154709251,0.15840623319125591,,0.23721087960792986,-0.0043031197558410228,,-0.0089749214230240293,-0.00013999269143327719,,-0.00021998135059717039,-0.001111691633206402,,-0.0018342919391626522,-0.0044431124472743,,-0.0091949027736211997,-0.0012516843246396792,,-0.0020542732897598226,-0.005554804080480702,,-0.011029194712783852
mature_2024,130,0.16333959782300522,,0.24787383629696141,0.15888039457748396,,0.23853183165476055,0.15867724937439653,,0.23826083244751062,0.15783235557059994,,0.23653680375780267,-0.0044592032455212649,,-0.0093420046422008629,-0.00020314520308742368,,-0.00027099920724993343,-0.00084489380379659806,,-0.001724028689707946,-0.0046623484486086886,,-0.0096130038494507963,-0.0010480390068840217,,-0.0019950278969578794,-0.0055072422524052866,,-0.011337032539158742
mature_2024,131,0.1635438759552276,,0.24779195436034129,0.15973399820028547,,0.23985512195183611,0.15958918723543813,,0.23959984470615525,0.15830743315723411,,0.23705836579135145,-0.0038098777549421259,,-0.0079368324085051789,-0.00014481096484733613,,-0.00025527724568086274,-0.0012817540782040227,,-0.0025414789148038019,-0.003954688719789462,,-0.0081921096541860416,-0.0014265650430513588,,-0.0027967561604846647,-0.0052364427979934847,,-0.010733588568989844
mature_2024,132,0.16419695395839404,,0.24780567514768892,0.16001438726291864,,0.23876824642252692,0.15976272386303789,,0.2384465520756105,0.15891519263354237,,0.23738473464796975,-0.0041825666954753982,,-0.009037428725162,-0.0002516633998807527,,-0.00032169434691642351,-0.0008475312294955184,,-0.0010618174276407488,-0.0044342300953561509,,-0.0093591230720784235,-0.0010991946293762711,,-0.0013835117745571723,-0.0052817613248516693,,-0.010420940499719172
mature_2024,133,0.16383501148620194,,0.24727061035636369,0.15931002825716326,,0.23812958683408553,0.15916105442956335,,0.23787568488262029,0.15788287408577942,,0.23612534826770343,-0.0045249832290386871,,-0.0091410235222781633,-0.00014897382759990196,,-0.00025390195146524075,-0.0012781803437839356,,-0.0017503366149168587,-0.0046739570566385891,,-0.009394925473743404,-0.0014271541713838376,,-0.0020042385663820994,-0.0059521374004225247,,-0.011145262088660263
mature_2024,134,0.16396027091353199,,0.24735214028947855,0.15956697751520621,,0.23821206090324806,0.15947418595988344,,0.23803503753761435,0.15884573970068105,,0.23702775306560867,-0.0043932933983257816,,-0.0091400793862304874,-9.2791555322768726e-05,,-0.00017702336563371612,-0.0006284462592023865,,-0.0010072844720056817,-0.0044860849536485503,,-0.0093171027518642036,-0.00072123781452515523,,-0.0011843078376393978,-0.0051145312128509368,,-0.010324387223869885
mature_2024,135,0.16380894314372418,,0.24777640423483713,0.15963760266873769,,0.23887834534664473,0.1594511912147292,,0.23864532397065419,0.15856139116023316,,0.23708608938647194,-0.0041713404749864902,,-0.008898058888192395,-0.0001864114540084949,,-0.00023302137599054418,-0.00088980005449604271,,-0.0015592345841822508,-0.0043577519289949851,,-0.0091310802641829392,-0.0010762115085045376,,-0.001792255960172795,-0.0052475519834910278,,-0.01069031484836519
mature_2024,136,0.1647779640534702,,0.24715330493712073,0.16064824529053379,,0.2380223879085073,0.16051229349618679,,0.23783620544928349,0.15954916949442516,,0.23635603826523247,-0.0041297187629364129,,-0.0091309170286134334,-0.00013595179434700011,,-0.00018618245922380483,-0.00096312400176162827,,-0.0014801671840510289,-0.004265670557283413,,-0.0093170994878372382,-0.0010990757961086284,,-0.0016663496432748337,-0.0052287945590450413,,-0.010797266671888267
mature_2024,137,0.16411476542137213,,0.24793988156922539,0.15982166986882115,,0.23913724392059238,0.15962246881812217,,0.23887660134890759,0.15833537496648617,,0.23699668784374953,-0.004293095552550974,,-0.0088026376486330105,-0.00019920105069898275,,-0.00026064257168478822,-0.0012870938516360009,,-0.0018799135051580651,-0.0044922966032499567,,-0.0090632802203177987,-0.0014862949023349836,,-0.0021405560768428533,-0.0057793904548859576,,-0.010943193725475864
mature_2024,138,0.16391729335929831,,0.24790491369681039,0.16013976762179397,,0.23991324941728848,0.16007328233314,,0.23987711572850903,0.15895510798049078,,0.23804507218238355,-0.0037775257375043392,,-0.007991664279521915,-6.6485288653966856e-05,,-3.6133688779443895e-05,-0.0011181743526492149,,-0.0018320435461254836,-0.003844011026158306,,-0.0080277979683013589,-0.0011846596413031818,,-0.0018681772349049275,-0.004962185378807521,,-0.0098598415144268425
mature_2024,139,0.16457377349688207,,0.24740780786116545,0.16061136079466451,,0.23886144023981831,0.16052461417790675,,0.23883566478185617,0.15954513675819756,,0.23702258311825686,-0.0039624127022175604,,-0.0085463676213471396,-8.6746616757754635e-05,,-2.5775457962146087e-05,-0.00097947741970919044,,-0.0018130816635993086,-0.004049159318975315,,-0.0085721430793092857,-0.0010662240364669451,,-0.0018388571215614546,-0.0050286367386845054,,-0.010385224742908594
mature_2024,140,0.16417189631007528,,0.24697764345508655,0.16004171361564909,,0.23812105369246295,0.15991641654478794,,0.23786345574299569,0.15897787454341333,,0.23629270776731681,-0.0041301826944261932,,-0.0088565897626236012,-0.00012529707086114672,,-0.00025759794946725312,-0.0009385420013746093,,-0.0015707479756788822,-0.00425547976528734,,-0.0091141877120908543,-0.001063839072235756,,-0.0018283459251461354,-0.0051940217666619493,,-0.010684935687769737
mature_2024,141,0.16198758956999301,,0.24735939867528389,0.15755548891055404,,0.23830232018190706,0.15741547195295,,0.23803336628596361,0.15666638674694003,,0.23672672382268198,-0.00443210065943897,,-0.0090570784933768356,-0.00014001695760404442,,-0.00026895389594344676,-0.00074908520600996953,,-0.001306642463281632,-0.0045721176170430144,,-0.0093260323893202823,-0.00088910216361401395,,-0.0015755963592250788,-0.005321202823052984,,-0.010632674852601914
mature_2024,142,0.16357986302418409,,0.24758122136807581,0.15924647154437208,,0.2386237833952686,0.1590621457863651,,0.23826636797052847,0.15821449416970956,,0.23708063348563962,-0.0043333914798120154,,-0.0089574379728072084,-0.0001843257580069757,,-0.00035741542474013177,-0.00084765161665553701,,-0.0011857344848888451,-0.0045177172378189911,,-0.0093148533975473402,-0.0010319773746625127,,-0.0015431499096289769,-0.0053653688544745282,,-0.010500587882436185
mature_2024,143,0.16368617906610208,,0.24805852015573135,0.15958087996401599,,0.23938088354752468,0.15933332913756987,,0.23907062772037177,0.15835587072129048,,0.23749693905409761,-0.0041052991020860963,,-0.008677636608206668,-0.00024755082644611903,,-0.000310255827152911,-0.00097745841627938646,,-0.0015736886662741645,-0.0043528499285322153,,-0.008987892435359579,-0.0012250092427255055,,-0.0018839444934270755,-0.0053303083448116018,,-0.010561581101633744
mature_2024,144,0.16582173200450678,,0.24791246153665708,0.16177375889442455,,0.23948944722130022,0.16177569982017082,,0.23948980777075837,0.16078307829704286,,0.2378917787894563,-0.0040479731100822314,,-0.0084230143153568582,1.9409257462632556e-06,,3.6054945815044981e-07,-0.00099262152312795671,,-0.0015980289813020687,-0.0040460321843359681,,-0.0084226537658987077,-0.00099068059738169345,,-0.0015976684318439183,-0.0050386537074639248,,-0.010020682747200776
mature_2024,145,0.16353361310310655,,0.24774196450000291,0.15922433482612947,,0.23844759528189083,0.15904343322662887,,0.23816427764304074,0.15803559071057621,,0.2363615826450664,-0.0043092782769770799,,-0.0092943692181120807,-0.00018090159950059914,,-0.00028331763885008909,-0.0010078425160526538,,-0.0018026949979743356,-0.004490179876477679,,-0.0095776868569621698,-0.001188744115553253,,-0.0020860126368244247,-0.0054980223925303329,,-0.011380381854936505
mature_2024,146,0.16435948783028487,,0.24794199472272002,0.16055239790662917,,0.23943182586129536,0.16038613514549804,,0.23916061059023719,0.15926943929810813,,0.23744606658249517,-0.0038070899236556932,,-0.0085101688614246662,-0.0001662627611311307,,-0.00027121527105816723,-0.0011166958473899091,,-0.0017145440077420138,-0.0039733526847868239,,-0.0087813841324828334,-0.0012829586085210398,,-0.001985759278800181,-0.005090048532176733,,-0.010495928140224847
mature_2024,147,0.16373110909090569,,0.2473610352467594,0.15986553263290962,,0.23904447735306381,0.15975421933412845,,0.23885608356194932,0.15834466634182531,,0.23640149973380445,-0.0038655764579960672,,-0.008316557893695592,-0.00011131329878116825,,-0.0001883937911144884,-0.0014095529923031369,,-0.0024545838281448684,-0.0039768897567772354,,-0.0085049516848100803,-0.0015208662910843052,,-0.0026429776192593568,-0.0053864427490803723,,-0.010959535512954949
mature_2024,148,0.16590700670083616,,0.24707326269316207,0.16172398268387631,,0.23840805037189164,0.16158097090548834,,0.23820277285006586,0.16036905956489303,,0.2364536630734719,-0.0041830240169598576,,-0.0086652123212704324,-0.00014301177838796364,,-0.00020527752182578074,-0.0012119113405953119,,-0.0017491097765939545,-0.0043260357953478212,,-0.0088704898430962131,-0.0013549231189832756,,-0.0019543872984197352,-0.0055379471359431331,,-0.010619599619690168
mature_2024,149,0.16382037048950526,,0.24750864285106661,0.1596013174192778,,0.23865472282897079,0.15933752474366883,,0.23827383634487179,0.15869604502641704,,0.23721754325869673,-0.0042190530702274631,,-0.0088539200220958125,-0.00026379267560897035,,-0.00038088648409900783,-0.0006414797172517861,,-0.001056293086175053,-0.0044828457458364335,,-0.0092348065061948204,-0.00090527239286075645,,-0.0014371795702740608,-0.0051243254630882196,,-0.010291099592369873
mature_2024,150,0.16502057264848938,,0.24779536360445525,0.16084676453828448,,0.2390604874570999,0.16072255315707154,,0.23887821081678015,0.15960452982188436,,0.23727182725080892,-0.0041738081102049018,,-0.0087348761473553527,-0.00012421138121293529,,-0.00018227664031975066,-0.0011180233351871793,,-0.0016063835659712311,-0.0042980194914178371,,-0.0089171527876751033,-0.0012422347164001146,,-0.0017886602062909818,-0.0054160428266050165,,-0.010523536353646334
mature_2024,151,0.16391032339208048,,0.24749342265234933,0.15940997608131652,,0.23788309445019026,0.15923875420629643,,0.23769042041916197,0.15849137459302373,,0.23675073983521008,-0.004500347310763958,,-0.0096103282021590686,-0.00017122187502008335,,-0.00019267403102829483,-0.00074737961327270286,,-0.00093968058395188514,-0.0046715691857840413,,-0.0098030022331873634,-0.00091860148829278621,,-0.00113235461498018,-0.0054189487990567442,,-0.010742682817139249
mature_2024,152,0.16539829548532212,,0.24775083962225591,0.16142635747874279,,0.23907191826875421,0.16132387970083009,,0.238856198173858,0.16051396553362618,,0.23742316124819532,-0.0039719380065793286,,-0.0086789213535017062,-0.00010247777791269619,,-0.00021572009489620458,-0.00080991416720391229,,-0.001433036925662684,-0.0040744157844920248,,-0.0088946414483979108,-0.00091239194511660848,,-0.0016487570205588886,-0.0048843299516959371,,-0.010327678374060595
mature_2024,153,0.1630582213124388,,0.24738053163259077,0.15897748818047081,,0.23851907308824097,0.15880956337959695,,0.2382442090195824,0.15753687749398138,,0.2361494800712618,-0.0040807331319679951,,-0.008861458544349804,-0.0001679248008738532,,-0.00027486406865856461,-0.0012726858856155765,,-0.0020947289483206066,-0.0042486579328418483,,-0.0091363226130083686,-0.0014406106864894297,,-0.0023695930169791712,-0.0055213438184574248,,-0.011231051561328975
mature_2024,154,0.16451923407669766,,0.24768082997569263,0.16051846006231388,,0.23917263476844741,0.1603165482827468,,0.23889446603958503,0.15923235315018225,,0.23700830263132472,-0.0040007740143837844,,-0.0085081952072452172,-0.00020191177956707662,,-0.00027816872886238242,-0.0010841951325645527,,-0.0018861634082603107,-0.0042026857939508611,,-0.0087863639361075996,-0.0012861069121316293,,-0.0021643321371226931,-0.0052868809265154137,,-0.01067252734436791
mature_2024,155,0.16225045393039314,,0.24765052216995953,0.15819598172636612,,0.23901937764511733,0.15799795776050168,,0.23869180154035521,0.15715867096771596,,0.23714997027595044,-0.0040544722040270209,,-0.0086311445248422047,-0.0001980239658644356,,-0.00032757610476211174,-0.0008392867927857206,,-0.0015418312644047694,-0.0042524961698914565,,-0.0089587206296043165,-0.0010373107586501562,,-0.0018694073691668811,-0.0050917829626771771,,-0.010500551894009086
mature_2024,156,0.16353360643511972,,0.24744818826878842,0.15893493824245269,,0.23801436043042462,0.15876272070969252,,0.23768009663448195,0.15766058407258107,,0.23602695762873305,-0.0045986681926670214,,-0.0094338278383638008,-0.0001722175327601716,,-0.00033426379594267419,-0.0011021366371114505,,-0.0016531390057488993,-0.004770885725427193,,-0.009768091634306475,-0.0012743541698716221,,-0.0019874028016915735,-0.0058730223625386435,,-0.011421230640055374
mature_2024,157,0.1643332834326349,,0.24805833428461088,0.15981290201510373,,0.23844559326956877,0.15950854034555006,,0.23791538421555603,0.15829506187773001,,0.23620083380956172,-0.0045203814175311663,,-0.0096127410150421144,-0.0003043616695536655,,-0.00053020905401274243,-0.0012134784678200505,,-0.0017145504059943029,-0.0048247430870848318,,-0.010142950069054857,-0.001517840137373716,,-0.0022447594600070453,-0.0060382215549048823,,-0.01185750047504916
mature_2024,158,0.16493010886517132,,0.24792380012763585,0.16065234609461426,,0.23871706017389704,0.16042313841547012,,0.2383668802401073,0.15943492737827733,,0.23659717490525278,-0.0042777627705570531,,-0.0092067399537388017,-0.00022920767914413887,,-0.00035017993378974599,-0.00098821103719279324,,-0.0017697053348545155,-0.004506970449701192,,-0.0095569198875285477,-0.0012174187163369321,,-0.0021198852686442615,-0.0054951814868939852,,-0.011326625222383063
mature_2024,159,0.16505118765972759,,0.24773051381561245,0.16089157751969205,,0.23891092821253118,0.16065556027180725,,0.23850465861826864,0.15976013488972926,,0.23681529871097651,-0.0041596101400355467,,-0.0088195856030812703,-0.00023601724788480105,,-0.00040626959426254272,-0.00089542538207798561,,-0.0016893599072921317,-0.0043956273879203478,,-0.009225855197343813,-0.0011314426299627867,,-0.0020956295015546744,-0.0052910527699983334,,-0.010915215104635945
mature_2024,160,0.1644157506591877,,0.2480654689570671,0.16029346479325585,,0.23899711814786889,0.16009033234323025,,0.23865420690730269,0.15900515145994662,,0.23700404386348048,-0.0041222858659318573,,-0.0090683508091982112,-0.00020313245002559488,,-0.00034291124056620714,-0.0010851808832836318,,-0.0016501630438222059,-0.0043254183159574522,,-0.0094112620497644184,-0.0012883133333092267,,-0.0019930742843884131,-0.005410599199241084,,-0.011061425093586624
mature_2024,161,0.16629120173353101,,0.24785500964829657,0.16261798468386329,,0.23979400367066436,0.16241726293102335,,0.23952827155265216,0.16147738820088872,,0.2381851380338397,-0.0036732170496677208,,-0.0080610059776322074,-0.00020072175283994409,,-0.00026573211801220187,-0.00093987473013462663,,-0.0013431335188124616,-0.0038739388025076649,,-0.0083267380956444093,-0.0011405964829745707,,-0.0016088656368246634,-0.0048138135326422915,,-0.0096698716144568708
mature_2024,162,0.16277233724498508,,0.24716524618787264,0.15836469802660136,,0.23828125304066752,0.15829477462629457,,0.23820815792508399,0.15699555160080639,,0.23581514236018095,-0.0044076392183837187,,-0.0088839931472051159,-6.9923400306787231e-05,,-7.3095115583537984e-05,-0.0012992230254881831,,-0.0023930155649030393,-0.004477562618690506,,-0.0089570882627886539,-0.0013691464257949704,,-0.0024661106804865773,-0.0057767856441786891,,-0.011350103827691693
mature_2024,163,0.16541051746958824,,0.24790759626529391,0.16140048909166113,,0.23948371533585286,0.16121767974598528,,0.23931559058107685,0.15995344743939791,,0.23784514857468189,-0.0040100283779271051,,-0.0084238809294410466,-0.00018280934567585505,,-0.00016812475477601119,-0.0012642323065873706,,-0.0014704420063949564,-0.0041928377236029601,,-0.0085920056842170578,-0.0014470416522632257,,-0.0016385667611709676,-0.0054570700301903308,,-0.010062447690612014
mature_2024,164,0.16336543841153761,,0.24722612329515278,0.15893463545729353,,0.23711334920386923,0.15866940980358191,,0.23667319061375552,0.15769325281863161,,0.23536970973429713,-0.0044308029542440841,,-0.010112774091283555,-0.00026522565371162043,,-0.00044015859011370395,-0.00097615698495029379,,-0.0013034808794583908,-0.0046960286079557045,,-0.010552932681397259,-0.0012413826386619142,,-0.0017436394695720947,-0.0056721855929059983,,-0.01185641356085565
mature_2024,165,0.1646939464910773,,0.24774786665707346,0.16059109579225334,,0.23894299482300752,0.16042999871164779,,0.23870335567821496,0.15918826313389373,,0.23698199066603523,-0.0041028506988239621,,-0.0088048718340659471,-0.00016109708060554895,,-0.00023963914479255277,-0.0012417355777540606,,-0.0017213650121797319,-0.0042639477794295111,,-0.0090445109788584999,-0.0014028326583596096,,-0.0019610041569722847,-0.0055056833571835717,,-0.010765875991038232
mature_2024,166,0.16420243136886004,,0.24794933260220445,0.15991506978765699,,0.23855235409356851,0.15968906037895161,,0.23822805815979561,0.1588048107728266,,0.236759274915814,-0.0042873615812030474,,-0.0093969785086359392,-0.00022600940870537434,,-0.00032429593377289456,-0.00088424960612501491,,-0.001468783243981614,-0.0045133709899084218,,-0.0097212744424088338,-0.0011102590148303892,,-0.0017930791777545085,-0.0053976205960334367,,-0.011190057686390448
mature_2024,167,0.16478732613950739,,0.24763635898874972,0.1605053050191588,,0.23849248418933663,0.16034626057817356,,0.23823238920178524,0.15903410904698081,,0.23600720097149025,-0.0042820211203485892,,-0.0091438747994130876,-0.00015904444098524539,,-0.00026009498755139027,-0.0013121515311927401,,-0.0022251882302949944,-0.0044410655613338346,,-0.0094039697869644778,-0.0014711959721779855,,-0.0024852832178463846,-0.0057532170925265746,,-0.011629158017259472
mature_2024,168,0.16494141723756051,,0.24761426302764628,0.16064094322662387,,0.23853525400867004,0.16053745395340882,,0.23834604869182172,0.15949737474725226,,0.23663268715597147,-0.0043004740109366391,,-0.0090790090189762362,-0.00010348927321504608,,-0.0001892053168483232,-0.0010400792061565634,,-0.0017133615358502496,-0.0044039632841516851,,-0.0092682143358245594,-0.0011435684793716094,,-0.0019025668526985728,-0.0054440424903082485,,-0.010981575871674809
mature_2024,169,0.16268339224123007,,0.24748442153222655,0.15824383087959032,,0.23826235406965032,0.15803208060211135,,0.23798786497413682,0.15677893489117981,,0.23609987006793137,-0.0044395613616397545,,-0.0092220674625762278,-0.00021175027747896702,,-0.00027448909551350265,-0.0012531457109315469,,-0.001887994906205448,-0.0046513116391187215,,-0.0094965565580897304,-0.0014648959884105139,,-0.0021624840017189506,-0.0059044573500502684,,-0.011384551464295178
mature_2024,170,0.16434273824558951,,0.24790568800979729,0.16001939817893576,,0.23877720882404066,0.15976760067428153,,0.23840128067036537,0.1590674698310969,,0.23699851065245717,-0.0043233400666537469,,-0.0091284791857566272,-0.00025179750465423312,,-0.00037592815367529231,-0.00070013084318462648,,-0.0014027700179082003,-0.00457513757130798,,-0.0095044073394319195,-0.0009519283478388596,,-0.0017786981715834926,-0.0052752684144926065,,-0.01090717735734012
mature_2024,171,0.16288621504794659,,0.24733447196691344,0.15838969427671956,,0.23825749877357436,0.15825934234778938,,0.23798694895845679,0.15724024284035787,,0.23613185799494593,-0.0044965207712270305,,-0.0090769731933390829,-0.00013035192893018355,,-0.0002705498151175656,-0.001019099507431509,,-0.0018550909635108581,-0.0046268727001572141,,-0.0093475230084566485,-0.0011494514363616926,,-0.0021256407786284237,-0.0056459722075887231,,-0.011202613971967507
mature_2024,172,0.16502201068113176,,0.2476369178274668,0.16120210987193823,,0.23913311477471724,0.16103482469380326,,0.23891211065438533,0.16002951811299584,,0.23743192869636648,-0.0038199008091935327,,-0.0085038030527495589,-0.00016728517813496824,,-0.00022100412033190797,-0.0010053065808074135,,-0.0014801819580188558,-0.0039871859873285009,,-0.0087248071730814669,-0.0011725917589423818,,-0.0017011860783507637,-0.0049924925681359145,,-0.010204989131100323
mature_2024,173,0.16524006714444173,,0.24783885688864432,0.16107525419688665,,0.23882091681207124,0.16098837569545449,,0.23870072097069356,0.15994930510185998,,0.23702130675944141,-0.0041648129475550799,,-0.0090179400765730833,-8.687850143215825e-05,,-0.00012019584137767936,-0.0010390705935945099,,-0.0016794142112521449,-0.0042516914489872382,,-0.0091381359179507626,-0.0011259490950266682,,-0.0017996100526298242,-0.0052907620425817481,,-0.010817550129202907
mature_2024,174,0.16373271713856921,,0.24735203542829196,0.15957015770892929,,0.23894539136300072,0.15945170643186204,,0.23882827373879642,0.15837659309256855,,0.23714291978141386,-0.0041625594296399171,,-0.0084066440652912355,-0.00011845127706724967,,-0.00011711762420429928,-0.0010751133392934986,,-0.0016853539573825627,-0.0042810107067071668,,-0.0085237616894955348,-0.0011935646163607483,,-0.0018024715815868619,-0.0053561240460006654,,-0.010209115646878097
mature_2024,175,0.16511470692586849,,0.24732713768674783,0.16097010464130745,,0.23854097639310076,0.16081521581148728,,0.23833008837741551,0.15964595611875579,,0.23643872830092691,-0.0041446022845610386,,-0.0087861612936470657,-0.00015488882982017671,,-0.00021088801568525106,-0.0011692596927314891,,-0.0018913600764886018,-0.0042994911143812153,,-0.0089970493093323167,-0.0013241485225516658,,-0.0021022480921738529,-0.0054687508071127044,,-0.010888409385820919
mature_2024,176,0.16594162095989742,,0.24777404799738736,0.1620363476585848,,0.23941300097193755,0.16191779898509409,,0.23920326790373481,0.16095776781000853,,0.23747691188248174,-0.0039052733013126284,,-0.0083610470254498193,-0.00011854867349070375,,-0.00020973306820273874,-0.00096003117508555724,,-0.0017263560212530671,-0.0040238219748033321,,-0.008570780093652558,-0.001078579848576261,,-0.0019360890894558058,-0.0049838531498888894,,-0.010297136114905625
mature_2024,177,0.16524722996232957,,0.24752608425980324,0.16106813899163841,,0.23830114746842723,0.1610025835596556,,0.23821959656674277,0.1598953942837841,,0.23661224754558424,-0.0041790909706911628,,-0.0092249367913760094,-6.5555431982805557e-05,,-8.1550901684462884e-05,-0.0011071892758715007,,-0.0016073490211585273,-0.0042446464026739683,,-0.0093064876930604723,-0.0011727447078543063,,-0.0016888999228429902,-0.005351835678545469,,-0.010913836714219
mature_2024,178,0.16382836067601664,,0.24786638430495525,0.15984576663005201,,0.23908822024884355,0.15966975389850155,,0.23880345421545565,0.15904355023282299,,0.23758977930554187,-0.003982594045964627,,-0.0087781640561117036,-0.00017601273155046226,,-0.00028476603338789541,-0.00062620366567855967,,-0.0012136749099137811,-0.0041586067775150892,,-0.009062930089499599,-0.00080221639722902194,,-0.0014984409433016765,-0.0047848104431936489,,-0.01027660499941338
mature_2024,179,0.16531071110277623,,0.24807556447582449,0.161075796756736,,0.23929089937320974,0.16094548941933021,,0.23911511524741791,0.15956314586151768,,0.23683465026837608,-0.0042349143460402305,,-0.0087846651026147471,-0.00013030733740579392,,-0.00017578412579183356,-0.0013823435578125265,,-0.0022804649790418297,-0.0043652216834460245,,-0.0089604492284065806,-0.0015126508952183204,,-0.0024562491048336632,-0.0057475652412585509,,-0.01124091420744841
mature_2024,180,0.1642725728546052,,0.24702830050605648,0.15976236145846862,,0.23767274040823838,0.15969994416603842,,0.23756338218204739,0.15857151306562162,,0.23595285713224312,-0.004510211396136582,,-0.0093555600978180997,-6.2417292430200222e-05,,-0.00010935822619098645,-0.0011284311004167991,,-0.0016105250498042734,-0.0045726286885667822,,-0.0094649183240090862,-0.0011908483928469993,,-0.0017198832759952598,-0.0057010597889835812,,-0.01107544337381336
mature_2024,181,0.16418134524373743,,0.24772011722933165,0.16003575425888522,,0.23936324836202014,0.15986051366511275,,0.23916809183318885,0.15893583779256693,,0.23766561808959816,-0.0041455909848522043,,-0.0083568688673115177,-0.00017524059377246881,,-0.0001951565288312862,-0.00092467587254582706,,-0.0015024737435906932,-0.0043208315786246732,,-0.0085520253961428039,-0.0010999164663182959,,-0.0016976302724219794,-0.0052455074511705002,,-0.010054499139733497
mature_2024,182,0.16358508325740656,,0.2478015171449636,0.15927404519550653,,0.23858726834656288,0.15905784776270221,,0.23822826801567992,0.15789542950660629,,0.23635367963259843,-0.0043110380619000299,,-0.0092142487984007149,-0.00021619743280432147,,-0.00035900033088295813,-0.0011624182560959206,,-0.0018745883830814936,-0.0045272354947043514,,-0.009573249129283673,-0.0013786156889002421,,-0.0022335887139644517,-0.005689653750800272,,-0.011447837512365167
mature_2024,183,0.16401751544848678,,0.24710601897809226,0.16019776365842855,,0.23865596020194299,0.16005995776244775,,0.23851150176397129,0.15919323298340937,,0.23707245202330701,-0.0038197517900582234,,-0.0084500587761492663,-0.00013780589598080817,,-0.00014445843797170066,-0.00086672477903837475,,-0.0014390497406642777,-0.0039575576860390316,,-0.0085945172141209669,-0.0010045306750191829,,-0.0015835081786359784,-0.0048242824650774063,,-0.010033566954785245
mature_2024,184,0.16484749330291301,,0.24754110688641084,0.1603333676724899,,0.23811756258762737,0.1600648460905649,,0.2377189876282933,0.15936617061580613,,0.23662772556702846,-0.0045141256304231103,,-0.0094235442987834761,-0.00026852158192500197,,-0.00039857495933406928,-0.00069867547475876979,,-0.001091262061264836,-0.0047826472123481123,,-0.0098221192581175454,-0.00096719705668377176,,-0.0014898370205989053,-0.0054813226871068821,,-0.010913381319382381
mature_2024,185,0.16321363441623726,,0.24780930099169002,0.15847437172771139,,0.23783361192920274,0.15845318839525627,,0.23780241668520632,0.15748229593066676,,0.23610311023274086,-0.0047392626885258693,,-0.0099756890624872752,-2.1183332455126935e-05,,-3.1195243996418043e-05,-0.00097089246458950673,,-0.0016993064524654655,-0.0047604460209809962,,-0.010006884306483693,-0.00099207579704463367,,-0.0017305016964618836,-0.005731338485570503,,-0.011706190758949159
mature_2024,186,0.16253895434908774,,0.24778161981474556,0.15856871635943975,,0.23907189627206504,0.15841550092372222,,0.23885753598413856,0.1576526067975158,,0.2376323808234605,-0.00397023798964799,,-0.0087097235426805142,-0.00015321543571752971,,-0.00021436028792648498,-0.00076289412620642039,,-0.0012251551606780597,-0.0041234534253655197,,-0.0089240838306069992,-0.0009161095619239501,,-0.0014395154486045447,-0.0048863475515719401,,-0.010149238991285059
mature_2024,187,0.16446590884152681,,0.24816906846691839,0.16044512166910752,,0.23959789473836632,0.16023576613147836,,0.23924302759765131,0.15931734952772283,,0.23799051704979138,-0.0040207871724192989,,-0.0085711737285520673,-0.00020935553762915782,,-0.00035486714071500391,-0.00091841660375552303,,-0.0012525105478599363,-0.0042301427100484568,,-0.0089260408692670712,-0.0011277721413846808,,-0.0016073776885749402,-0.0051485593138039798,,-0.010178551417127008
mature_2024,188,0.16612898142558613,,0.2482081925617122,0.16173332171717764,,0.23871171588678042,0.16163521323654337,,0.23859174128632066,0.16054526828174545,,0.23690757969393908,-0.0043956597084084947,,-0.0094964766749317808,-9.8108480634268025e-05,,-0.00011997460045976016,-0.0010899449547979168,,-0.0016841615923815778,-0.0044937681890427628,,-0.009616451275391541,-0.0011880534354321848,,-0.001804136192841338,-0.0055837131438406795,,-0.011300612867773119
mature_2024,189,0.1641861994774827,,0.24768234957048396,0.15993469123762191,,0.23858310852088496,0.15971966911080621,,0.23837101445564571,0.15859980105853133,,0.23647978804653161,-0.0042515082398607851,,-0.0090992410495989995,-0.00021502212681570598,,-0.00021209406523925445,-0.001119868052274875,,-0.0018912264091140996,-0.0044665303666764911,,-0.0093113351148382539,-0.0013348901790905809,,-0.002103320474353354,-0.005586398418951366,,-0.011202561523952353
mature_2024,190,0.16315172062409466,,0.24734129396721913,0.15909049796490199,,0.23854295848570797,0.15907765709865299,,0.23853454914965574,0.15819343120491924,,0.23717958788024149,-0.0040612226591926759,,-0.0087983354815111547,-1.2840866249003158e-05,,-8.4093360522285998e-06,-0.00088422589373374216,,-0.0013549612694142565,-0.004074063525441679,,-0.0088067448175633833,-0.00089706675998274532,,-0.0013633706054664851,-0.0049582894191754212,,-0.01016170608697764
mature_2024,191,0.16378323311370305,,0.24773147808563994,0.15955142155027699,,0.23882510112686967,0.15936166580973068,,0.2385697705494598,0.15814372581804295,,0.23684529401818832,-0.0042318115634260578,,-0.008906376958770279,-0.00018975574054630462,,-0.00025533057740986798,-0.0012179399916877331,,-0.0017244765312714738,-0.0044215673039723624,,-0.009161707536180147,-0.0014076957322340378,,-0.0019798071086813418,-0.0056395072956600956,,-0.010886184067451621
mature_2024,192,0.16310669101624725,,0.24790490579751293,0.1586101622958519,,0.23833367375895192,0.15865322107093113,,0.23844339085532992,0.15752739596785961,,0.23664912326926615,-0.0044965287203953541,,-0.0095712320385610006,4.3058775079235501e-05,,0.00010971709637799809,-0.0011258251030715205,,-0.0017942675860637691,-0.0044534699453161186,,-0.0094615149421830025,-0.001082766327992285,,-0.001684550489685771,-0.0055792950483876391,,-0.011255782528246772
mature_2024,193,0.16375130582084307,,0.24770343591158728,0.15960055918975466,,0.23842959960503785,0.15942450142013356,,0.23821545683499964,0.15844466487897249,,0.23691287338846512,-0.0041507466310884145,,-0.0092738363065494323,-0.00017605776962109632,,-0.00021414277003820037,-0.00097983654116107211,,-0.0013025834465345276,-0.0043268044007095108,,-0.0094879790765876326,-0.0011558943107821684,,-0.001516726216572728,-0.0053066409418705829,,-0.01079056252312216
mature_2024,194,0.1645797017329273,,0.24746434627675268,0.1603103426330327,,0.23830781026401487,0.16014475533390735,,0.23814012696071438,0.15915534005758308,,0.2366032088336345,-0.0042693590998945929,,-0.0091565360127378037,-0.00016558729912535819,,-0.00016768330330049763,-0.00098941527632426252,,-0.0015369181270798726,-0.0044349463990199511,,-0.0093242193160383013,-0.0011550025754496207,,-0.0017046014303803703,-0.0054243616753442137,,-0.010861137443118174
mature_2024,195,0.16342067377558206,,0.24803219801209059,0.15888075002296381,,0.23845084108481593,0.15862069393878264,,0.23808129761808605,0.15732939773524332,,0.23590582978093186,-0.0045399237526182468,,-0.009581356927274659,-0.00026005608418117054,,-0.00036954346672987692,-0.0012912962035393216,,-0.0021754678371541936,-0.0047999798367994173,,-0.009950900394004536,-0.0015513522877204922,,-0.0025450113038840705,-0.0060912760403387389,,-0.01212636823115873
mature_2024,196,0.16358798490793763,,0.24782594650665776,0.15931391724038108,,0.23877013113534815,0.15909768373881369,,0.23846095943848103,0.15806538031709785,,0.23687596027955124,-0.0042740676675565581,,-0.0090558153713096168,-0.00021623350156738108,,-0.00030917169686711654,-0.0010323034217158411,,-0.0015849991589297896,-0.0044903011691239392,,-0.0093649870681767333,-0.0012485369232832222,,-0.0018941708557969061,-0.0055226045908397803,,-0.010949986227106523
mature_2024,197,0.16576255304943255,,0.24801362169111882,0.16144125590816186,,0.23915931077651462,0.16138306573826217,,0.23910674235613083,0.16016796687291976,,0.23740191829706375,-0.0043212971412706913,,-0.0088543109146042021,-5.8190169899691169e-05,,-5.2568420383786174e-05,-0.0012150988653424066,,-0.0017048240590670782,-0.0043794873111703825,,-0.0089068793349879882,-0.0012732890352420978,,-0.0017573924794508644,-0.0055945861765127891,,-0.010611703394055066
mature_2024,198,0.16428719389898111,,0.24807605694661594,0.16024788305200843,,0.23934400745486942,0.16008847673941759,,0.23907263362757203,0.15924072639916978,,0.23770207476018188,-0.0040393108469726768,,-0.0087320494917465241,-0.00015940631259084292,,-0.00027137382729738868,-0.00084775034024781037,,-0.0013705588673901536,-0.0041987171595635198,,-0.0090034233190439128,-0.0010071566528386533,,-0.0016419326946875423,-0.0050464674998113301,,-0.010373982186434066
mature_2024,199,0.16494937489952954,,0.24721870767046786,0.16080246012200522,,0.23841023545701026,0.16062244114204202,,0.23814490633608323,0.15955356466876933,,0.23659935555752071,-0.0041469147775243242,,-0.0088084722134575966,-0.00018001897996319793,,-0.00026532912092702698,-0.0010688764732726952,,-0.0015455507785625267,-0.0043269337574875222,,-0.0090738013343846236,-0.0012488954532358931,,-0.0018108798994895536,-0.0053958102307602174,,-0.01061935211294715
mature_2024,200,0.1640066638629015,,0.24785064301809462,0.15966757148788063,,0.23854898295706564,0.1595825384412336,,0.23843411990591259,0.15861097246795741,,0.23726013687346947,-0.0043390923750208643,,-0.0093016600610289768,-8.5033046647031707e-05,,-0.00011486305115304685,-0.00097156597327618943,,-0.0011739830324431211,-0.004424125421667896,,-0.0094165231121820236,-0.0010565990199232211,,-0.0012888460835961679,-0.0053956913949440855,,-0.010590506144625145
mature_2024,201,0.16523451293296304,,0.24794996035902481,0.16143436675331815,,0.23990807284698981,0.16130638375489026,,0.23980536081084888,0.16033891026547759,,0.23829158003974693,-0.0038001461796448865,,-0.0080418875120349953,-0.00012798299842789462,,-0.00010271203614092839,-0.00096747348941267353,,-0.0015137807711019524,-0.0039281291780727812,,-0.0081445995481759237,-0.0010954564878405681,,-0.0016164928072428808,-0.0048956026674854547,,-0.0096583803192778761
mature_2024,202,0.16380695133971571,,0.24749709280896912,0.15945124768483976,,0.2381315697218668,0.15920767838002403,,0.23782280230756209,0.1583395303219482,,0.23675490140524974,-0.0043557036548759476,,-0.0093655230871023121,-0.00024356930481572725,,-0.00030876741430471699,-0.00086814805807583495,,-0.0010679009023123465,-0.0045992729596916748,,-0.0096742905014070291,-0.0011117173628915622,,-0.0013766683166170635,-0.0054674210177675098,,-0.010742191403719376
mature_2024,203,0.16474532717016566,,0.24804950235710799,0.16077313145947245,,0.23971862953242046,0.16070591464010053,,0.23972018592337044,0.15983852457638251,,0.23778672810975712,-0.0039721957106932104,,-0.0083308728246875297,-6.7216819371912484e-05,,1.5563909499805018e-06,-0.00086739006371802652,,-0.0019334578136133151,-0.0040394125300651229,,-0.0083293164337375492,-0.000934606883089939,,-0.0019319014226633346,-0.0049068025937831494,,-0.010262774247350864
mature_2024,204,0.16495856765380298,,0.24817814894000356,0.16077825736883197,,0.23919305810390651,0.16062019546221409,,0.23895089291614283,0.15961225298591811,,0.23729821565097753,-0.0041803102849710116,,-0.0089850908360970538,-0.000158061906617879,,-0.00024216518776368212,-0.0010079424762959865,,-0.0016526772651652977,-0.0043383721915888906,,-0.009227256023860736,-0.0011660043829138655,,-0.0018948424529289798,-0.0053463146678848772,,-0.010879933289026034
mature_2024,205,0.1632186108819996,,0.24715391171141504,0.15890925275457221,,0.23811184012728076,0.15872682656497733,,0.23780326078758723,0.15771110830531893,,0.23613562593382045,-0.0043093581274273873,,-0.0090420715841342814,-0.00018242618959488088,,-0.00030857933969352658,-0.0010157182596584047,,-0.0016676348537667807,-0.0044917843170222682,,-0.0093506509238278079,-0.0011981444492532856,,-0.0019762141934603072,-0.0055075025766806729,,-0.011018285777594589
mature_2024,206,0.16409883926121713,,0.2474483535797298,0.15980682922749806,,0.23850433833353413,0.15962363543952962,,0.23827205975524299,0.15850200961505229,,0.23630937335673585,-0.0042920100337190681,,-0.0089440152461956746,-0.00018319378796843866,,-0.00023227857829113963,-0.0011216258244773347,,-0.0019626863985071352,-0.0044752038216875067,,-0.0091762938244868142,-0.0013048196124457734,,-0.0021949649767982748,-0.0055968296461648415,,-0.011138980222993949
mature_2024,207,0.16268872104258228,,0.24744234073018531,0.15818422630894194,,0.23786727555082757,0.15804620709813894,,0.2376609308606078,0.15704161736957895,,0.23605743481719785,-0.0045044947336403407,,-0.0095750651793577446,-0.00013801921080300317,,-0.00020634469021976742,-0.0010045897285599903,,-0.0016034960434099521,-0.0046425139444433439,,-0.009781409869577512,-0.0011426089393629935,,-0.0018098407336297195,-0.0056471036730033342,,-0.011384905912987464
mature_2024,208,0.1651918966242224,,0.2475685094273348,0.16119554874960296,,0.23888794065079644,0.16107086421206473,,0.23878450645488544,0.16025047902963679,,0.23756858099139652,-0.0039963478746194436,,-0.008680568776538361,-0.00012468453753822217,,-0.00010343419591099523,-0.00082038518242794067,,-0.0012159254634889205,-0.0041210324121576658,,-0.0087840029724493562,-0.00094506971996616285,,-0.0013193596593999157,-0.0049414175945856065,,-0.0099999284359382767
mature_2024,209,0.16447974048977748,,0.24736131197346378,0.16021301946993055,,0.23818828234227613,0.16000217002032033,,0.23789052832743571,0.15893973218360616,,0.23602532460385603,-0.0042667210198469308,,-0.0091730296311876569,-0.00021084944961022312,,-0.00029775401484041786,-0.0010624378367141696,,-0.0018652037235796781,-0.0044775704694571539,,-0.0094707836460280748,-0.0012732872863243927,,-0.002162957738420096,-0.0055400083061713234,,-0.011335987369607753
mature_2024,210,0.16428075554621774,,0.24741349342178101,0.15985855528432488,,0.23807851292316262,0.15970320924675455,,0.23787607481276954,0.15834992980518839,,0.23581089677529435,-0.0044222002618928558,,-0.0093349804986183893,-0.00015534603757033638,,-0.00020243811039308279,-0.0013532794415661575,,-0.0020651780374751905,-0.0045775462994631921,,-0.0095374186090114721,-0.0015086254791364939,,-0.0022676161478682733,-0.0059308257410293497,,-0.011602596646486663
mature_2024,211,0.16239188079659619,,0.24773893511753331,0.15805107761627199,,0.23842005059269208,0.15783073990187635,,0.2380940853107309,0.15672069673029232,,0.23641018035327291,-0.0043408031803242042,,-0.0093188845248412255,-0.00022033771439564087,,-0.00032596528196118801,-0.0011100431715840298,,-0.0016839049574579878,-0.0045611408947198451,,-0.0096448498068024135,-0.0013303808859796706,,-0.0020098702394191759,-0.0056711840663038748,,-0.011328754764260401
mature_2024,212,0.16539932165974561,,0.24769252032307107,0.1608047592669069,,0.23853060117532909,0.1606513349849123,,0.23825022081904715,0.15985970112315978,,0.23707757387954626,-0.0045945623928387025,,-0.0091619191477419759,-0.00015342428199460745,,-0.00028038035628194513,-0.00079163386175251649,,-0.0011726469395008932,-0.0047479866748333099,,-0.009442299504023921,-0.00094505814374712394,,-0.0014530272957828383,-0.0055396205365858264,,-0.010614946443524814
mature_2024,213,0.16322707352258772,,0.24788478622963928,0.15892733870420933,,0.23870364442912942,0.15876440040496198,,0.23848438300071217,0.1577698411124081,,0.2368940982361466,-0.0042997348183783923,,-0.0091811418005098566,-0.00016293829924735048,,-0.0002192614284172445,-0.00099455929255387598,,-0.0015902847645655749,-0.0044626731176257428,,-0.0094004032289271011,-0.0011574975918012265,,-0.0018095461929828194,-0.0054572324101796188,,-0.010990687993492676
mature_2024,214,0.16428971776226076,,0.24784635537295557,0.1603705561293354,,0.23962652143445573,0.16019862659018483,,0.23935378973515856,0.15907743547406875,,0.2374744911183633,-0.0039191616329253554,,-0.0082198339384998431,-0.00017192953915057263,,-0.000272731699297174,-0.0011211911161160826,,-0.0018792986167952552,-0.004091091172075928,,-0.0084925656377970171,-0.0012931206552666552,,-0.0021520303160924292,-0.0052122822881920106,,-0.010371864254592272
mature_2024,215,0.16355695994893507,,0.24737951972081004,0.15946730961247046,,0.23868859773208959,0.15914475078774984,,0.23816088335779001,0.15799499452918761,,0.23644457379800235,-0.0040896503364646064,,-0.008690921988720457,-0.00032255882472062569,,-0.00052771437429957602,-0.001149756258562229,,-0.0017163095597876599,-0.0044122091611852321,,-0.009218636363020033,-0.0014723150832828547,,-0.0022440239340872359,-0.0055619654197474611,,-0.010934945922807693
mature_2024,216,0.1642669468209054,,0.24761669351156321,0.15999670123799684,,0.23870666331080648,0.15980547468427889,,0.2384046209365944,0.15880085105245767,,0.23653261375253382,-0.0042702455829085606,,-0.00891003020075673,-0.00019122655371794917,,-0.00030204237421208036,-0.0010046236318212165,,-0.0018720071840605812,-0.0044614721366265098,,-0.0092120725749688104,-0.0011958501855391657,,-0.0021740495582726616,-0.0054660957684477263,,-0.011084079759029392
mature_2024,217,0.16249248768456775,,0.24772901251625126,0.15792141223905409,,0.238139312586825,0.15770252330901569,,0.23786517000878529,0.15664478933130829,,0.23626005626639426,-0.0045710754455136615,,-0.0095896999294262653,-0.00021888893003840781,,-0.00027414257803970443,-0.0010577339777073924,,-0.0016051137423910289,-0.0047899643755520693,,-0.0098638425074659697,-0.0012766229077458002,,-0.0018792563204307333,-0.0058476983532594617,,-0.011468956249856999
mature_2024,218,0.16577339511169045,,0.24733607310812727,0.16134473578853747,,0.23839180541940555,0.16116846958366707,,0.23821590051900415,0.16015519184387758,,0.23684337022401672,-0.0044286593231529781,,-0.0089442676887217243,-0.00017626620487040667,,-0.00017590490040139684,-0.0010132777397894865,,-0.0013725302949874341,-0.0046049255280233847,,-0.0091201725891231211,-0.0011895439446598932,,-0.0015484351953888309,-0.0056182032678128713,,-0.010492702884110555
mature_2024,219,0.16390548907186739,,0.2481663847317363,0.15982014130906408,,0.23966527194049186,0.15949281564717552,,0.2391669759510717,0.15852233473266505,,0.23779317739057354,-0.0040853477628033097,,-0.0085011127912444362,-0.00032732566188856116,,-0.00049829598942016662,-0.00097048091451046314,,-0.0013737985604981573,-0.0044126734246918708,,-0.0089994087806646028,-0.0012978065763990243,,-0.0018720945499183239,-0.005383154339202334,,-0.01037320734116276
mature_2024,220,0.16445595404980701,,0.24774856954085414,0.16051401176774241,,0.23924512465543213,0.16031861830028915,,0.23898551023515974,0.15960280746285416,,0.23766085150929372,-0.0039419422820645977,,-0.0085034448854220124,-0.0001953934674532587,,-0.00025961442027239157,-0.00071581083743499363,,-0.0013246587258660125,-0.0041373357495178564,,-0.0087630593056944039,-0.00091120430488825233,,-0.0015842731461384041,-0.0048531465869528501,,-0.010087718031560416
mature_2024,221,0.16469860115494472,,0.24759856133844113,0.16046659320003803,,0.23869123586899743,0.16021172854817703,,0.23824774457421286,0.15911625678762981,,0.23662131847253365,-0.0042320079549066913,,-0.0089073254694436999,-0.00025486465186100316,,-0.00044349129478457594,-0.0010954717605472231,,-0.001626426101679207,-0.0044868726067676945,,-0.0093508167642282758,-0.0013503364124082262,,-0.0020699173964637829,-0.0055823443673149176,,-0.010977242865907483
mature_2024,222,0.16326172163075628,,0.24821377148923324,0.15885879648664405,,0.23887036176267754,0.15873998015416585,,0.23869724332975525,0.15769288896136652,,0.23681070979062793,-0.0044029251441122241,,-0.0093434097265557015,-0.00011881633247820544,,-0.00017311843292228124,-0.001047091192799332,,-0.0018865335391273219,-0.0045217414765904296,,-0.0095165281594779827,-0.0011659075252775375,,-0.0020596519720496032,-0.0055688326693897616,,-0.011403061698605305
mature_2024,223,0.16575040137327027,,0.24771531507081046,0.1616211721386073,,0.23932324215017636,0.1614487373413335,,0.23903298121898742,0.16067770409463047,,0.23762700799644504,-0.0041292292346629678,,-0.0083920729206340972,-0.00017243479727380162,,-0.00029026093118894591,-0.00077103324670302342,,-0.0014059732225423782,-0.0043016640319367694,,-0.0086823338518230431,-0.00094346804397682504,,-0.0016962341537313241,-0.0050726972786397928,,-0.010088307074365421
mature_2024,224,0.16390977962898551,,0.24784427307994367,0.15969598893647996,,0.23923185085443086,0.15943200787227466,,0.23880765444510854,0.15831718436638084,,0.23707372283509565,-0.0042137906925055479,,-0.0086124222255128113,-0.00026398106420530421,,-0.00042419640932231384,-0.0011148235058938138,,-0.0017339316100128954,-0.0044777717567108521,,-0.0090366186348351252,-0.0013788045700991181,,-0.0021581280193352093,-0.005592595262604666,,-0.010770550244848021
mature_2024,225,0.16410908050537934,,0.24753555262156074,0.15997074835979247,,0.23875143352650333,0.15990575731024426,,0.23863700831837356,0.15895261570845068,,0.23716707174650067,-0.0041383321455868705,,-0.0087841190950574133,-6.4991049548213109e-05,,-0.00011442520812976475,-0.00095314160179357788,,-0.0014699365718728874,-0.0042033231951350836,,-0.008898544303187178,-0.001018132651341791,,-0.0015843617800026522,-0.0051564647969286614,,-0.010368480875060065
mature_2024,226,0.16370447271724928,,0.24775180921746723,0.15962985373386968,,0.23912462032677981,0.15946348160421775,,0.23890178614635468,0.15831408557662602,,0.23675081522702687,-0.004074618983379602,,-0.0086271888906874206,-0.00016637212965192605,,-0.00022283418042512437,-0.0011493960275917314,,-0.0021509709193278104,-0.0042409911130315281,,-0.0088500230711125449,-0.0013157681572436575,,-0.0023738050997529347,-0.0053903871406232595,,-0.011000993990440355
mature_2024,227,0.16476102520863101,,0.24838046676373451,0.16046185844193817,,0.23917241251572882,0.1603562643150214,,0.23902705904515967,0.15913702532155216,,0.23722988938033601,-0.0042991667666928413,,-0.0092080542480056926,-0.00010559412691676928,,-0.00014535347056915393,-0.0012192389934692349,,-0.0017971696648236557,-0.0044047608936096105,,-0.0093534077185748465,-0.0013248331203860042,,-0.0019425231353928096,-0.0056239998870788455,,-0.011150577383398502
mature_2024,228,0.16201962302998071,,0.24792252828602659,0.15781137636316478,,0.23858268830694279,0.15749086310170735,,0.23805728482444313,0.15666177094869985,,0.23664681701032714,-0.0042082466668159346,,-0.0093398399790838027,-0.00032051326145743353,,-0.00052540348249965896,-0.00082909215300749906,,-0.0014104678141159954,-0.0045287599282733682,,-0.0098652434615834617,-0.0011496054144649326,,-0.0019358712966156544,-0.0053578520812808672,,-0.011275711275699457
mature_2024,229,0.16208707254992383,,0.24735450748239085,0.1580115998689034,,0.23857113441945127,0.15788088460823005,,0.23834834578938779,0.15690476469207543,,0.23656425387669661,-0.0040754726810204311,,-0.0087833730629395812,-0.00013071526067334749,,-0.00022278863006347516,-0.0009761199161546219,,-0.0017840919126911881,-0.0042061879416937786,,-0.0090061616930030564,-0.0011068351768279694,,-0.0020068805427546632,-0.0051823078578484005,,-0.010790253605694244
mature_2024,230,0.16285635614552116,,0.24744781922417958,0.1586194203689047,,0.238285950369473,0.15843148565610438,,0.23803342577915768,0.15700007142530581,,0.23595901227048793,-0.0042369357766164628,,-0.009161868854706573,-0.00018793471280031948,,-0.00025252459031532837,-0.0014314142307985667,,-0.0020744135086697424,-0.0044248704894167823,,-0.0094143934450219013,-0.0016193489435988861,,-0.0023269380989850708,-0.005856284720215349,,-0.011488806953691644
mature_2024,231,0.16329578674687231,,0.24777118332565357,0.15899390764580451,,0.23859814185556072,0.15880979541827453,,0.23842953646901782,0.15746819432821993,,0.23599298996974491,-0.0043018791010678015,,-0.0091730414700928464,-0.00018411222752998113,,-0.00016860538654289714,-0.0013416010900546005,,-0.0024365464992729124,-0.0044859913285977826,,-0.0093416468566357436,-0.0015257133175845816,,-0.0026051518858158096,-0.0058275924186523831,,-0.011778193355908656
mature_2024,232,0.16442015347431677,,0.24748240100866276,0.16040531759446722,,0.23879223664102092,0.1603424740946871,,0.23864114386040083,0.15914314133378835,,0.23661075349817706,-0.0040148358798495487,,-0.0086901643676418339,-6.2843499780113055e-05,,-0.00015109278062008791,-0.0011993327608987581,,-0.0020303903622237718,-0.0040776793796296618,,-0.0088412571482619218,-0.0012621762606788711,,-0.0021814831428438597,-0.0052770121405284198,,-0.010871647510485694
mature_2024,233,0.16585296686077175,,0.24805898655054107,0.16185948021634669,,0.2393769729354468,0.16175221704361703,,0.23926858777321558,0.16061438420362598,,0.23735607488000884,-0.0039934866444250594,,-0.0086820136150942695,-0.00010726317272966024,,-0.00010838516223121708,-0.0011378328399910542,,-0.0019125128932067359,-0.0041007498171547196,,-0.0087903987773254866,-0.0012450960127207145,,-0.002020898055437953,-0.0052385826571457739,,-0.010702911670532222
mature_2024,234,0.16487646642257048,,0.24768236184828399,0.16075088679502908,,0.23861458769514687,0.16064181892017018,,0.23842579121485658,0.15954879365396754,,0.23691813762230057,-0.0041255796275413981,,-0.0090677741531371148,-0.00010906787485889802,,-0.00018879648029029861,-0.0010930252662026407,,-0.001507653592556002,-0.0042346475024002961,,-0.0092565706334274134,-0.0012020931410615388,,-0.0016964500728463006,-0.0053276727686029368,,-0.010764224225983415
mature_2024,235,0.16583195845106222,,0.24769457414753127,0.16173318573965539,,0.23911686970902624,0.16158160218149775,,0.2387629641260503,0.16033488256459791,,0.23678312040075244,-0.0040987727114068229,,-0.0085777044385050294,-0.00015158355815764191,,-0.000353905582975933,-0.001246719616899844,,-0.0019798437252978585,-0.0042503562695644648,,-0.0089316100214809624,-0.0013983031750574859,,-0.0023337493082737915,-0.0054970758864643088,,-0.010911453746778821
mature_2024,236,0.16301080481151103,,0.24668709726974175,0.15904854798439069,,0.23803341720658877,0.1589088530741162,,0.23785841130506385,0.15789045709837576,,0.23606761643169624,-0.0039622568271203418,,-0.0086536800631529798,-0.00013969491027449044,,-0.00017500590152491613,-0.0010183959757404382,,-0.0017907948733676127,-0.0041019517373948322,,-0.0088286859646778959,-0.0011580908860149286,,-0.0019658007748925288,-0.0051203477131352704,,-0.010619480838045509
mature_2024,237,0.16251591519780609,,0.24772634044350403,0.15808555087947429,,0.23801596547069698,0.15792025829859888,,0.23772212501583337,0.15692538546714724,,0.23602831790371678,-0.0044303643183317976,,-0.009710374972807051,-0.00016529258087541465,,-0.00029384045486360866,-0.00099487283145163752,,-0.0016938071121165854,-0.0045956568992072122,,-0.01000421542767066,-0.0011601654123270522,,-0.0019876475669801941,-0.0055905297306588497,,-0.011698022539787245
mature_2024,238,0.1654896422090894,,0.24761852608070398,0.16157271435146248,,0.23921801202114421,0.16135303160594391,,0.2390079332942304,0.16030967683026034,,0.23717227403677119,-0.0039169278576269284,,-0.0084005140595597716,-0.00021968274551856237,,-0.00021007872691380935,-0.0010433547756835693,,-0.0018356592574592101,-0.0041366106031454908,,-0.008610592786473581,-0.0012630375212021316,,-0.0020457379843730195,-0.0051799653788290601,,-0.010446252043932791
mature_2024,239,0.16466446838789831,,0.24750751341721844,0.16044484619637508,,0.23844289060211213,0.16019336381134228,,0.23797043542566124,0.15894564645475318,,0.2360655515288313,-0.0042196221915232202,,-0.0090646228151063102,-0.00025148238503280851,,-0.00047245517645089219,-0.0012477173565891009,,-0.0019048838968299397,-0.0044711045765560287,,-0.0095370779915572024,-0.0014991997416219094,,-0.0023773390732808319,-0.0057188219331451295,,-0.011441961888387142
mature_2024,240,0.16382621407219652,,0.24762494330708931,0.16003215723242731,,0.23930206377387164,0.15977018675789822,,0.238911266212322,0.15870694228025434,,0.23714563944130437,-0.0037940568397692165,,-0.0083228795332176697,-0.00026197047452908295,,-0.00039079756154963841,-0.0010632444776438876,,-0.001765626771017631,-0.0040560273142982994,,-0.0087136770947673081,-0.0013252149521729706,,-0.0021564243325672694,-0.0051192717919421871,,-0.010479303865784939
mature_2024,241,0.16296892248502079,,0.24742380800738717,0.15805427697613683,,0.23714932684934592,0.15788715215372892,,0.23692118869628503,0.15689702739676745,,0.23522783173443695,-0.004914645508883958,,-0.010274481158041249,-0.00016712482240791027,,-0.00022813815306088614,-0.00099012475696147462,,-0.0016933569618480804,-0.0050817703312918683,,-0.010502619311102135,-0.0011572495793693849,,-0.0019214951149089665,-0.0060718950882533429,,-0.012195976272950215
mature_2024,242,0.16489769735031473,,0.24766004600810992,0.1608123373493606,,0.2390203019406863,0.16066683639600834,,0.23883451136729791,0.15943708380262753,,0.23712758885835533,-0.0040853600009541358,,-0.008639744067423627,-0.00014550095335225111,,-0.00018579057338838356,-0.0012297525933808173,,-0.0017069225089425821,-0.0042308609543063869,,-0.0088255346408120106,-0.0013752535467330684,,-0.0018927130823309657,-0.0054606135476872042,,-0.010532457149754593
mature_2024,243,0.16577086450797895,,0.24810583209526321,0.16161836070834695,,0.23894212157248831,0.16153510317286013,,0.23884060153645512,0.16058884569235535,,0.23752938427152964,-0.0041525037996320013,,-0.0091637105227748983,-8.3257535486824796e-05,,-0.00010152003603319804,-0.00094625748050478076,,-0.0013112172649254739,-0.0042357613351188261,,-0.0092652305588080963,-0.0010295150159916056,,-0.0014127373009586719,-0.0051820188156236069,,-0.01057644782373357
mature_2024,244,0.1649358267969267,,0.24765538283792274,0.16063228454370981,,0.23857844177278167,0.16049976026293197,,0.23839157182540144,0.15911954210853818,,0.23630503901062466,-0.0043035422532168854,,-0.0090769410651410642,-0.0001325242807778404,,-0.00018686994738023599,-0.0013802181543937919,,-0.0020865328147767759,-0.0044360665339947258,,-0.0092638110125213002,-0.0015127424351716323,,-0.0022734027621570119,-0.0058162846883885178,,-0.011350343827298076
mature_2024,245,0.16432050005600246,,0.24751099959534872,0.16021291937253257,,0.23873974968653816,0.16003430061342028,,0.23845740601848803,0.158828996902693,,0.23671826394500692,-0.0041075806834698914,,-0.0087712499088105633,-0.0001786187591122923,,-0.00028234366805013345,-0.0012053037107272735,,-0.0017391420734811092,-0.0042861994425821837,,-0.0090535935768606968,-0.0013839224698395658,,-0.0020214857415312426,-0.0054915031533094572,,-0.010792735650341806
mature_2024,246,0.16357691849301556,,0.24853045890995809,0.15921032457006032,,0.23932932593226486,0.15906675237472695,,0.23909580068580294,0.15781103225030482,,0.23742099867852606,-0.004366593922955242,,-0.0092011329776932327,-0.00014357219533336907,,-0.00023352524646191863,-0.0012557201244221272,,-0.0016748020072768766,-0.004510166118288611,,-0.0094346582241551513,-0.0013992923197554963,,-0.0019083272537387952,-0.0057658862427107382,,-0.011109460231432028
mature_2024,247,0.16409454473131072,,0.24722876761202744,0.15981520031328786,,0.23802749640515578,0.15967318440882586,,0.23783843247245395,0.15865029034426806,,0.23625835362693084,-0.0042793444180228568,,-0.0092012712068716696,-0.00014201590446200063,,-0.00018906393270182176,-0.0010228940645578,,-0.0015800788455231085,-0.0044213603224848574,,-0.0093903351395734913,-0.0011649099690198006,,-0.0017691427782249303,-0.0054442543870426574,,-0.0109704139850966
mature_2024,248,0.16399614973901733,,0.24793380218027797,0.16002915290013139,,0.23942505862359922,0.15990962395485098,,0.2391797959955968,0.15924254191874662,,0.23804231561621031,-0.0039669968388859334,,-0.0085087435566787439,-0.00011952894528041713,,-0.00024526262800242393,-0.00066708203610435501,,-0.0011374803793864907,-0.0040865257841663505,,-0.0087540061846811679,-0.00078661098138477215,,-0.0013827430073889146,-0.0047536078202707055,,-0.0098914865640676586
mature_2024,249,0.16505253904895401,,0.24700926860738548,0.16090480493159348,,0.23820436840928089,0.16070867938832883,,0.23783021154806763,0.15992287880729802,,0.23627888138458933,-0.0041477341173605242,,-0.0088049001981045927,-0.00019612554326464693,,-0.00037415686121325398,-0.00078580058103080996,,-0.0015513301634783039,-0.0043438596606251711,,-0.0091790570593178467,-0.00098192612429545689,,-0.0019254870246915579,-0.0051296602416559811,,-0.010730387222796151
mature_2024,250,0.1643990218593952,,0.2479259706312093,0.16004219717952595,,0.2388791023799503,0.15990278410149536,,0.23867525223110883,0.15869284656858612,,0.23697214998613558,-0.0043568246798692534,,-0.0090468682512589993,-0.00013941307803058689,,-0.00020385014884147235,-0.0012099375329092388,,-0.001703102244973248,-0.0044962377578998403,,-0.0092507184001004716,-0.0013493506109398257,,-0.0019069523938147204,-0.005706175290809079,,-0.01095382064507372
mature_2024,251,0.16545849513428249,,0.24767996350057231,0.16088264179308162,,0.23800170535482346,0.1607164872471239,,0.23777565409820151,0.15978288093631934,,0.23608837168376215,-0.004575853341200864,,-0.0096782581457488526,-0.00016615454595772516,,-0.0002260512566219508,-0.00093360631080455225,,-0.0016872824144393561,-0.0047420078871585891,,-0.0099043094023708034,-0.0010997608567622774,,-0.0019133336710613069,-0.0056756141979631414,,-0.011591591816810159
mature_2024,252,0.16389664034656551,,0.24769477786346528,0.16025226413036583,,0.23971897244048654,0.16009712556220754,,0.23948942434143958,0.15882717578402758,,0.2376253998577843,-0.003644376216199674,,-0.0079758054229787378,-0.0001551385681582973,,-0.00022954809904696116,-0.0012699497781799574,,-0.0018640244836552744,-0.0037995147843579713,,-0.008205353522025699,-0.0014250883463382547,,-0.0020935725827022356,-0.0050694645625379287,,-0.010069378005680973
mature_2024,253,0.16368787163355056,,0.24786031148488141,0.15927624251397599,,0.23846363069342355,0.15908177819349287,,0.23815996134011336,0.15828476553062329,,0.23675775204811811,-0.0044116291195745727,,-0.0093966807914578621,-0.00019446432048311757,,-0.00030366935331019307,-0.00079701266286957839,,-0.0014022092919952489,-0.0046060934400576903,,-0.0097003501447680551,-0.00099147698335269596,,-0.001705878645305442,-0.0054031061029272687,,-0.011102559436763304
mature_2024,254,0.16502410907312537,,0.24738503112527344,0.16082664293752069,,0.2384449376085892,0.16067658496082451,,0.23827405248737055,0.1597486939297863,,0.23660732918278388,-0.0041974661356046772,,-0.0089400935166842332,-0.00015005797669617738,,-0.00017088512121865573,-0.0009278910310382138,,-0.0016667233045866703,-0.0043475241123008546,,-0.009110978637902889,-0.0010779490077343912,,-0.001837608425805326,-0.0052754151433390684,,-0.010777701942489559
mature_2024,255,0.16491227933249289,,0.24786358416769472,0.16075476898243427,,0.23895241818319665,0.16063118009848293,,0.23867072434248546,0.15967470709115891,,0.23724915096930807,-0.0041575103500586241,,-0.0089111659844980651,-0.0001235888839513366,,-0.00028169384071119463,-0.00095647300732401574,,-0.0014215733731773872,-0.0042810992340099607,,-0.0091928598252092597,-0.0010800618912753523,,-0.0017032672138885818,-0.0052375722413339765,,-0.010614433198386647
mature_2024,256,0.16373802755416009,,0.24788645594193798,0.15927377729005746,,0.23846483606777358,0.15914720217154329,,0.23831594826974184,0.15808821508427606,,0.23670579873519421,-0.0044642502641026316,,-0.0094216198741643997,-0.00012657511851416059,,-0.00014888779803173824,-0.0010589870872672325,,-0.0016101495345476335,-0.0045908253826167922,,-0.009570507672196138,-0.001185562205781393,,-0.0017590373325793718,-0.0056498124698840246,,-0.011180657206743772
mature_2024,257,0.16364271178012466,,0.24741599033229383,0.15926504647045747,,0.23832367614119943,0.15908208059318868,,0.23801126255857732,0.1581879703865208,,0.23656460362071574,-0.0043776653096671836,,-0.0090923141910944083,-0.00018296587726879254,,-0.00031241358262210084,-0.00089411020666788077,,-0.0014466589378615835,-0.0045606311869359761,,-0.0094047277737165091,-0.0010770760839366733,,-0.0017590725204836843,-0.0054547413936038569,,-0.010851386711578093
mature_2024,258,0.16439585802892712,,0.24776429095451369,0.16023926644548644,,0.23888455505932213,0.16001796324576809,,0.23851338205429695,0.15903269755348801,,0.23695221873497929,-0.0041565915834406719,,-0.0088797358951915595,-0.00022130319971835899,,-0.00037117300502517714,-0.00098526569228007954,,-0.0015611633193176599,-0.0043778947831590309,,-0.0092509089002167366,-0.0012065688919984385,,-0.0019323363243428371,-0.0053631604754391105,,-0.010812072219534397
mature_2024,259,0.16490819436608034,,0.24762345871984975,0.16107534584763639,,0.23950282506286649,0.16092460307923451,,0.23928095908394695,0.15997318560519033,,0.23761196834175505,-0.0038328485184439542,,-0.0081206336569832616,-0.00015074276840187917,,-0.00022186597891954429,-0.00095141747404417498,,-0.0016689907421919004,-0.0039835912868458334,,-0.0083424996359028059,-0.0011021602424460542,,-0.0018908567211114446,-0.0049350087608900084,,-0.010011490378094706
mature_2024,260,0.16377170900242252,,0.24724284185012019,0.15951659664564249,,0.23804506719102481,0.15936107556106358,,0.23781130313443435,0.15790005084946132,,0.23563014494312912,-0.0042551123567800275,,-0.0091977746590953813,-0.000155521084578919,,-0.00023376405659045196,-0.0014610247116022546,,-0.002181158191305238,-0.0044106334413589465,,-0.0094315387156858332,-0.0016165457961811736,,-0.00241492224789569,-0.0058716581529612011,,-0.011612696906991071
mature_2024,261,0.16301864319152742,,0.24807716460033094,0.15930509730289219,,0.24012525322908954,0.1591009494108328,,0.23984006001216718,0.15802289793994323,,0.23820461628301731,-0.0037135458886352335,,-0.0079519113712414047,-0.00020414789205938644,,-0.00028519321692235811,-0.0010780514708895739,,-0.0016354437291498658,-0.0039176937806946199,,-0.0082371045881637628,-0.0012821993629489603,,-0.0019206369460722239,-0.0049957452515841938,,-0.0098725483173136286
mature_2024,262,0.1646985597620535,,0.24745796264924536,0.16014467753741227,,0.23779867800727839,0.15989737236207724,,0.23741032601313469,0.1591740079126171,,0.23611815813097023,-0.0045538822246412314,,-0.0096592846419669698,-0.00024730517533502749,,-0.00038835199414369304,-0.00072336444946013989,,-0.0012921678821644633,-0.0048011873999762589,,-0.010047636636110663,-0.00097066962479516739,,-0.0016805198763081564,-0.0055245518494363988,,-0.011339804518275126
mature_2024,263,0.16378321394139753,,0.2476223260981521,0.15969657874609167,,0.23838074202728313,0.15957165973804807,,0.23815376956670062,0.158385082145171,,0.23617684083397067,-0.0040866351953058599,,-0.0092415840708689745,-0.00012491900804359468,,-0.00022697246058250853,-0.001186577592877075,,-0.001976928732729949,-0.0042115542033494546,,-0.009468556531451483,-0.0013114966009206697,,-0.0022039011933124575,-0.0053981317962265296,,-0.011445485264181432
mature_2024,264,0.16110842345629292,,0.24758512555418272,0.15688439747120431,,0.23823257569308437,0.15672997730294536,,0.23810481447509824,0.15565747435727795,,0.23642720633903533,-0.0042240259850886142,,-0.0093525498610983471,-0.00015442016825895077,,-0.00012776121798613316,-0.0010725029456674084,,-0.001677608136062908,-0.0043784461533475649,,-0.0094803110790844802,-0.0012269231139263592,,-0.0018053693540490412,-0.0054509490990149734,,-0.011157919215147388
mature_2024,265,0.16472926014450051,,0.247750815512992,0.16033441697226947,,0.23827652444196853,0.1600879307711047,,0.2379556868195109,0.15889285109251292,,0.23626362897331921,-0.0043948431722310444,,-0.0094742910710234607,-0.00024648620116476949,,-0.00032083762245763148,-0.0011950796785917817,,-0.0016920578461916969,-0.0046413293733958139,,-0.0097951286934810922,-0.0014415658797565511,,-0.0020128954686493283,-0.0058364090519875955,,-0.011487186539672789
mature_2024,266,0.16431180496822803,,0.24776714790762652,0.15970732338131788,,0.23803837631115762,0.15953727327992923,,0.23775650380995134,0.15839751292391108,,0.23596591049322571,-0.004604481586910153,,-0.0097287715964688992,-0.0001700501013886524,,-0.00028187250120628726,-0.0011397603560181491,,-0.0017905933167256249,-0.0047745316882988054,,-0.010010644097675186,-0.0013098104574068015,,-0.0020724658179319122,-0.0059142920443169544,,-0.011801237414400811
mature_2024,267,0.16435033067218571,,0.24778995269584772,0.16011483973069138,,0.23866521529769727,0.1598662012515209,,0.23831986651532563,0.15870357404754859,,0.23630795746661576,-0.0042354909414943354,,-0.0091247373981504509,-0.00024863847917047655,,-0.00034534878237163502,-0.0011626272039723107,,-0.0020119090487098756,-0.0044841294206648119,,-0.009470086180522086,-0.0014112656831427872,,-0.0023572578310815107,-0.0056467566246371226,,-0.011481995229231962
mature_2024,268,0.16346482453594949,,0.24748862104012515,0.15932508112513791,,0.23857236804481383,0.15901885494521273,,0.23816400763353321,0.15834979607277266,,0.2370601022362584,-0.0041397434108115805,,-0.008916252995311319,-0.00030622617992517864,,-0.00040836041128061717,-0.00066905887244006479,,-0.0011039053972748125,-0.0044459695907367591,,-0.0093246134065919362,-0.00097528505236524343,,-0.0015122658085554297,-0.0051150284631768239,,-0.010428518803866749
mature_2024,269,0.16403822731655601,,0.24776103074252134,0.1593983323987988,,0.23800180413126323,0.15922282414982444,,0.23765800125439682,0.15819611642898904,,0.23579954546286094,-0.0046398949177572091,,-0.0097592266112581094,-0.00017550824897435979,,-0.00034380287686641697,-0.001026707720835407,,-0.0018584557915358735,-0.0048154031667315689,,-0.010103029488124526,-0.0012022159698097667,,-0.0022022586684022905,-0.0058421108875669758,,-0.0119614852796604
mature_2024,270,0.16371026101305014,,0.24761705144208629,0.15943999788952856,,0.23842303946003118,0.15939022772162612,,0.23841973886188011,0.1583245578055705,,0.23679601986079818,-0.0042702631235215782,,-0.0091940119820551058,-4.9770167902446483e-05,,-3.3005981510680904e-06,-0.0010656699160556116,,-0.0016237190010819358,-0.0043200332914240247,,-0.0091973125802061739,-0.001115440083958058,,-0.0016270195992330039,-0.0053857032074796363,,-0.01082103158128811
mature_2024,271,0.16413408225049889,,0.24788148148964489,0.15997108478971001,,0.23900215697711499,0.15974528073444894,,0.23859126369569397,0.1587667017705349,,0.23710977084905663,-0.0041629974607888809,,-0.0088793245125299014,-0.00022580405526106961,,-0.00041089328142102088,-0.00097857896391403965,,-0.0014814928466373445,-0.0043888015160499505,,-0.0092902177939509223,-0.0012043830191751093,,-0.0018923861280583654,-0.0053673804799639901,,-0.010771710640588267
mature_2024,272,0.16418489853285007,,0.24815135690689602,0.15967732949151009,,0.23881325437724393,0.1596188704349828,,0.23870887097809285,0.15866560951689276,,0.23732198601645799,-0.004507569041339976,,-0.009338102529652087,-5.8459056527293551e-05,,-0.00010438339915108674,-0.00095326091809003199,,-0.00138688496163486,-0.0045660280978672696,,-0.0094424859288031737,-0.0010117199746173255,,-0.0014912683607859467,-0.0055192890159573016,,-0.010829370890438034
mature_2024,273,0.16469339034439107,,0.24793967731273597,0.16043015732300267,,0.23886653593605323,0.16012076587757573,,0.23834111663795743,0.15895688681963929,,0.23643647884059554,-0.0042632330213883962,,-0.0090731413766827473,-0.00030939144542693753,,-0.00052541929809579724,-0.00116387905793644,,-0.0019046377973618855,-0.0045726244668153337,,-0.0095985606747785446,-0.0014732705033633775,,-0.0024300570954576828,-0.0057365035247517737,,-0.01150319847214043
mature_2024,274,0.1653379528212231,,0.24730411542702541,0.16113834425020318,,0.23813722663886239,0.16096773268812065,,0.23792705350297028,0.15966607345402842,,0.23567516028606603,-0.0041996085710199194,,-0.009166888788163019,-0.00017061156208253436,,-0.00021017313589211106,-0.0013016592340922284,,-0.0022518932169042494,-0.0043702201331024537,,-0.0093770619240551301,-0.0014722707961747628,,-0.0024620663527963604,-0.0056718793671946821,,-0.011628955140959379
mature_2024,275,0.16494550327474722,,0.24742772212312952,0.16064426378617797,,0.23889612618491882,0.16049966250670181,,0.23863247234860657,0.15952116514089115,,0.23706304040359955,-0.0043012394885692529,,-0.0085315959382107065,-0.00014460127947615864,,-0.00026365383631224426,-0.00097849736581065438,,-0.0015694319450070271,-0.0044458407680454115,,-0.0087952497745229508,-0.001123098645286813,,-0.0018330857813192714,-0.0054243381338560659,,-0.010364681719529978
mature_2024,276,0.16459393861582805,,0.24791575651665884,0.16019582417830075,,0.23859651496825945,0.16004416173698219,,0.2382320240195307,0.15906104755465009,,0.23675742655645993,-0.0043981144375273007,,-0.0093192415483993873,-0.00015166244131856188,,-0.00036449094872875731,-0.00098311418233210102,,-0.0014745974630707703,-0.0045497768788458626,,-0.0096837324971281447,-0.0011347766236506629,,-0.0018390884117995276,-0.0055328910611779636,,-0.011158329960198915
mature_2024,277,0.16420945214073679,,0.2480134917925258,0.15983803082720321,,0.2389415516515814,0.15969041670758904,,0.2387610601210608,0.15885475855675998,,0.23745262238025333,-0.0043714213135335744,,-0.0090719401409443956,-0.00014761411961417004,,-0.00018049153052060452,-0.00083565815082906059,,-0.0013084377408074666,-0.0045190354331477445,,-0.0092524316714650001,-0.00098327227044323062,,-0.0014889292713280711,-0.0053546935839768051,,-0.010560869412272467
mature_2024,278,0.16374132773288944,,0.24790665927025402,0.15989557727796178,,0.23942355292414866,0.15966833831096855,,0.23909158265454059,0.1586602602313667,,0.23724022433534372,-0.00384575045492766,,-0.0084831063461053569,-0.00022723896699322621,,-0.00033197026960807285,-0.0010080780796018485,,-0.0018513583191968608,-0.0040729894219208862,,-0.0088150766157134297,-0.0012353170465950747,,-0.0021833285888049336,-0.0050810675015227347,,-0.01066643493491029
mature_2024,279,0.16379851320138494,,0.24780475941302593,0.15962385813806856,,0.23901979796569298,0.1594778707192005,,0.23882271772764327,0.15844329214449226,,0.23698249038274721,-0.0041746550633163793,,-0.0087849614473329563,-0.00014598741886806543,,-0.0001970802380497072,-0.0010345785747082337,,-0.001840227344896056,-0.0043206424821844447,,-0.0089820416853826635,-0.0011805659935762991,,-0.0020373075829457632,-0.0053552210568926784,,-0.010822269030278719
mature_2024,280,0.16324501192564281,,0.24802552313272841,0.15888267952995655,,0.23868795950127264,0.15874893881029328,,0.23847741971587108,0.15809860936925277,,0.23744010762962059,-0.0043623323956862581,,-0.0093375636314557697,-0.00013374071966326673,,-0.00021053978540155893,-0.00065032944104051471,,-0.0010373120862504914,-0.0044960731153495248,,-0.0095481034168573287,-0.00078407016070378144,,-0.0012478518716520504,-0.0051464025563900395,,-0.01058541550310782
mature_2024,281,0.16561641712481467,,0.24771519178357171,0.16135812108420772,,0.23845912529938784,0.16122665506236364,,0.23818532746200244,0.16011877199530267,,0.23645725025470779,-0.004258296040606957,,-0.0092560664841838669,-0.00013146602184407885,,-0.00027379783738540331,-0.0011078830670609718,,-0.0017280772072946482,-0.0043897620624510358,,-0.0095298643215692702,-0.0012393490889050507,,-0.0020018750446800515,-0.0054976451295120077,,-0.011257941528863918
mature_2024,282,0.16363858734351375,,0.2469863891871856,0.15943526483127143,,0.23831737644673434,0.15943084807152202,,0.23832489693119838,0.15849780286359832,,0.23668271237707458,-0.0042033225122423135,,-0.0086690127404512596,-4.4167597494093602e-06,,7.5204844640353041e-06,-0.00093304520792369949,,-0.0016421845541237934,-0.0042077392719917228,,-0.0086614922559872243,-0.00093746196767310885,,-0.0016346640696597581,-0.0051407844799154223,,-0.010303676810111018
mature_2024,283,0.1641030366513915,,0.24715440303001204,0.1600895206821675,,0.23841793916657941,0.1599569930990101,,0.23817918369834645,0.15859002067301506,,0.23623456771527673,-0.0040135159692240019,,-0.0087364638634326308,-0.00013252758315740465,,-0.00023875546823295957,-0.0013669724259950389,,-0.0019446159830697196,-0.0041460435523814065,,-0.0089752193316655904,-0.0014995000091524435,,-0.0021833714513026792,-0.0055130159783764454,,-0.01091983531473531
mature_2024,284,0.16487150656074853,,0.24745284193814487,0.16047351153971642,,0.23825587133035547,0.16035723242132788,,0.2379774618215886,0.15931233276847226,,0.23643596903275629,-0.0043979950210321084,,-0.0091969706077894009,-0.00011627911838854588,,-0.00027840950876686921,-0.0010448996528556187,,-0.0015414927888323104,-0.0045142741394206543,,-0.0094753801165562701,-0.0011611787712441646,,-0.0018199022975991797,-0.005559173792276273,,-0.011016872905388581
mature_2024,285,0.16271287817952845,,0.24789709130815843,0.1584926434508401,,0.23861866763076947,0.15836091252780327,,0.23847339665303346,0.1574938547553858,,0.23706006745689065,-0.004220234728688349,,-0.0092784236773889583,-0.00013173092303683798,,-0.00014527097773600617,-0.00086705777241746773,,-0.0014133291961428152,-0.004351965651725187,,-0.0094236946551249645,-0.00099878869545430571,,-0.0015586001738788213,-0.0052190234241426547,,-0.01083702385126778
mature_2024,286,0.16241430940327203,,0.24743158400503537,0.15800315107769694,,0.23789233522223222,0.1577855783584938,,0.23762076194599194,0.15683246338077189,,0.23632589993206979,-0.004411158325575093,,-0.0095392487828031558,-0.0002175727192031407,,-0.00027157327624027783,-0.00095311497772190834,,-0.0012948620139221489,-0.0046287310447782337,,-0.0098108220590434336,-0.001170687696925049,,-0.0015664352901624268,-0.0055818460225001421,,-0.011105684072965583
mature_2024,287,0.16516998458870022,,0.24830830897212094,0.16103100118850261,,0.23942749319052076,0.1608871277071442,,0.23917044137631968,0.15968555539228557,,0.23718712776617479,-0.00413898340019761,,-0.0088808157816001876,-0.00014387348135841416,,-0.00025705181420107581,-0.0012015723148586233,,-0.0019833136101448934,-0.0042828568815560242,,-0.0091378675958012634,-0.0013454457962170374,,-0.0022403654243459692,-0.0054844291964146474,,-0.011121181205946157
mature_2024,288,0.16270079754455663,,0.24755201034763163,0.15838034708683971,,0.23853114175697032,0.15829683770227479,,0.23838147213593397,0.15716072819970225,,0.23655136175392633,-0.0043204504577169234,,-0.0090208685906613129,-8.3509384564917077e-05,,-0.0001496696210363524,-0.0011361095025725354,,-0.0018301103820076436,-0.0044039598422818405,,-0.0091705382116976653,-0.0012196188871374525,,-0.001979780003043996,-0.0055400693448543759,,-0.011000648593705309
mature_2024,289,0.16567246120926268,,0.24760863005915043,0.16178154922864285,,0.23937358767576844,0.1615520919003908,,0.23910667248439271,0.16012650111597229,,0.23700463156023907,-0.0038909119806198322,,-0.0082350423833819908,-0.00022945732825205289,,-0.00026691519137572728,-0.0014255907844185067,,-0.002102040924153642,-0.0041203693088718851,,-0.0085019575747577181,-0.0016550481126705596,,-0.0023689561155293692,-0.0055459600932903919,,-0.01060399849891136
mature_2024,290,0.16489450279069964,,0.24768260500120218,0.16088839437272676,,0.23891461695787755,0.16076660608909557,,0.23872858212746836,0.15955820797869735,,0.23735626182037622,-0.0040061084179728867,,-0.008767988043324626,-0.00012178828363118566,,-0.00018603483040918745,-0.0012083981103982178,,-0.0013723203070921397,-0.0041278967016040724,,-0.0089540228737338134,-0.0013301863940294034,,-0.0015583551375013271,-0.0053362948120022902,,-0.010326343180825953
mature_2024,291,0.16362663365752547,,0.2473719835891488,0.15925447835179388,,0.23816100964052489,0.1591440323791796,,0.23805055949861775,0.15794524296211401,,0.23639849551753403,-0.0043721553057315954,,-0.0092109739486239128,-0.00011044597261428146,,-0.00011045014190713687,-0.0011987894170655822,,-0.0016520639810837234,-0.0044826012783458768,,-0.0093214240905310497,-0.0013092353896798636,,-0.0017625141229908603,-0.005681390695411459,,-0.010973488071614773
mature_2024,292,0.16317883098753744,,0.24751795764919465,0.15912422972220891,,0.23879137125062594,0.15891891787202195,,0.23856653068939349,0.15786477287583997,,0.23702601683937263,-0.0040546012653285279,,-0.0087265863985687142,-0.00020531185018696219,,-0.00022484056123245333,-0.0010541449961819771,,-0.0015405138500208526,-0.0042599131155154901,,-0.0089514269598011675,-0.0012594568463689393,,-0.0017653544112533059,-0.0053140581116974672,,-0.01049194080982202
mature_2024,293,0.16586983404708741,,0.2474883973068577,0.16169823041569203,,0.23845080182573636,0.16151506856517717,,0.23811693272561987,0.16034979826298759,,0.23643087480727876,-0.0041716036313953764,,-0.0090375954811213466,-0.000183161850514868,,-0.00033386910011648507,-0.0011652703021895749,,-0.0016860579183411162,-0.0043547654819102444,,-0.0093714645812378317,-0.0013484321527044429,,-0.0020199270184576013,-0.0055200357840998193,,-0.011057522499578948
mature_2024,294,0.16366895453987734,,0.24722625599219497,0.15977209608793239,,0.23884732837755307,0.15958766622381199,,0.23859911253874624,0.15821949963294824,,0.23642250814391794,-0.0038968584519449567,,-0.0083789276146419012,-0.00018442986412040008,,-0.00024821583880682563,-0.0013681665908637508,,-0.0021766043948283076,-0.0040812883160653568,,-0.0086271434534487268,-0.0015525964549841509,,-0.0024248202336351332,-0.0054494549069291076,,-0.010803747848277034
mature_2024,295,0.16326640773759235,,0.24825014514100865,0.15861760211688405,,0.23874436947151553,0.15857013128284222,,0.23868385266539566,0.15746315465498814,,0.23716903819542848,-0.0046488056207082962,,-0.0095057756694931217,-4.7470834041829502e-05,,-6.0516806119875755e-05,-0.0011069766278540838,,-0.0015148144699671795,-0.0046962764547501257,,-0.0095662924756129974,-0.0011544474618959133,,-0.0015753312760870553,-0.0058032530826042095,,-0.011081106945580177
mature_2024,296,0.16545567462874525,,0.24790486662493355,0.16140451423280611,,0.23927862417845186,0.16127808175972147,,0.23917245564279316,0.16016224379290991,,0.23755169506113541,-0.0040511603959391407,,-0.0086262424464816911,-0.00012643247308463668,,-0.00010616853565870166,-0.0011158379668115559,,-0.0016207605816577486,-0.0041775928690237774,,-0.0087324109821403928,-0.0012422704398961926,,-0.0017269291173164503,-0.0052934308358353332,,-0.010353171563798141
mature_2024,297,0.16344398599560894,,0.24730506235087676,0.15888226347606205,,0.23787355633073909,0.15873601948512781,,0.23769434228171335,0.1576770808186298,,0.23582203857066794,-0.0045617225195468958,,-0.0094315060201376755,-0.00014624399093424167,,-0.00017921404902573879,-0.0010589386664980049,,-0.0018723037110454088,-0.0047079665104811375,,-0.0096107200691634143,-0.0012051826574322466,,-0.0020515177600711476,-0.0057669051769791424,,-0.011483023780208823
mature_2024,298,0.16400934138978338,,0.24753616286269287,0.16041856837917146,,0.23941179490215198,0.16020938169434792,,0.23902469050216404,0.15893967850547572,,0.23698364984304995,-0.0035907730106119196,,-0.0081243679605408903,-0.00020918668482353131,,-0.00038710439998793089,-0.0012697031888722066,,-0.0020410406591140906,-0.0037999596954354509,,-0.0085114723605288212,-0.0014788898736957379,,-0.0024281450591020215,-0.0050696628843076574,,-0.010552513019642912
mature_2024,299,0.16460952548616942,,0.2476465643594937,0.16019927282481694,,0.2379560798440028,0.15993137668625496,,0.23756312782534977,0.15858378605720946,,0.23536628832398337,-0.0044102526613524762,,-0.0096904845154908992,-0.00026789613856198491,,-0.00039295201865302554,-0.001347590629045492,,-0.0021968395013663988,-0.0046781487999144611,,-0.010083436534143925,-0.0016154867676074769,,-0.0025897915200194244,-0.0060257394289599531,,-0.012280276035510324
mature_2024,300,0.1643639302335729,,0.24769378242357379,0.15984845590255664,,0.23809647065164385,0.15959672905655231,,0.23775259362018605,0.15871505541976125,,0.23608402006644774,-0.0045154743310162615,,-0.0095973117719299339,-0.00025172684600432982,,-0.00034387703145780102,-0.00088167363679106381,,-0.0016685735537383117,-0.0047672011770205913,,-0.0099411888033877349,-0.0011334004827953936,,-0.0020124505851961128,-0.0056488748138116551,,-0.011609762357126047
mature_2024,301,0.16510887752705938,,0.2476704281554365,0.16122733753637772,,0.23923977044885758,0.16105203624542058,,0.23890276293430651,0.15971573036853728,,0.23661013801288042,-0.003881539990681665,,-0.0084306577065789146,-0.00017530129095713609,,-0.0003370075145510687,-0.001336305876883298,,-0.0022926249214260952,-0.0040568412816388011,,-0.0087676652211299833,-0.0015116071678404341,,-0.0026296324359771639,-0.0053931471585220991,,-0.011060290142556078
mature_2024,302,0.16455027478973633,,0.24808626075829868,0.16029610484386575,,0.23925099992010906,0.16013779246072121,,0.23902668985543457,0.15911257924132155,,0.237227857964667,-0.0042541699458705784,,-0.0088352608381896125,-0.00015831238314453766,,-0.00022431006467449333,-0.0010252132193996621,,-0.0017988318907675716,-0.0044124823290151161,,-0.0090595709028641058,-0.0011835256025441998,,-0.0020231419554420649,-0.0054376955484147782,,-0.010858402793631677
mature_2024,303,0.16563942588857672,,0.24752503487388736,0.16158824634660768,,0.23878147805684116,0.16137529304410192,,0.23841242200111221,0.16008522941006767,,0.23626756917945907,-0.0040511795419690411,,-0.0087435568170461941,-0.00021295330250575839,,-0.00036905605572895572,-0.0012900636340342497,,-0.0021448528216531371,-0.0042641328444747995,,-0.0091126128727751499,-0.0015030169365400081,,-0.0025139088773820928,-0.0055541964785090492,,-0.011257465694428287
mature_2024,304,0.16328665837112902,,0.24781576417983028,0.15940646124296765,,0.23921938053831132,0.15920950731558586,,0.23895053049351506,0.1578609767671949,,0.23675639231677681,-0.0038801971281613723,,-0.0085963836415189621,-0.00019695392738178219,,-0.00026885004479626495,-0.0013485305483909582,,-0.0021941381767382473,-0.0040771510555431545,,-0.008865233686315227,-0.0015454844757727404,,-0.0024629882215345122,-0.0054256816039341127,,-0.011059371863053474
mature_2024,305,0.16288896264595912,,0.24742790586908076,0.15857771879847554,,0.23815585361136701,0.15844906274751444,,0.23790254521394852,0.15735671229873338,,0.2363444319853272,-0.0043112438474835757,,-0.0092720522577137421,-0.00012865605096110122,,-0.00025330839741849465,-0.0010923504487810598,,-0.0015581132286213162,-0.0044398998984446769,,-0.0095253606551322367,-0.001221006499742161,,-0.0018114216260398108,-0.0055322503472257367,,-0.011083473883753553
mature_2024,306,0.16408374308956336,,0.24824807505484428,0.16013994679529467,,0.23975504268450668,0.15991962878030877,,0.23945054323060944,0.15919225820617061,,0.23827456595032004,-0.0039437962942686922,,-0.0084930323703376054,-0.00022031801498589854,,-0.00030449945389723898,-0.00072737057413815864,,-0.0011759772802893975,-0.0041641143092545907,,-0.0087975318242348444,-0.00094768858912405718,,-0.0014804767341866365,-0.0048914848833927493,,-0.0099735091045242419
mature_2024,307,0.16357664185244333,,0.24784038718203438,0.15951150653625698,,0.23903048010066621,0.15930080237157146,,0.23870576379058658,0.15822231625179384,,0.23683346908378347,-0.0040651353161863524,,-0.0088099070813681679,-0.00021070416468552122,,-0.00032471631007963131,-0.0010784861197776219,,-0.0018722947068031126,-0.0042758394808718736,,-0.0091346233914477992,-0.0012891902844631431,,-0.0021970110168827439,-0.0053543256006494955,,-0.011006918098250912
mature_2024,308,0.16392536460928545,,0.24719376103646218,0.15959636996841711,,0.23806634591150391,0.15941964209316084,,0.237846104691356,0.15826330036211056,,0.23605666611231749,-0.0043289946408683333,,-0.0091274151249582658,-0.00017672787525627176,,-0.00022024122014790981,-0.001156341731050281,,-0.0017894385790385159,-0.0045057225161246051,,-0.0093476563451061756,-0.0013330696063065528,,-0.0020096797991864257,-0.0056620642471748861,,-0.011137094924144691
mature_2024,309,0.16434106074389984,,0.24767600302366355,0.16051434179404547,,0.23950591466600554,0.16035791793282009,,0.23927400795695233,0.15915868649242271,,0.23736003097394243,-0.0038267189498543686,,-0.0081700883576580063,-0.00015642386122538543,,-0.00023190670905320898,-0.0011992314403973803,,-0.0019139769830099074,-0.003983142811079754,,-0.0084019950667112153,-0.0013556553016227657,,-0.0021458836920631164,-0.0051823742514771343,,-0.010315972049721123
mature_2024,310,0.16493263803065608,,0.24768425363806582,0.16058028261436233,,0.23870950780652661,0.16043556846257953,,0.23852467946361122,0.1594065014469605,,0.23677682779498682,-0.0043523554162937517,,-0.0089747458315392048,-0.00014471415178279878,,-0.00018482834291538852,-0.0010290670156190285,,-0.0017478516686244006,-0.0044970695680765504,,-0.0091595741744545933,-0.0011737811674018273,,-0.0019326800115397891,-0.0055261365836955789,,-0.010907425843078994
mature_2024,311,0.16514759232756746,,0.24752283061446251,0.16084811768192347,,0.23803629543262614,0.16071435228001923,,0.23781403073933488,0.15989521871955034,,0.23664655775005677,-0.0042994746456439803,,-0.0094865351818363697,-0.00013376540190424002,,-0.00022226469329125753,-0.00081913356046889318,,-0.0011674729892781066,-0.0044332400475482203,,-0.0097087998751276272,-0.00095289896237313321,,-0.0013897376825693641,-0.0052523736080171135,,-0.010876272864405734
mature_2024,312,0.16414401238325368,,0.24773750466624145,0.15982005733353996,,0.23819891621198455,0.15969779451331631,,0.23802098459972637,0.15868966458058684,,0.23639261075097376,-0.0043239550497137236,,-0.0095385884542568966,-0.00012226282022365087,,-0.00017793161225818088,-0.0010081299327294735,,-0.0016283738487526123,-0.0044462178699373744,,-0.0097165200665150775,-0.0011303927529531244,,-0.0018063054610107931,-0.0054543478026668479,,-0.01134489391526769
mature_2024,313,0.16491619525885173,,0.24706997161689484,0.1609140308923096,,0.23833402885040689,0.16082153092425822,,0.23821287883185874,0.15993022492714845,,0.23666158033520046,-0.0040021643665421325,,-0.008735942766487953,-9.249996805138494e-05,,-0.00012115001854814955,-0.00089130599710976477,,-0.0015512984966582766,-0.0040946643345935174,,-0.0088570927850361025,-0.00098380596516114971,,-0.0016724485152064261,-0.0049859703317032822,,-0.010408391281694379
mature_2024,314,0.16547218793819762,,0.24791560803019327,0.16151471497597844,,0.23917161798998096,0.1613414857301505,,0.23893110864701023,0.16072786948687867,,0.23832328690492133,-0.0039574729622191829,,-0.0087439900402123127,-0.00017322924582793831,,-0.00024050934297073501,-0.00061361624327183062,,-0.00060782174208889872,-0.0041307022080471212,,-0.0089844993831830477,-0.00078684548909976892,,-0.00084833108505963373,-0.0047443184513189518,,-0.0095923211252719465
mature_2024,315,0.16318621726859839,,0.24718772404923081,0.15852880740463082,,0.23739516392700807,0.15837573739150079,,0.23713638274712809,0.15730944647951542,,0.23508906134408356,-0.0046574098639675654,,-0.0097925601222227376,-0.00015307001313002999,,-0.0002587811798799855,-0.0010662909119853736,,-0.002047321403044533,-0.0048104798770975954,,-0.010051341302102723,-0.0012193609251154036,,-0.0023061025829245185,-0.005876770789082969,,-0.012098662705147256
mature_2024,316,0.16563259444519549,,0.24780541501121225,0.16152121467859046,,0.23891571813300055,0.16135710384646343,,0.23867395883782791,0.16035292040364438,,0.23729185969282734,-0.0041113797666050278,,-0.0088896968782117003,-0.00016411083212702904,,-0.00024175929517264438,-0.001004183442819051,,-0.0013820991450005649,-0.0042754905987320568,,-0.0091314561733843447,-0.0011682942749460801,,-0.0016238584401732092,-0.0052796740415511079,,-0.01051355531838491
mature_2024,317,0.16324829551659142,,0.24768668989560214,0.15903013544233305,,0.23881486435432439,0.15884536734260216,,0.23855861624447514,0.1579666161689269,,0.23709060757408923,-0.0042181600742583758,,-0.0088718255412777447,-0.00018476809973089203,,-0.00025624810984925528,-0.0008787511736752518,,-0.0014680086703859063,-0.0044029281739892678,,-0.009128073651127,-0.0010635192734061438,,-0.0017242567802351616,-0.0052816793476645196,,-0.010596082321512906
mature_2024,318,0.16570365741501322,,0.24778264792297394,0.16155995482589866,,0.23865636832784415,0.16144791821365811,,0.23850185610820848,0.16032934555966066,,0.23690794316705671,-0.0041437025891145618,,-0.0091262795951297937,-0.00011203661224054584,,-0.0001545122196356663,-0.0011185726539974516,,-0.0015939129411517705,-0.0042557392013551076,,-0.00928079181476546,-0.0012306092662379975,,-0.0017484251607874368,-0.0053743118553525593,,-0.010874704755917231
mature_2024,319,0.16273916159158705,,0.24705574594230725,0.15819186196289131,,0.23775286170151835,0.15799691829586598,,0.23742056397666875,0.15661161478164964,,0.2352695926582489,-0.004547299628695739,,-0.0093028842407889001,-0.00019494366702532684,,-0.00033229772484960618,-0.0013853035142163406,,-0.0021509713184198476,-0.0047422432957210658,,-0.0096351819656385063,-0.0015802471812416674,,-0.0024832690432694537,-0.0061275468099374064,,-0.011786153284058354
mature_2024,320,0.16470036178538186,,0.24756353033084788,0.16102796655555063,,0.23957243499293532,0.16096587807477847,,0.23956041469142406,0.15959741465838403,,0.23742922868694233,-0.0036723952298312323,,-0.0079910953379125627,-6.2088480772160004e-05,,-1.2020301511261877e-05,-0.0013684634163944331,,-0.0021311860044817277,-0.0037344837106033923,,-0.0080031156394238245,-0.0014305518971665931,,-0.0021432063059929896,-0.0051029471269978255,,-0.010134301643905552
mature_2024,321,0.16386779818472008,,0.24775451468836945,0.1594495149831798,,0.2386765808970237,0.15935868392856839,,0.23863764179231317,0.15840065261376821,,0.23699324789368681,-0.0044182832015402795,,-0.0090779337913457492,-9.0831054611412165e-05,,-3.8939104710533634e-05,-0.000958031314800184,,-0.0016443938986263618,-0.0045091142561516917,,-0.0091168728960562828,-0.0010488623694115962,,-0.0016833330033368954,-0.0054671455709518757,,-0.010761266794682645
mature_2024,322,0.16461542414596569,,0.24794704427897105,0.16014871293579017,,0.23860235501383756,0.15997864174561699,,0.23837035797372538,0.15901748354205064,,0.23677601440640555,-0.004466711210175528,,-0.0093446892651334879,-0.00017007119017317662,,-0.00023199704011217515,-0.00096115820356634796,,-0.0015943435673198281,-0.0046367824003487046,,-0.009576686305245663,-0.0011312293937395246,,-0.0018263406074320032,-0.0055979406039150525,,-0.011171029872565491
mature_2024,323,0.16488404429650777,,0.24764353500444727,0.16063153483596557,,0.23838124299613278,0.160480787082599,,0.23807840573079028,0.1594208297136479,,0.23668530847383878,-0.0042525094605422031,,-0.0092622920083144933,-0.0001507477533665702,,-0.00030283726534249822,-0.0010599573689510922,,-0.0013930972569514977,-0.0044032572139087733,,-0.0095651292736569915,-0.0012107051223176624,,-0.0016959345222939959,-0.0054632145828598655,,-0.010958226530608489
mature_2024,324,0.16510305081286439,,0.24750269405950476,0.1608123543104362,,0.23823611849818277,0.16059260749564913,,0.23793781603673878,0.15963785891585131,,0.23666485111696656,-0.0042906965024281929,,-0.009266575561321988,-0.00021974681478706404,,-0.00029830246144399442,-0.00095474857979782612,,-0.0012729649197722182,-0.0045104433172152569,,-0.0095648780227659824,-0.0011744953945848902,,-0.0015712673812162126,-0.0054651918970130831,,-0.010837842942538201
mature_2024,325,0.16569687422361429,,0.24795076325984455,0.16174398108103946,,0.23941564921665609,0.16160167817367702,,0.23917030657380237,0.1604997045928237,,0.23781119797776903,-0.0039528931425748259,,-0.0085351140431884631,-0.000142302907362446,,-0.0002453426428537242,-0.001101973580853316,,-0.0013591085960333316,-0.0040951960499372719,,-0.0087804566860421873,-0.001244276488215762,,-0.0016044512388870558,-0.0051971696307905879,,-0.010139565282075519
mature_2024,326,0.16623186923814415,,0.2481822440519475,0.16200810680162678,,0.23925308880961235,0.16178462707792729,,0.23896998806548664,0.16050547551016922,,0.2370395209444007,-0.0042237624365173698,,-0.0089291552423351461,-0.00022347972369948788,,-0.00028310074412571384,-0.0012791515677580689,,-0.0019304671210859381,-0.0044472421602168577,,-0.00921225598646086,-0.0015026312914575568,,-0.0022135678652116519,-0.0057263937279749266,,-0.011142723107546798
mature_2024,327,0.16260988719489833,,0.24759746677714917,0.1582472702004748,,0.23820809979485455,0.15805843087842045,,0.23795799011816374,0.15721757966694491,,0.23665937446425325,-0.0043626169944235293,,-0.0093893669822946169,-0.00018883932205435161,,-0.00025010967669081285,-0.0008408512114755351,,-0.0012986156539104843,-0.004551456316477881,,-0.0096394766589854297,-0.0010296905335298867,,-0.0015487253306012971,-0.0053923075279534161,,-0.010938092312895914
mature_2024,328,0.16475606175049951,,0.24722334447706609,0.16080695360654162,,0.23873361711149318,0.16073542843089184,,0.23857154533621952,0.1597477882300761,,0.23712886335118571,-0.0039491081439578801,,-0.0084897273655729077,-7.1525175649789219e-05,,-0.00016207177527366445,-0.000987640200815737,,-0.0014426819850338057,-0.0040206333196076693,,-0.0086517991408465722,-0.0010591653764655262,,-0.0016047537603074702,-0.0050082735204234063,,-0.010094481125880378
mature_2024,329,0.16330660208227551,,0.24764856376446553,0.158893314558917,,0.23796010712407081,0.1586964384529487,,0.23770435750734212,0.15769524731778739,,0.2363051268773633,-0.0044132875233585112,,-0.0096884566403947214,-0.00019687610596830218,,-0.00025574961672869545,-0.0010011911351613112,,-0.0013992306299788204,-0.0046101636293268133,,-0.0099442062571234169,-0.0011980672411296134,,-0.0016549802467075159,-0.0056113547644881245,,-0.011343436887102237
mature_2024,330,0.16468981927303147,,0.24709730048793616,0.16025139122232088,,0.23772417689032904,0.16009377493464644,,0.23749957196644508,0.15929055102766682,,0.23616097848659731,-0.0044384280507105967,,-0.0093731235976071137,-0.00015761628767443914,,-0.0002246049238839587,-0.00080322390697962209,,-0.0013385934798477717,-0.0045960443383850358,,-0.0095977285214910724,-0.00096084019465406123,,-0.0015631984037317304,-0.0053992682453646579,,-0.010936322001338844
mature_2024,331,0.16450833501185441,,0.24804799568110616,0.15980846515382463,,0.23831947191712821,0.15971620413226451,,0.23825641734445835,0.15854371205322926,,0.23641702685344471,-0.0046998698580297815,,-0.0097285237639779532,-9.2261021560124945e-05,,-6.3054572669862807e-05,-0.0011724920790352478,,-0.0018393904910136427,-0.0047921308795899065,,-0.009791578336647816,-0.0012647531005953727,,-0.0019024450636835055,-0.0059646229586251542,,-0.011630968827661459
mature_2024,332,0.1658892375501288,,0.24745431775301249,0.16124928660999086,,0.23812476517874748,0.16106175931624719,,0.23786683185663171,0.15990335666031527,,0.2361248392328304,-0.0046399509401379435,,-0.0093295525742650154,-0.00018752729374366117,,-0.00025793332211576647,-0.0011584026559319227,,-0.0017419926238013139,-0.0048274782338816047,,-0.0095874858963807819,-0.0013459299496755839,,-0.0019999259459170804,-0.0059858808898135274,,-0.011329478520182096
mature_2024,333,0.16467493068977171,,0.24809269870625603,0.16037204092337864,,0.23937284544660459,0.16028549643518891,,0.23917443162552005,0.15923242251425349,,0.23746813570732137,-0.0043028897663930643,,-0.0087198532596514389,-8.6544488189732593e-05,,-0.00019841382108454209,-0.0010530739209354267,,-0.0017062959181986803,-0.0043894342545827969,,-0.008918267080735981,-0.0011396184091251593,,-0.0019047097392832224,-0.0054425081755182236,,-0.010624562998934661
mature_2024,334,0.16379623022805856,,0.24783958324926061,0.15951020031169308,,0.2386451856076566,0.15938841904939113,,0.23851886463910152,0.15849743223294524,,0.23709932233167949,-0.0042860299163654803,,-0.009194397641604013,-0.00012178126230194541,,-0.00012632096855508257,-0.00089098681644589339,,-0.0014195423074220281,-0.0044078111786674257,,-0.0093207186101590955,-0.0010127680787478388,,-0.0015458632759771107,-0.0052987979951133191,,-0.010740260917581124
mature_2024,335,0.16449653301048578,,0.24751671903030079,0.1602394332685948,,0.23841470249447633,0.16011813476254674,,0.23822511971850424,0.15885180639830601,,0.23625375505454327,-0.0042570997418909795,,-0.0091020165358244587,-0.00012129850604805648,,-0.00018958277597208584,-0.0012663283642407319,,-0.0019713646639609728,-0.004378398247939036,,-0.0092915993117965445,-0.0013876268702887884,,-0.0021609474399330586,-0.0056447266121797679,,-0.011262963975757517
mature_2024,336,0.16585155874187707,,0.24727121043267408,0.16181766756733493,,0.23890553867904837,0.16182466358644915,,0.23900444662516371,0.16079142940682264,,0.23755249943286388,-0.0040338911745421424,,-0.0083656717536257086,6.9960191142193207e-06,,9.8907946115334155e-05,-0.0010332341796265021,,-0.0014519471922998239,-0.0040268951554279231,,-0.0082667638075103744,-0.0010262381605122828,,-0.0013530392461844898,-0.0050601293350544252,,-0.0097187109998101984
mature_2024,337,0.16464500583158984,,0.24783347898646474,0.16007086833331433,,0.2384670637556825,0.15985740978725732,,0.23819190921924319,0.1588822112654715,,0.23682084595385555,-0.0045741374982755101,,-0.0093664152307822435,-0.00021345854605700487,,-0.00027515453643930932,-0.00097519852178581945,,-0.0013710632653876342,-0.004787596044332515,,-0.0096415697672215528,-0.0011886570678428243,,-0.0016462178018269435,-0.0057627945661183344,,-0.011012633032609187
mature_2024,338,0.1630457969838667,,0.24752611254652784,0.15861378785185007,,0.2381781621434178,0.15838817022939916,,0.23779314322959844,0.15709536020289078,,0.23571322845444664,-0.0044320091320166344,,-0.0093479504031100391,-0.00022561762245090766,,-0.00038501891381936826,-0.0012928100265083842,,-0.0020799147751517921,-0.004657626754467542,,-0.0097329693169294074,-0.0015184276489592918,,-0.0024649336889711604,-0.0059504367809759262,,-0.011812884092081199
mature_2024,339,0.16575344413763818,,0.24814737178336688,0.16155855039414913,,0.23939464115140907,0.16137357396590712,,0.23910989801173416,0.1603127014539939,,0.23762743483299106,-0.0041948937434890532,,-0.0087527306319578058,-0.00018497642824200078,,-0.00028474313967491449,-0.0010608725119132245,,-0.0014824631787430931,-0.004379870171731054,,-0.0090374737716327203,-0.0012458489401552253,,-0.0017672063184180076,-0.0054407426836442785,,-0.010519936950375813
mature_2024,340,0.16521758436564249,,0.24822545840074473,0.16116649782544082,,0.23935284885234079,0.16099364594765886,,0.23912334401370938,0.16027525263699391,,0.23802584075329067,-0.0040510865402016705,,-0.0088726095484039369,-0.00017285187778195987,,-0.00022950483863140581,-0.00071839331066494982,,-0.001097503260418714,-0.0042239384179836303,,-0.0091021143870353427,-0.0008912451884469097,,-0.0013270080990501198,-0.0049423317286485802,,-0.010199617647454057
mature_2024,341,0.16253170264663,,0.24766459903256641,0.15856335998567872,,0.2391387679593871,0.15842182237990574,,0.23890773284967537,0.15739915528379775,,0.23733828787139052,-0.0039683426609512795,,-0.0085258310731793074,-0.00014153760577298446,,-0.00023103510971173025,-0.0010226670961079876,,-0.0015694449782848452,-0.004109880266724264,,-0.0087568661828910377,-0.001164204701880972,,-0.0018004800879965754,-0.0051325473628322515,,-0.010326311161175883
mature_2024,342,0.16444190154918992,,0.24775791456201299,0.15991873869426959,,0.23838760522747016,0.15967024539531463,,0.23802435516782003,0.1584865099226235,,0.23590735648535319,-0.0045231628549203262,,-0.0093703093345428312,-0.00024849329895496042,,-0.00036325005965012758,-0.0011837354726911276,,-0.0021169986824668419,-0.0047716561538752866,,-0.0097335593941929588,-0.001432228771646088,,-0.0024802487421169694,-0.0059553916265664142,,-0.011850558076659801
mature_2024,343,0.16410943555556515,,0.24805561448702784,0.1597701077741373,,0.23880352543703781,0.15941535389907691,,0.23825790492621124,0.15825983783575065,,0.23648136584605273,-0.004339327781427843,,-0.009252089049990031,-0.00035475387506039846,,-0.00054562051082657215,-0.0011555160633262562,,-0.0017765390801585124,-0.0046940816564882415,,-0.0097977095608166032,-0.0015102699383866547,,-0.0023221595909850845,-0.0058495977198144977,,-0.011574248640975116
mature_2024,344,0.16411124077145345,,0.24800670511890135,0.15981159039589848,,0.23878711380116455,0.15962747861840038,,0.23850984518562054,0.15867764829757941,,0.23696027980988743,-0.0042996503755549642,,-0.0092195913177368083,-0.00018411177749810825,,-0.00027726861554400184,-0.00094983032082096575,,-0.001549565375733114,-0.0044837621530530725,,-0.0094968599332808101,-0.001133942098319074,,-0.0018268339912771159,-0.0054335924738740382,,-0.011046425309013924
mature_2024,345,0.16481287206364822,,0.24782039495370847,0.16100754701412548,,0.23956114213194996,0.16095692146361687,,0.23946454784001722,0.15995289786389516,,0.23791046117433082,-0.0038053250495227453,,-0.008259252821758517,-5.0625550508609507e-05,,-9.6594291932733389e-05,-0.0010040235997217095,,-0.001554086665686405,-0.0038559506000313548,,-0.0083558471136912504,-0.001054649150230319,,-0.0016506809576191384,-0.0048599741997530643,,-0.0099099337793776554
mature_2024,346,0.16559049486857597,,0.24732817745672206,0.16163412864650117,,0.23887690598254072,0.16156685289722411,,0.23885646819648357,0.16004158491481069,,0.23615021438222616,-0.0039563662220747919,,-0.0084512714741813433,-6.7275749277062591e-05,,-2.0437786057148077e-05,-0.0015252679824134252,,-0.0027062538142574033,-0.0040236419713518545,,-0.0084717092602384914,-0.0015925437316904878,,-0.0027266916003145514,-0.0055489099537652797,,-0.011177963074495895
mature_2024,347,0.16365552528717656,,0.24741536195544264,0.15917566217933726,,0.23758296557234021,0.15895184940772938,,0.23728187400309189,0.15785485745957903,,0.23575076192237007,-0.0044798631078392936,,-0.0098323963831024319,-0.0002238127716078786,,-0.00030109156924831848,-0.0010969919481503554,,-0.0015311120807218193,-0.0047036758794471722,,-0.01013348795235075,-0.001320804719758234,,-0.0018322036499701377,-0.0058006678275975276,,-0.01166460003307257
mature_2024,348,0.16397683326670334,,0.24753228733989843,0.15953380191855637,,0.23806534433833507,0.15926006311832155,,0.23758124621609525,0.15820034098500688,,0.23612362126060321,-0.0044430313481469697,,-0.009466943001563366,-0.00027373880023481845,,-0.00048409812223981774,-0.0010597221333146778,,-0.0014576249554920373,-0.0047167701483817881,,-0.0099510411238031837,-0.0013334609335494962,,-0.001941723077731855,-0.0057764922816964659,,-0.011408666079295221
mature_2024,349,0.16419537331242368,,0.24746409315394263,0.16026934524234798,,0.23878028503180274,0.16003121253021463,,0.23842705788940194,0.15872340036024501,,0.2361577813253094,-0.0039260280700756933,,-0.0086838081221398966,-0.0002381327121333543,,-0.00035322714240079711,-0.0013078121699696132,,-0.0022692765640925372,-0.0041641607822090476,,-0.0090370352645406937,-0.0015459448821029675,,-0.0026225037064933343,-0.0054719729521786609,,-0.011306311828633231
mature_2024,350,0.16464203963459029,,0.24789053230554348,0.16005266101615642,,0.23829347048595712,0.15989107128648544,,0.23805584454546605,0.15863255123143871,,0.23654709149302872,-0.0045893786184338647,,-0.0095970618195863611,-0.00016158972967098006,,-0.00023762594049106522,-0.0012585200550467301,,-0.0015087530524373338,-0.0047509683481048448,,-0.0098346877600774263,-0.0014201097847177102,,-0.001746378992928399,-0.006009488403151575,,-0.01134344081251476
mature_2024,351,0.16565909193762715,,0.24772370594803597,0.16126537334904226,,0.23844510574245803,0.16107990674657763,,0.23814618257062667,0.16007863767727895,,0.23657276600570137,-0.0043937185885848939,,-0.0092786002055779415,-0.00018546660246462898,,-0.00029892317183136119,-0.001001269069298677,,-0.0015734165649252951,-0.0045791851910495229,,-0.0095775233774093027,-0.001186735671763306,,-0.0018723397367566563,-0.0055804542603481999,,-0.011150939942334598
mature_2024,352,0.16415314019079913,,0.24768791227332784,0.16038886854641352,,0.23934006268466271,0.16024317503730343,,0.23924322110103843,0.15917850479429846,,0.23740834130702168,-0.0037642716443856139,,-0.0083478495886651349,-0.00014569350911008971,,-9.6841583624274197e-05,-0.001064670243004967,,-0.0018348797940167527,-0.0039099651534957036,,-0.0084446911722894091,-0.0012103637521150568,,-0.0019317213776410269,-0.0049746353965006707,,-0.010279570966306162
mature_2024,353,0.16374152583765125,,0.2479150440796703,0.15931698830481619,,0.23875443463783233,0.15912335517927736,,0.23855171240308062,0.15844313239612365,,0.23760973270355806,-0.00442453753283506,,-0.0091606094418379691,-0.00019363312553882794,,-0.00020272223475170659,-0.00068022278315371665,,-0.00094197969952256044,-0.004618170658373888,,-0.0093633316765896757,-0.00087385590869254459,,-0.001144701934274267,-0.0052983934415276046,,-0.010305311376112236
mature_2024,354,0.16533390988538771,,0.24810212181056535,0.16106322740955981,,0.23925916504724903,0.16092817141350962,,0.23898675806412895,0.15996487800259146,,0.23766184614535099,-0.0042706824758279027,,-0.008842956763316312,-0.00013505599605018181,,-0.00027240698312008815,-0.00096329341091816456,,-0.0013249119187779546,-0.0044057384718780845,,-0.0091153637464364001,-0.0010983494069683464,,-0.0015973189018980427,-0.0053690318827962491,,-0.010440275665214355
mature_2024,355,0.16234873658509805,,0.24746155974289763,0.15802404947592066,,0.23804173432107525,0.15787275759092867,,0.23783514740255823,0.15682066072678397,,0.23587480515403589,-0.0043246871091773831,,-0.0094198254218223754,-0.0001512918849919942,,-0.00020658691851702105,-0.0010520968641447026,,-0.0019603422485223454,-0.0044759789941693773,,-0.0096264123403393964,-0.0012033887491366968,,-0.0021669291670393664,-0.0055280758583140799,,-0.011586754588861742
mature_2024,356,0.16544180687878324,,0.24808237389128979,0.16140918051508901,,0.23920740265066637,0.16125505884850486,,0.23904205348512961,0.16005215127131692,,0.23722695052880247,-0.004032626363694225,,-0.0088749712406234194,-0.00015412166658415605,,-0.00016534916553676005,-0.0012029075771879394,,-0.0018151029563271415,-0.004186748030278381,,-0.0090403204061601794,-0.0013570292437720954,,-0.0019804521218639015,-0.0053896556074663204,,-0.010855423362487321
mature_2024,357,0.16566190295564875,,0.24826532524107278,0.16108498100096347,,0.23859646225455114,0.16088868852601046,,0.23824044707097713,0.15959233663346306,,0.2364798568818747,-0.0045769219546852868,,-0.0096688629865216424,-0.00019629247495300817,,-0.00035601518357400441,-0.0012963518925473982,,-0.0017605901891024345,-0.004773214429638295,,-0.010024878170095647,-0.0014926443675004064,,-0.0021166053726764389,-0.0060695663221856933,,-0.011785468359198081
mature_2024,358,0.16234724638442241,,0.24770251645368963,0.1578347537402095,,0.23838839872069745,0.15764713497911684,,0.23803512986162148,0.15710222835450643,,0.23707975363432857,-0.0045124926442129121,,-0.0093141177329921776,-0.00018761876109266162,,-0.00035326885907596695,-0.00054490662461040285,,-0.00095537622729291449,-0.0047001114053055737,,-0.0096673865920681445,-0.00073252538570306447,,-0.0013086450863688814,-0.0052450180299159765,,-0.010622762819361059
mature_2024,359,0.16370365533082579,,0.24780260322966663,0.15935956169047535,,0.23850965373140576,0.15923040536011054,,0.23833440624886421,0.15830351192904388,,0.23695687387312619,-0.0043440936403504327,,-0.0092929494982608718,-0.00012915633036481022,,-0.00017524748254155176,-0.00092689343106666655,,-0.0013775323757380109,-0.0044732499707152429,,-0.0094681969808024236,-0.0010560497614314768,,-0.0015527798582795627,-0.0054001434017819094,,-0.010845729356540434
mature_2024,360,0.16430244993660043,,0.24769796809947203,0.16058209028097598,,0.2392724757318985,0.16052823719482281,,0.23918323676659672,0.15901707885354846,,0.2368531736629218,-0.00372035965562445,,-0.0084254923675735338,-5.3853086153160534e-05,,-8.9238965301774442e-05,-0.0015111583412743546,,-0.0023300631036749231,-0.0037742127417776106,,-0.0085147313328753083,-0.0015650114274275151,,-0.0024193020689766975,-0.0052853710830519651,,-0.010844794436550231
mature_2024,361,0.16382731400422387,,0.24778578729346018,0.15940785843702743,,0.23837345812398072,0.15918774845755121,,0.23807927301134699,0.15795237078157301,,0.23623911827331434,-0.0044194555671964453,,-0.0094123291694794553,-0.00022010997947621846,,-0.00029418511263373803,-0.0012353776759781998,,-0.0018401547380326455,-0.0046395655466726637,,-0.0097065142821131933,-0.0014554876554544183,,-0.0021343398506663835,-0.0058749432226508636,,-0.011546669020145839
mature_2024,362,0.1629948602701784,,0.24791033239537086,0.15877288066442785,,0.23920269977719399,0.15869873266409032,,0.23909117444972819,0.15759214489665746,,0.23708660719018282,-0.0042219796057505476,,-0.0087076326181768637,-7.4148000337531661e-05,,-0.00011152532746580568,-0.0011065877674328595,,-0.0020045672595453701,-0.0042961276060880793,,-0.0088191579456426694,-0.0011807357677703911,,-0.0021160925870111758,-0.0054027153735209388,,-0.010823725205188039
mature_2024,363,0.16537651081726257,,0.24733628795388396,0.16102879231325573,,0.23787026183240836,0.16091551224478276,,0.23776019380037974,0.15961681994637592,,0.23574018578060135,-0.0043477185040068367,,-0.0094660261214755959,-0.00011328006847297067,,-0.0001100680320286207,-0.001298692298406845,,-0.002020008019778391,-0.0044609985724798074,,-0.0095760941535042166,-0.0014119723668798156,,-0.0021300760518070117,-0.0057596908708866523,,-0.011596102173282608
mature_2024,364,0.16328069893047972,,0.24737798224830096,0.1588652476038851,,0.23801679899499106,0.15879818719044875,,0.23788896741990029,0.15795417770534209,,0.23669330443141484,-0.0044154513265946271,,-0.009361183253309896,-6.7060413436348387e-05,,-0.00012783157509077547,-0.00084400948510665597,,-0.0011956629884854464,-0.0044825117400309755,,-0.0094890148284006715,-0.00091106989854300435,,-0.0013234945635762219,-0.0053265212251376315,,-0.010684677816886118
mature_2024,365,0.1668113889777996,,0.24786459051973356,0.16294759771640974,,0.23965460236751795,0.16281728120725569,,0.23941959682877575,0.1615473833617494,,0.23782684667549198,-0.0038637912613898595,,-0.0082099881522156026,-0.00013031650915404369,,-0.00023500553874220009,-0.0012698978455062959,,-0.0015927501532837784,-0.0039941077705439032,,-0.0084449936909578027,-0.0014002143546603396,,-0.0018277556920259785,-0.0052640056160501991,,-0.010037743844241581
mature_2024,366,0.1637494941587099,,0.24798217691590155,0.15972071169481566,,0.23940433466075037,0.1594614245582904,,0.23901990413658561,0.15822423115673429,,0.23703250401004636,-0.0040287824638942371,,-0.0085778422551511802,-0.00025928713652526025,,-0.00038443052416475831,-0.0012371934015561192,,-0.0019874001265392516,-0.0042880696004194974,,-0.0089622727793159385,-0.0014964805380813795,,-0.0023718306507040099,-0.0055252630019756166,,-0.01094967290585519
mature_2024,367,0.16476440035184964,,0.24815158220020467,0.160675205326647,,0.23913630393850854,0.16057393174619569,,0.23892155894717584,0.15950526299341219,,0.23731444389018772,-0.0040891950252026354,,-0.0090152782616961247,-0.00010127358045131096,,-0.00021474499133269931,-0.001068668752783497,,-0.0016071150569881287,-0.0041904686056539464,,-0.009230023253028824,-0.001169942333234808,,-0.001821860048320828,-0.0052591373584374435,,-0.010837138310016953
mature_2024,368,0.1643457679954535,,0.24795041042963584,0.15995673913887992,,0.23904168578675766,0.15982535791020422,,0.23881382180503785,0.15888551413918375,,0.23724331686422009,-0.0043890288565735791,,-0.0089087246428781741,-0.00013138122867570323,,-0.00022786398171981137,-0.00093984377102046546,,-0.0015705049408177574,-0.0045204100852492823,,-0.0091365886245979855,-0.0010712249996961687,,-0.0017983689225375687,-0.0054602538562697478,,-0.010707093565415743
mature_2024,369,0.16307826284701696,,0.24752529148372016,0.15883739590196611,,0.23843255237301023,0.15882364602997689,,0.23842404066916589,0.15777302775736987,,0.23690389982898752,-0.0042408669450508529,,-0.0090927391107099298,-1.3749871989210405e-05,,-8.511703844332752e-06,-0.0010506182726070235,,-0.0015201408401783745,-0.0042546168170400633,,-0.0091012508145542625,-0.0010643681445962339,,-0.0015286525440227072,-0.0053052350896470868,,-0.010621391654732637
mature_2024,370,0.16337704100533393,,0.24702848586723877,0.15900956782566977,,0.23759870832773669,0.15887730433496353,,0.23743592949569092,0.15763264254967713,,0.23545040404117906,-0.0043674731796641553,,-0.0094297775395020822,-0.00013226349070624699,,-0.00016277883204576793,-0.0012446617852863995,,-0.0019855254545118606,-0.0044997366703704023,,-0.0095925563715478501,-0.0013769252759926465,,-0.0021483042865576285,-0.0057443984556568017,,-0.011578081826059711
mature_2024,371,0.1622883137730817,,0.24804960456916661,0.15829485678617713,,0.23922622837861571,0.15814528366204775,,0.23904319262370441,0.15707564642426736,,0.23733797606446727,-0.0039934569869045644,,-0.0088233761905509023,-0.00014957312412938739,,-0.0001830357549112982,-0.0010696372377803909,,-0.0017052165592371382,-0.0041430301110339518,,-0.0090064119454622005,-0.0012192103619097783,,-0.0018882523141484364,-0.0052126673488143427,,-0.010711628504699339
mature_2024,372,0.16433363133052697,,0.24820427015666438,0.1601749406131944,,0.23940881023663599,0.1599991063952404,,0.23919721786508105,0.15899572435070949,,0.2377490838258399,-0.0041586907173325749,,-0.0087954599200283923,-0.00017583421795400178,,-0.00021159237155493615,-0.0010033820445309038,,-0.0014481340392411557,-0.0043345249352865767,,-0.0090070522915833284,-0.0011792162624849056,,-0.0016597264107960918,-0.0053379069798174805,,-0.010455186330824484
mature_2024,373,0.16447482623109533,,0.24773802243378071,0.16026855401319762,,0.23845972413851238,0.16000293815955738,,0.2380030026612632,0.15867232753660834,,0.2357504730504843,-0.0042062722178977108,,-0.0092782982952683279,-0.00026561585364023865,,-0.00045672147724917789,-0.0013306106229490355,,-0.0022525296107789028,-0.0044718880715379494,,-0.0097350197725175058,-0.0015962264765892742,,-0.0027092510880280807,-0.005802498694486985,,-0.011987549383296409
mature_2024,374,0.16416943862733857,,0.24791893459960468,0.16008431563085473,,0.2393027540217989,0.15983893856158157,,0.23893085063484554,0.15897740343944,,0.23768768595955694,-0.0040851229964838365,,-0.0086161805778057765,-0.00024537706927316161,,-0.000371903386953365,-0.00086153512214157124,,-0.0012431646752885939,-0.0043305000657569981,,-0.0089880839647591415,-0.0011069121914147328,,-0.0016150680622419589,-0.0051920351878985693,,-0.010231248640047735
mature_2024,375,0.1633405884677028,,0.2476088912480813,0.15908825576391566,,0.2383266511977736,0.15891419322579034,,0.23812442523274222,0.15771154781519559,,0.23594491179753288,-0.0042523327037871372,,-0.0092822400503076996,-0.00017406253812532468,,-0.00020222596503138845,-0.0012026454105947548,,-0.0021795134352093348,-0.0044263952419124619,,-0.0094844660153390881,-0.0013767079487200795,,-0.0023817394002407233,-0.0056290406525072167,,-0.011663979450548423
mature_2024,376,0.16404270907121057,,0.24745907110879145,0.15980141814920318,,0.23837862417777572,0.15960754515715711,,0.238032511141961,0.15799073364850216,,0.23541897612576723,-0.0042412909220073958,,-0.0090804469310157288,-0.000193872992046068,,-0.0003461130358147213,-0.0016168115086549473,,-0.0026135350161937687,-0.0044351639140534638,,-0.0094265599668304501,-0.0018106845007010153,,-0.00295964805200849,-0.006051975422708411,,-0.012040094983024219
mature_2024,377,0.1633962524893387,,0.24770624043533504,0.1583961553387081,,0.2375883908477526,0.15827768556707733,,0.23736096020614811,0.15715672817465498,,0.23551176828243703,-0.0050000971506306002,,-0.010117849587582439,-0.00011846977163076922,,-0.00022743064160449245,-0.0011209573924223504,,-0.0018491919237110799,-0.0051185669222613694,,-0.010345280229186932,-0.0012394271640531196,,-0.0020766225653155723,-0.0062395243146837198,,-0.012194472152898012
mature_2024,378,0.16309346517958476,,0.2478310443477075,0.15850117593463622,,0.23827357506803332,0.15839076495641241,,0.2381276936837094,0.15730583967979428,,0.23642148638387395,-0.0045922892449485331,,-0.0095574692796741856,-0.00011041097822381274,,-0.00014588138432392039,-0.0010849252766181317,,-0.0017062072998354494,-0.0047027002231723458,,-0.009703350663998106,-0.0011953362548419444,,-0.0018520886841593698,-0.0057876254997904775,,-0.011409557963833555
mature_2024,379,0.16510174810503483,,0.24768498073571776,0.16101066595378632,,0.23909749084200649,0.16077308324850234,,0.23868928026403524,0.15982873913988466,,0.2371653746458989,-0.0040910821512485096,,-0.0085874898937112754,-0.00023758270528398406,,-0.00040821057797124638,-0.00094434410861768403,,-0.0015239056181363397,-0.0043286648565324937,,-0.0089957004716825217,-0.0011819268139016681,,-0.0019321161961075861,-0.0052730089651501777,,-0.010519606089818861
mature_2024,380,0.16445390726040901,,0.24758494170209186,0.16030944904986669,,0.23858774398099047,0.16013728787007026,,0.23825903286153235,0.15901671198344178,,0.23674968045986791,-0.0041444582105423233,,-0.0089971977211013854,-0.00017216117979643175,,-0.00032871111945811937,-0.0011205758866284776,,-0.0015093524016644433,-0.0043166193903387551,,-0.0093259088405595048,-0.0012927370664249094,,-0.0018380635211225627,-0.0054371952769672327,,-0.010835261242223948
mature_2024,381,0.16564362827559512,,0.24778893563690349,0.16160392402516871,,0.23896982362765465,0.16142047605856885,,0.23866106379002325,0.16020254846768051,,0.23690129888871669,-0.0040397042504264069,,-0.0088191120092488418,-0.00018344796659985896,,-0.00030875983763140047,-0.0012179275908883458,,-0.0017597649013065542,-0.0042231522170262659,,-0.0091278718468802422,-0.0014013755574882047,,-0.0020685247389379546,-0.0054410798079146117,,-0.010887636748186796
mature_2024,382,0.16484572953571935,,0.24758507893595397,0.16061439322814325,,0.23848891135003394,0.16036771269470343,,0.23812860844435912,0.15912334091723282,,0.2362718296734049,-0.0042313363075761057,,-0.0090961675859200231,-0.00024668053343981922,,-0.00036030290567481971,-0.0012443717774706098,,-0.0018567787709542205,-0.0044780168410159249,,-0.0094564704915948428,-0.001491052310910429,,-0.0022170816766290402,-0.0057223886184865347,,-0.011313249262549063
mature_2024,383,0.16405809112640068,,0.24838905790839258,0.15968483162860897,,0.23892757996672606,0.15947081493888687,,0.23861514312214954,0.15864548506240458,,0.23714781104040628,-0.004373259497791715,,-0.0094614779416665185,-0.00021401668972209631,,-0.0003124368445765191,-0.00082532987648228917,,-0.0014673320817432667,-0.0045872761875138113,,-0.0097739147862430376,-0.0010393465662043855,,-0.0017797689263197858,-0.0054126060639961004,,-0.011241246867986304
mature_2024,384,0.16475798478399475,,0.24784421682358468,0.16016842791424027,,0.23847498147188764,0.16002321225685498,,0.23832686500496494,0.15934737881416156,,0.23696309123018888,-0.0045895568697544853,,-0.0093692353516970361,-0.00014521565738528919,,-0.00014811646692269864,-0.00067583344269342427,,-0.0013637737747760614,-0.0047347725271397745,,-0.0095173518186197348,-0.00082104910007871346,,-0.0015118902416987601,-0.0054106059698331987,,-0.010881125593395796
mature_2024,385,0.16209460803776929,,0.2471393565674023,0.15757921949037135,,0.23765588449079175,0.15742744508079606,,0.2374116032376215,0.15653738405274845,,0.23620258561331162,-0.0045153885473979416,,-0.009483472076610544,-0.00015177440957528376,,-0.00024428125317024763,-0.00089006102804761733,,-0.0012090176243098882,-0.0046671629569732254,,-0.0097277533297807917,-0.0010418354376229011,,-0.0014532988774801359,-0.0055572239850208427,,-0.01093677095409068
mature_2024,386,0.16335932226475153,,0.24715058778368681,0.15899252758929253,,0.23808846471973802,0.15887971628231692,,0.23791238711921206,0.15787576137849721,,0.23629194653186364,-0.0043667946754590015,,-0.009062123063948796,-0.00011281130697560204,,-0.000176077600525959,-0.0010039549038197149,,-0.0016204405873484207,-0.0044796059824346035,,-0.009238200664474755,-0.0011167662107953169,,-0.0017965181878743797,-0.0054835608862543184,,-0.010858641251823176
mature_2024,387,0.16401045105271447,,0.24790072316817899,0.15960026193787541,,0.23831134567335607,0.15944155771371252,,0.23796406086760921,0.15844268395800626,,0.2366071004062264,-0.0044101891148390637,,-0.0095893774948229149,-0.0001587042241628922,,-0.00034728480574686138,-0.0009988737557062588,,-0.0013569604613828112,-0.0045688933390019559,,-0.0099366623005697763,-0.001157577979869151,,-0.0017042452671296726,-0.0055677670947082147,,-0.011293622761952588
mature_2024,388,0.16422739686544693,,0.24774881318411993,0.15972233164267388,,0.23798252634039618,0.15955690503966183,,0.23770095521472773,0.15832577037001103,,0.23601246636717951,-0.0045050652227730525,,-0.0097662868437237427,-0.00016542660301205325,,-0.0002815711256684561,-0.0012311346696508019,,-0.001688488847548214,-0.0046704918257851058,,-0.010047857969392199,-0.0013965612726628551,,-0.0019700599732166701,-0.0059016264954359077,,-0.011736346816940413
mature_2024,389,0.16492917814094346,,0.24763768313281359,0.16117621408218707,,0.239367625874224,0.16094282241855448,,0.23904094859602784,0.15972355259067264,,0.23729495171499446,-0.0037529640587563862,,-0.0082700572585895915,-0.00023339166363259278,,-0.00032667727819615799,-0.0012192698278818415,,-0.0017459968810333848,-0.003986355722388979,,-0.0085967345367857495,-0.0014526614915144342,,-0.0020726741592295428,-0.0052056255502708204,,-0.010342731417819134
mature_2024,390,0.16488670034245592,,0.24802318645302335,0.16048059147236246,,0.23920464525877841,0.16031823964479952,,0.23895439213657499,0.15944974453477462,,0.23749593579960326,-0.0044061088700934614,,-0.0088185411942449388,-0.00016235182756293987,,-0.00025025312220341989,-0.00086849511002490276,,-0.0014584563369717252,-0.0045684606976564013,,-0.0090687943164483587,-0.0010308469375878426,,-0.0017087094591751451,-0.005436955807681304,,-0.010527250653420084
mature_2024,391,0.16479562991107141,,0.24762303014004122,0.16061820392701037,,0.23891986220937297,0.16049192307473972,,0.23867070070489221,0.1596609261734469,,0.23723524913601052,-0.0041774259840610395,,-0.0087031679306682486,-0.00012628085227064934,,-0.00024916150448076047,-0.00083099690129281867,,-0.001435451568881696,-0.0043037068363316888,,-0.008952329435149009,-0.000957277753563468,,-0.0016846130733624565,-0.0051347037376245075,,-0.010387781004030705
mature_2024,392,0.16629874181048251,,0.24771754170467922,0.16242571399178785,,0.23944973334537142,0.16215057715946848,,0.23902309725268009,0.16143487684668742,,0.23794565084413899,-0.0038730278186946687,,-0.0082678083593077933,-0.00027513683231936148,,-0.00042663609269133485,-0.00071570031278106461,,-0.0010774464085410995,-0.0041481646510140302,,-0.0086944444519991282,-0.00099083714510042609,,-0.0015040825012324344,-0.0048638649637950948,,-0.0097718908605402277
mature_2024,393,0.16296266876375537,,0.24766198184937774,0.15879188151677812,,0.23890564318999599,0.15860996172384079,,0.23870608440625884,0.15744637436162551,,0.23685304088584944,-0.0041707872469772533,,-0.008756338659381746,-0.00018191979293732952,,-0.00019955878373714708,-0.0011635873622152793,,-0.0018530435204094087,-0.0043527070399145829,,-0.0089558974431188931,-0.0013455071551526088,,-0.0020526023041465558,-0.0055162944021298621,,-0.010808940963528302
mature_2024,394,0.16418890196091973,,0.24740088093367832,0.15977597738347502,,0.23811201100754487,0.15953914766599639,,0.23784058007256231,0.15832040015318319,,0.23607876368677358,-0.0044129245774447157,,-0.0092888699261334529,-0.00023682971747862602,,-0.00027143093498255277,-0.0012187475128132008,,-0.0017618163857887337,-0.0046497542949233417,,-0.0095603008611160056,-0.0014555772302918268,,-0.0020332473207712864,-0.0058685018077365425,,-0.011322117246904739
mature_2024,395,0.16445756466453484,,0.24773263119560171,0.16046275994923478,,0.23885175627039495,0.16037041435757654,,0.23874303429171678,0.15932728821412206,,0.23733218281667109,-0.0039948047153000599,,-0.0088808749252067554,-9.2345591658243853e-05,,-0.00010872197867817235,-0.0010431261434544759,,-0.001410851475045688,-0.0040871503069583037,,-0.0089895969038849277,-0.0011354717351127197,,-0.0015195734537238603,-0.0051302764504127796,,-0.010400448378930616
mature_2024,396,0.16416727083311369,,0.24757508652342644,0.16011082749816311,,0.23904268739009635,0.15998601137788551,,0.23888296955383559,0.15873541825005777,,0.2367829838465301,-0.004056443334950588,,-0.008532399133330093,-0.00012481612027759326,,-0.00015971783626075875,-0.0012505931278277427,,-0.0020999857073054906,-0.0041812594552281812,,-0.0086921169695908518,-0.0013754092481053359,,-0.0022597035435662494,-0.0054318525830559239,,-0.010792102676896342
mature_2024,397,0.16573781674288202,,0.24758973177020663,0.16161515217199163,,0.23883754255001749,0.16143345197767511,,0.23851648150101878,0.16038918882825826,,0.23660346752160824,-0.0041226645708903886,,-0.0087521892201891383,-0.00018170019431651419,,-0.00032106104899870536,-0.0010442631494168575,,-0.0019130139794105439,-0.0043043647652069028,,-0.0090732502691878436,-0.0012259633437333717,,-0.0022340750284092492,-0.0053486279146237603,,-0.010986264248598387
mature_2024,398,0.16496155564978121,,0.24780796703880217,0.16069679565696407,,0.23871195647609578,0.16052571925242379,,0.23844601778539659,0.15933664370468567,,0.23626866595200396,-0.0042647599928171409,,-0.009096010562706397,-0.00017107640454028239,,-0.00026593869069918563,-0.0011890755477381165,,-0.0021773518333926267,-0.0044358363973574233,,-0.0093619492534055826,-0.0013601519522783989,,-0.0024432905240918124,-0.0056249119450955398,,-0.011539301086798209
mature_2024,399,0.16520351205259748,,0.24738775478521763,0.16096360183546649,,0.23835178375605159,0.16085187828506556,,0.23824755201661571,0.15987733552522027,,0.23674916191198994,-0.0042399102171309933,,-0.0090359710291660345,-0.0001117235504009273,,-0.00010423173943588382,-0.00097454275984529271,,-0.0014983901046257686,-0.0043516337675319205,,-0.0091402027686019183,-0.00108626631024622,,-0.0016026218440616524,-0.0053261765273772133,,-0.010638592873227687
mature_2024,400,0.16689713071601231,,0.24797713217340592,0.16281352846283267,,0.23926424486405837,0.16265663811249154,,0.23910356078478381,0.16205023940416333,,0.23825654417727948,-0.0040836022531796357,,-0.0087128873093475501,-0.00015689035034113785,,-0.00016068407927455342,-0.00060639870832820963,,-0.00084701660750433061,-0.0042404926035207735,,-0.0088735713886221035,-0.00076328905866934749,,-0.001007700686778884,-0.0048468913118489831,,-0.0097205879961264341
mature_2024,401,0.16518524592981959,,0.2480893428844142,0.16072000514140972,,0.23873466602026269,0.16046148505755661,,0.2383606422288389,0.15961423191459811,,0.23713693168650676,-0.0044652407884098744,,-0.0093546768641515066,-0.00025852008385310321,,-0.00037402379142378872,-0.00084725314295849841,,-0.0012237105423321404,-0.0047237608722629776,,-0.0097287006555752953,-0.0011057732268116016,,-0.0015977343337559291,-0.005571014015221476,,-0.010952411197907436
mature_2024,402,0.16407052200487554,,0.24782009152007164,0.15970795232767143,,0.23857541846336755,0.1595753928897829,,0.23844401295531004,0.15835115179687426,,0.23649520472370886,-0.0043625696772041089,,-0.0092446730567040947,-0.0001325594378885353,,-0.00013140550805751383,-0.00122424109290864,,-0.001948808231601179,-0.0044951291150926442,,-0.0093760785647616085,-0.0013568005307971753,,-0.0020802137396586928,-0.0057193702080012843,,-0.011324886796362787
mature_2024,403,0.16326057882700243,,0.24775765397898619,0.1590426477512823,,0.23899738104107263,0.15897959581841475,,0.23887480316907889,0.1577708052129739,,0.23664616535443148,-0.0042179310757201327,,-0.0087602729379135658,-6.3051932867541627e-05,,-0.00012257787199373982,-0.0012087906054408515,,-0.0022286378146474106,-0.0042809830085876743,,-0.0088828508099073056,-0.0012718425383083931,,-0.0023512156866411504,-0.0054897736140285258,,-0.011111488624554716
mature_2024,404,0.16451104456855498,,0.2476630562666991,0.16057743487760495,,0.23916612907706239,0.16044722445209758,,0.23894244732316844,0.15919480591505686,,0.23692651685103619,-0.003933609690950024,,-0.0084969271896367105,-0.00013021042550737105,,-0.00022368175389395062,-0.0012524185370407226,,-0.0020159304721322491,-0.004063820116457395,,-0.0087206089435306611,-0.0013826289625480936,,-0.0022396122260261997,-0.0053162386534981176,,-0.01073653941566291
mature_2024,405,0.16254473622151352,,0.24755540873742352,0.1584021523242326,,0.23871395325199712,0.15830886404456501,,0.23855761100073603,0.15724216277678008,,0.23707376927621407,-0.0041425838972809215,,-0.0088414554854263916,-9.3288279667591567e-05,,-0.00015634225126109902,-0.0010667012677849363,,-0.001483841724521956,-0.004235872176948513,,-0.0089977977366874906,-0.0011599895474525279,,-0.001640183975783055,-0.0053025734447334494,,-0.010481639461209447
mature_2024,406,0.16495782192310363,,0.24785278295022511,0.16033880104489667,,0.23871696705586826,0.16022900244640015,,0.23867915009472418,0.15938088787150895,,0.23742936993021563,-0.0046190208782069531,,-0.0091358158943568579,-0.0001097985984965244,,-3.7816961144077066e-05,-0.00084811457489120112,,-0.0012497801645085516,-0.0047288194767034775,,-0.009173632855500935,-0.00095791317338772553,,-0.0012875971256526286,-0.0055769340515946786,,-0.010423413020009487
mature_2024,407,0.16387241089968649,,0.24764581553236822,0.15979728374827656,,0.23883733832300311,0.15957448966693838,,0.23859668118851229,0.15851572411265008,,0.23720322860440551,-0.0040751271514099241,,-0.0088084772093651176,-0.00022279408133818457,,-0.00024065713449081261,-0.001058765554288299,,-0.0013934525841067802,-0.0042979212327481087,,-0.0090491343438559302,-0.0012815596356264836,,-0.0016341097185975928,-0.0053566867870364077,,-0.01044258692796271
mature_2024,408,0.16495113952832494,,0.24792628089358767,0.16066612936650743,,0.23898574168690617,0.16057642935760039,,0.23889331666490207,0.15946792113482086,,0.23702321338252644,-0.0042850101618175096,,-0.0089405392066815026,-8.9700008907039885e-05,,-9.2425022004100077e-05,-0.0011085082227795251,,-0.0018701032823756347,-0.0043747101707245495,,-0.0090329642286856027,-0.001198208231686565,,-0.0019625283043797348,-0.0054832183935040746,,-0.010903067511061237
mature_2024,409,0.16343738823710144,,0.24756284581731622,0.15895409497783572,,0.23836508424399092,0.15879731624919649,,0.23815544267707661,0.15783868411630911,,0.23658343127189035,-0.0044832932592657193,,-0.0091977615733253026,-0.00015677872863922859,,-0.00020964156691430369,-0.00095863213288738258,,-0.0015720114051862577,-0.0046400719879049479,,-0.0094074031402396063,-0.0011154108615266112,,-0.0017816529721005614,-0.0055987041207923305,,-0.010979414545425864
mature_2024,410,0.16511182685117953,,0.24803794839770837,0.16071803493501602,,0.23871452626880915,0.16053953535878968,,0.23850849941413207,0.1599458577497806,,0.23753864936751629,-0.0043937919161635142,,-0.0093234221288992225,-0.00017849957622634305,,-0.00020602685467707715,-0.00059367760900908007,,-0.00096985004661578889,-0.0045722914923898572,,-0.0095294489835762997,-0.00077217718523542311,,-0.001175876901292866,-0.0051659691013989373,,-0.010499299030192089
mature_2024,411,0.16447479981447635,,0.24741368255728174,0.15991066695250017,,0.23795066658592975,0.15967377289439305,,0.23755493146484982,0.1585572675704815,,0.23562579882198831,-0.0045641328619761834,,-0.0094630159713519901,-0.00023689405810711772,,-0.00039573512107993203,-0.0011165053239115541,,-0.0019291326428615141,-0.0048010269200833011,,-0.0098587510924319222,-0.0013533993820186718,,-0.0023248677639414461,-0.0059175322439948552,,-0.011787883735293436
mature_2024,412,0.16427167528194742,,0.24735044269109871,0.15986518453554949,,0.2380680348549512,0.15952025496473146,,0.23760332015220004,0.15857132907136798,,0.23615260962466514,-0.0044064907463979286,,-0.0092824078361475049,-0.00034492957081802555,,-0.00046471470275116777,-0.00094892589336348365,,-0.0014507105275348986,-0.0047514203172159541,,-0.0097471225388986726,-0.0012938554641815092,,-0.0019154252302860664,-0.0057003462105794378,,-0.011197833066433571
mature_2024,413,0.16498134472354042,,0.24753760017278972,0.16085507206083688,,0.23863926617407005,0.16066875845666109,,0.23826503104234348,0.16000782418163581,,0.23708018858633892,-0.0041262726627035451,,-0.0088983339987196708,-0.00018631360417578624,,-0.00037423513172657463,-0.00066093427502528224,,-0.001184842456004559,-0.0043125862668793313,,-0.0092725691304462454,-0.00084724787920106848,,-0.0015590775877311336,-0.0049735205419046136,,-0.010457411586450804
mature_2024,414,0.16222423158023083,,0.24767797200776057,0.1579098337257524,,0.23844840765816383,0.15780642601644815,,0.23824279310850893,0.15689936304952176,,0.23704694833269002,-0.00431439785447843,,-0.0092295643495967361,-0.00010340770930425403,,-0.00020561454965489778,-0.00090706296692638633,,-0.0011958447758189106,-0.0044178055637826841,,-0.0094351788992516339,-0.0010104706762306404,,-0.0014014593254738084,-0.0053248685307090704,,-0.010631023675070544
mature_2024,415,0.16393699202581874,,0.24769168230383939,0.15969260952171677,,0.23855782104853254,0.15958675721769675,,0.23840393647031349,0.1580748914850657,,0.23610965240576048,-0.0042443825041019734,,-0.0091338612553068521,-0.00010585230402002099,,-0.000153884578219049,-0.0015118657326310403,,-0.0022942840645530094,-0.0043502348081219944,,-0.0092877458335259011,-0.0016177180366510613,,-0.0024481686427720584,-0.0058621005407530347,,-0.01158202989807891
mature_2024,416,0.16414228731968977,,0.24740007124121219,0.16011288375439411,,0.2387910278398811,0.15992625505915978,,0.23851620403757506,0.15919249206395308,,0.23720569902074873,-0.0040294035652956584,,-0.0086090434013310901,-0.00018662869523433656,,-0.00027482380230603454,-0.00073376299520669375,,-0.0013105050168263355,-0.0042160322605299949,,-0.0088838672036371247,-0.00092039169044103031,,-0.00158532881913237,-0.0049497952557366887,,-0.01019437222046346
mature_2024,417,0.16302772726979964,,0.24783992790372561,0.15875568442071514,,0.23882686145143867,0.15857786687470918,,0.23853515631141239,0.15725117886273818,,0.23664548854051198,-0.0042720428490845008,,-0.0090130664522869441,-0.00017781754600595945,,-0.00029170514002627157,-0.0013266880119710001,,-0.0018896677709004106,-0.0044498603950904603,,-0.0093047715923132157,-0.0015045055579769595,,-0.0021813729109266822,-0.0057765484070614603,,-0.011194439363213626
mature_2024,418,0.161302189126974,,0.24762883181077833,0.15718575502399595,,0.23884323102684699,0.15706549710737522,,0.23866518554025096,0.15608730592678205,,0.23731562281134208,-0.0041164341029780449,,-0.008785600783931341,-0.00012025791662073626,,-0.00017804548659602903,-0.00097819118059316867,,-0.0013495627289088763,-0.0042366920195987812,,-0.0089636462705273701,-0.0010984490972139049,,-0.0015276082155049053,-0.0052148832001919498,,-0.010313208999436246
mature_2024,419,0.16479477205623475,,0.24741001171374563,0.16054178616123913,,0.23858016386328637,0.16026737191024212,,0.2381901620530919,0.15894755847034489,,0.23645879380952609,-0.0042529858949956201,,-0.0088298478504592603,-0.00027441425099700156,,-0.000390001810194468,-0.0013198134398972328,,-0.0017313682435658173,-0.0045274001459926216,,-0.0092198496606537284,-0.0015942276908942343,,-0.0021213700537602853,-0.0058472135858898544,,-0.010951217904219546
mature_2024,420,0.16362859133356469,,0.24757996101219701,0.15960697436745461,,0.23888433725191832,0.15938463251288315,,0.23857566921984841,0.15839776875524805,,0.23686613741862739,-0.0040216169661100865,,-0.0086956237602786868,-0.00022234185457145617,,-0.00030866803206991422,-0.00098686375763509804,,-0.0017095318012210203,-0.0042439588206815426,,-0.009004291792348601,-0.0012092056122065542,,-0.0020181998332909346,-0.0052308225783166407,,-0.010713823593569621
mature_2024,421,0.16505694577109195,,0.24735126732192575,0.16120092422935403,,0.2391478774902642,0.1608921431723781,,0.23863750706307504,0.15990895201406019,,0.23678691251174083,-0.0038560215417379196,,-0.0082033898316615506,-0.00030878105697593194,,-0.00051037042718915515,-0.00098319115831790871,,-0.0018505945513342115,-0.0041648025987138515,,-0.0087137602588507057,-0.0012919722152938407,,-0.0023609649785233666,-0.0051479937570317602,,-0.010564354810184917
mature_2024,422,0.16379084722096487,,0.24793823449950772,0.15988897104704441,,0.23964997072906105,0.15966970347615606,,0.23924216054048944,0.15887331353076004,,0.2383079662651601,-0.0039018761739204599,,-0.0082882637704466688,-0.00021926757088835958,,-0.00040781018857161122,-0.00079638994539601993,,-0.00093419427532934196,-0.0041211437448088195,,-0.0086960739590182801,-0.0010156575162843795,,-0.0013420044639009532,-0.0049175336902048394,,-0.009630268234347622
mature_2024,423,0.1647544227859391,,0.24743304561996235,0.16040719803903766,,0.23796499227339724,0.16023617219628961,,0.23775588216402005,0.15932127196691265,,0.2364382730887282,-0.0043472247469014402,,-0.009468053346565114,-0.0001710258427480571,,-0.00020911010937718633,-0.00091490022937695814,,-0.0013176090752918534,-0.0045182505896494973,,-0.0096771634559423003,-0.0010859260721250152,,-0.0015267191846690398,-0.0054331508190264555,,-0.010994772531234154
mature_2024,424,0.16479957774672072,,0.24785701628910292,0.1606261642532385,,0.23912348031147826,0.16047246166750459,,0.23882876434087841,0.15993793719819047,,0.23767475354745363,-0.0041734134934822142,,-0.0087335359776246624,-0.00015370258573391138,,-0.00029471597059985144,-0.00053452446931412378,,-0.0011540107934247812,-0.0043271160792161256,,-0.0090282519482245138,-0.00068822705504803516,,-0.0014487267640246326,-0.0048616405485302494,,-0.010182262741649295
mature_2024,425,0.16247332020519781,,0.24739960602521444,0.15826934742348783,,0.23873760007417863,0.15798492097140099,,0.23833017392614747,0.1568975434224591,,0.23660338941912418,-0.0042039727817099748,,-0.0086620059510358061,-0.00028442645208684447,,-0.00040742614803115917,-0.0010873775489418924,,-0.0017267845070232934,-0.0044883992337968193,,-0.0090694320990669652,-0.0013718040010287369,,-0.0021342106550544526,-0.0055757767827387117,,-0.010796216606090259
mature_2024,426,0.16274517674089442,,0.2475908672434671,0.15806936138922248,,0.237935276950036,0.15792725011804351,,0.2377119339582601,0.15691582292712941,,0.23632397106689884,-0.0046758153516719414,,-0.0096555902934311044,-0.00014211127117896849,,-0.00022334299177589889,-0.0010114271909140993,,-0.0013879628913612552,-0.0048179266228509099,,-0.0098789332852070033,-0.0011535384620930678,,-0.0016113058831371541,-0.0058293538137650092,,-0.011266896176568258
mature_2024,427,0.16547182172602648,,0.24761508797227713,0.1612993252638697,,0.2385275544797,0.1612688042743893,,0.23855945552389896,0.16036198077842045,,0.23687617191507507,-0.0041724964621567828,,-0.0090875334925771267,-3.0520989480392613e-05,,3.1901044198950901e-05,-0.00090682349596885037,,-0.0016832836088238878,-0.0042030174516371754,,-0.0090556324483781758,-0.00093734448544924298,,-0.0016513825646249369,-0.0051098409476060258,,-0.010738916057202064
mature_2024,428,0.16327228429519969,,0.24733351503897,0.15914874685284761,,0.23888067593004761,0.15905008859552311,,0.23873426960227712,0.15742382594932808,,0.2360320424991062,-0.0041235374423520821,,-0.0084528391089223887,-9.8658257324496512e-05,,-0.00014640632777049301,-0.0016262626461950314,,-0.0027022271031709177,-0.0042221956996765786,,-0.0085992454366928817,-0.0017249209035195279,,-0.0028486334309414107,-0.00584845834587161,,-0.011301472539863799
mature_2024,429,0.16433542838287787,,0.24771938085665124,0.16025967655576331,,0.23940275403089711,0.16013163894143026,,0.2392301626931411,0.15922003921568822,,0.237636642219998,-0.0040757518271145599,,-0.0083166268257541254,-0.00012803761433305416,,-0.00017259133775601732,-0.00091159972574203496,,-0.0015935204731430952,-0.004203789441447614,,-0.0084892181635101427,-0.0010396373400750891,,-0.0017661118108991125,-0.005115389167189649,,-0.010082738636653238
mature_2024,430,0.1631427680526481,,0.24789277670850504,0.15857773333152073,,0.23793741005370006,0.15841513280066938,,0.23770860565457821,0.15784805514272063,,0.23678002618477814,-0.0045650347211273756,,-0.0099553666548049813,-0.00016260053085134785,,-0.0002288043991218458,-0.0005670776579487502,,-0.00092857946980007267,-0.0047276352519787235,,-0.010184171053926827,-0.00072967818880009805,,-0.0011573838689219185,-0.0052947129099274737,,-0.0111127505237269
mature_2024,431,0.1649262050806114,,0.24743043597881298,0.16075193157441614,,0.23867720647155635,0.1605515084998832,,0.23835592674486245,0.15974238988019235,,0.23697809994043459,-0.0041742735061952585,,-0.0087532295072566269,-0.0002004230745329405,,-0.00032127972669390714,-0.00080911861969085175,,-0.0013778268044278563,-0.004374696580728199,,-0.009074509233950534,-0.0010095416942237923,,-0.0016991065311217635,-0.0051838152004190508,,-0.01045233603837839
mature_2024,432,0.16470912547244815,,0.24762809682279183,0.16022576249825368,,0.23814994861042257,0.16004803799833539,,0.23785149075188228,0.15904579991659185,,0.23621624711318304,-0.0044833629741944658,,-0.0094781482123692529,-0.00017772449991829142,,-0.00029845785854029638,-0.001002238081743545,,-0.0016352436386992408,-0.0046610874741127573,,-0.0097766060709095493,-0.0011799625816618364,,-0.0019337014972395372,-0.0056633255558563023,,-0.01141184970960879
mature_2024,433,0.1642580958629411,,0.24720247968860848,0.1602023957981526,,0.23870525513780996,0.16007377873232662,,0.23838054436126599,0.15932814429194536,,0.23716944362247699,-0.0040557000647885033,,-0.0084972245507985156,-0.00012861706582598109,,-0.00032471077654397384,-0.00074563444038125426,,-0.0012111007387889949,-0.0041843171306144844,,-0.0088219353273424894,-0.00087425150620723535,,-0.0015358115153329688,-0.0049299515709957387,,-0.010033036066131484
mature_2024,434,0.16396479921759052,,0.24761915422720729,0.15999046018770863,,0.23901337517789073,0.15979908017254704,,0.23882852339962177,0.15893230686541551,,0.23738992849723339,-0.0039743390298818959,,-0.0086057790493165587,-0.0001913800151615852,,-0.00018485177826896293,-0.00086677330713152978,,-0.0014385949023883737,-0.0041657190450434811,,-0.0087906308275855216,-0.001058153322293115,,-0.0016234466806573367,-0.0050324923521750109,,-0.010229225729973895
mature_2024,435,0.16429781406715135,,0.24764098489507602,0.16035391187780998,,0.23908617420031492,0.16024633104225705,,0.23893662733350374,0.15907542220186313,,0.23717535610711621,-0.003943902189341375,,-0.0085548106947611058,-0.00010758083555292841,,-0.00014954686681117879,-0.0011709088403939194,,-0.0017612712263875285,-0.0040514830248943035,,-0.0087043575615722846,-0.0012784896759468478,,-0.0019108180931987073,-0.0052223918652882229,,-0.010465628787959813
mature_2024,436,0.16299506442580894,,0.24757276410973955,0.15858681981781422,,0.23851990124104236,0.15845676410800036,,0.23845131330255714,0.15750140125782711,,0.23672332903454518,-0.0044082446079947157,,-0.0090528628686971924,-0.00013005570981386438,,-6.858793848521505e-05,-0.00095536285017325251,,-0.0017279842680119617,-0.0045383003178085801,,-0.0091214508071824074,-0.0010854185599871169,,-0.0017965722064971767,-0.0054936631679818326,,-0.010849435075194369
mature_2024,437,0.16485380224742732,,0.24726967860387328,0.1605498317393266,,0.23829024389000733,0.16033720412895705,,0.23802996144390973,0.15908367435962606,,0.23596284131013984,-0.0043039705081007185,,-0.0089794347138659469,-0.00021262761036955347,,-0.00026028244609760387,-0.001253529769330991,,-0.0020671201337698897,-0.0045165981184702719,,-0.0092397171599635508,-0.0014661573797005445,,-0.0023274025798674935,-0.005770127887801263,,-0.01130683729373344
mature_2024,438,0.16436539542323422,,0.24790966865474687,0.16014643908776893,,0.23903452544306561,0.15999332378748424,,0.23878695000321204,0.15888107668578333,,0.23682943139422816,-0.0042189563354652904,,-0.0088751432116812579,-0.00015311530028469522,,-0.00024757543985357011,-0.0011122471017009083,,-0.0019575186089838825,-0.0043720716357499856,,-0.009122718651534828,-0.0012653624019856036,,-0.0022050940488374526,-0.0054843187374508939,,-0.01108023726051871
mature_2024,439,0.16305180923085522,,0.24806269417224167,0.15896397721420671,,0.23942637949976436,0.15881010636241258,,0.23916209873918287,0.15797109926695654,,0.237760573357884,-0.0040878320166485016,,-0.0086363146724773021,-0.00015387085179413562,,-0.0002642807605814923,-0.00083900709545603469,,-0.0014015253812988682,-0.0042417028684426372,,-0.0089005954330587944,-0.00099287794725017031,,-0.0016658061418803605,-0.0050807099638986719,,-0.010302120814357663
mature_2024,440,0.16386612312044918,,0.24727340857731084,0.15993521702076752,,0.23891904231039213,0.1598123100281712,,0.23880189778722696,0.15859040322011717,,0.23682390757327568,-0.0039309060996816636,,-0.0083543662669187113,-0.00012290699259631666,,-0.00011714452316516355,-0.0012219068080540352,,-0.0019779902139512862,-0.0040538130922779803,,-0.0084715107900838749,-0.0013448138006503518,,-0.0020951347371164497,-0.0052757199003320154,,-0.010449501004035161
mature_2024,441,0.16645465330631662,,0.24810280639624835,0.16229551242755139,,0.23900124824900507,0.16212131275741559,,0.23878201684715783,0.16106197227475191,,0.23711590381191586,-0.0041591408787652329,,-0.0091015581472432827,-0.00017419967013579396,,-0.00021923140184723633,-0.0010593404826636788,,-0.0016661130352419729,-0.0043333405489010268,,-0.009320789549090519,-0.0012335401527994727,,-0.0018853444370892092,-0.0053926810315647056,,-0.010986902584332492
mature_2024,442,0.16352753418548263,,0.24782649864243225,0.15971042142612496,,0.23929712984942939,0.15954567351615295,,0.23902691721603403,0.15877407171053942,,0.23768922465486231,-0.0038171127593576715,,-0.0085293687930028672,-0.00016474790997200728,,-0.00027021263339535584,-0.00077160180561353098,,-0.0013376925611717216,-0.0039818606693296787,,-0.008799581426398223,-0.00093634971558553826,,-0.0016079051945670775,-0.0047534624749432097,,-0.010137273987569945
mature_2024,443,0.16431488632388788,,0.24755266900401035,0.15976418739649789,,0.23809763426560468,0.15964395963703518,,0.23796632062205003,0.15873969019573606,,0.23630384520341066,-0.00455069892738999,,-0.009455034738405671,-0.00012022775946271547,,-0.00013131364355464803,-0.00090426944129912146,,-0.0016624754186393698,-0.0046709266868527055,,-0.009586348381960319,-0.0010244972007618369,,-0.0017937890621940178,-0.005575196128151827,,-0.011248823800599689
mature_2024,444,0.1655207750413773,,0.24797913252224277,0.16121663446550921,,0.23886226929264276,0.16091954917744067,,0.23844562739266942,0.16019294162821318,,0.23725136350023163,-0.0043041405758680873,,-0.0091168632296000085,-0.00029708528806854373,,-0.00041664189997334122,-0.00072660754922748705,,-0.0011942638924377913,-0.004601225863936631,,-0.0095335051295733497,-0.0010236928372960308,,-0.0016109057924111325,-0.0053278334131641181,,-0.010727769022011141
mature_2024,445,0.16482201301745072,,0.24740392516955717,0.16072092885483769,,0.23875258100332816,0.16061791081472745,,0.23859515514225285,0.15917505198422469,,0.2363714143263701,-0.004101084162613039,,-0.008651344166229008,-0.00010301804011023097,,-0.00015742586107531098,-0.001442858830502769,,-0.0022237408158827521,-0.00420410220272327,,-0.008808770027304319,-0.0015458768706129999,,-0.0023811666769580631,-0.0056469610332260389,,-0.011032510843187071
mature_2024,446,0.16598392669126166,,0.24798825647198519,0.16164563048705949,,0.23864742008453668,0.16147298756261899,,0.23839466402322224,0.16073027368217049,,0.23711228558199265,-0.0043382962042021744,,-0.009340836387448509,-0.000172642924440497,,-0.00025275606131444639,-0.00074271388044849784,,-0.0012823784412295813,-0.0045109391286426714,,-0.0095935924487629554,-0.00091535680488899485,,-0.0015351345025440277,-0.0052536530090911693,,-0.010875970889992537
mature_2024,447,0.16280670011835435,,0.24742931210449906,0.15829821648641454,,0.23811812762419957,0.15806374533727227,,0.2378155022833007,0.15703549970413713,,0.23631256921434141,-0.0045084836319398136,,-0.0093111844802994947,-0.00023447114914226797,,-0.0003026253408988655,-0.0010282456331351386,,-0.0015029330689592946,-0.0047429547810820816,,-0.0096138098211983603,-0.0012627167822774066,,-0.0018055584098581601,-0.0057712004142172202,,-0.011116742890157655
mature_2024,448,0.16389201539470499,,0.24773829962198496,0.15979653763542701,,0.23871576158512259,0.15965586946440743,,0.23844227318968955,0.15861102362969867,,0.23675855230701723,-0.0040954777592779879,,-0.0090225380368623709,-0.00014066817101957008,,-0.00027348839543303582,-0.001044845834708763,,-0.0016837208826723238,-0.0042361459302975579,,-0.0092960264322954067,-0.0011855140057283331,,-0.0019572092781053596,-0.0052809917650063209,,-0.01097974731496773
mature_2024,449,0.16382435591494163,,0.24729836576094874,0.15968139778022869,,0.2383567693053103,0.15957900981624509,,0.23820232237819161,0.15845368511640415,,0.23698292604963697,-0.0041429581347129374,,-0.0089415964556384397,-0.00010238796398359673,,-0.0001544469271186899,-0.0011253246998409461,,-0.0012193963285546394,-0.0042453460986965341,,-0.0090960433827571296,-0.0012277126638245428,,-0.0013738432556733293,-0.0053706707985374802,,-0.010315439711311769
mature_2024,450,0.16512169560951157,,0.24782286625838768,0.16093480138745683,,0.23888809023487884,0.160691772181807,,0.23843498965868104,0.15982702573565449,,0.23698114058474892,-0.0041868942220547323,,-0.0089347760235088391,-0.00024302920564983621,,-0.00045310057619779576,-0.0008647464461525034,,-0.0014538490739321175,-0.0044299234277045685,,-0.0093878765997066349,-0.0011077756518023396,,-0.0019069496501299132,-0.0052946698738570719,,-0.010841725673638752
mature_2024,451,0.16477300242583601,,0.24786307429896018,0.16051266613133344,,0.23928495087580548,0.1603043919255055,,0.23905478329101459,0.15924074329429527,,0.23785121157336123,-0.0042603362945025647,,-0.0085781234231546988,-0.00020827420582794631,,-0.00023016758479088573,-0.0010636486312102233,,-0.0012035717176533678,-0.004468610500330511,,-0.0088082910079455845,-0.0012719228370381697,,-0.0014337393024442535,-0.0055322591315407343,,-0.010011862725598952
mature_2024,452,0.16447609112696662,,0.24802722012331038,0.15982664473913516,,0.23868999533999916,0.15976776299031165,,0.23866142120125891,0.15896234692449457,,0.23731839224798978,-0.0046494463878314629,,-0.0093372247833112265,-5.8881748823513824e-05,,-2.8574138740244948e-05,-0.00080541606581707725,,-0.0013430289532691264,-0.0047083281366549767,,-0.0093657989220514715,-0.00086429781464059108,,-0.0013716030920093714,-0.005513744202472054,,-0.010708827875320598
mature_2024,453,0.16397301230838221,,0.24791329393178829,0.15967022033929099,,0.23868067618227806,0.15940020750105832,,0.23829584023989756,0.15832372497436042,,0.23678625948332521,-0.0043027919690912242,,-0.0092326177495102302,-0.00027001283823266387,,-0.000384835942380507,-0.0010764825266978972,,-0.0015095807565723429,-0.0045728048073238881,,-0.0096174536918907372,-0.0013464953649305611,,-0.0018944166989528499,-0.0056492873340217853,,-0.01112703444846308
mature_2024,454,0.16372380628731042,,0.24740048492291825,0.15944501077010062,,0.23816125332206792,0.1593568038211258,,0.23792277330402728,0.15822938146244389,,0.23624154837528458,-0.0042787955172098047,,-0.0092392316008503284,-8.820694897482273e-05,,-0.00023848001804063768,-0.0011274223586819065,,-0.0016812249287427028,-0.0043670024661846274,,-0.009477711618890966,-0.0012156293076567293,,-0.0019197049467833405,-0.0054944248248665339,,-0.011158936547633669
mature_2024,455,0.1632070766047308,,0.24738190539316901,0.15902120453128665,,0.23838924528566249,0.1588880285415212,,0.2382335678034678,0.15754123797185007,,0.23614951905011575,-0.0041858720734441468,,-0.0089926601075065171,-0.00013317598976544942,,-0.00015567748219469379,-0.0013467905696711302,,-0.0020840487533520524,-0.0043190480632095962,,-0.0091483375897012109,-0.0014799665594365796,,-0.0022397262355467462,-0.0056658386328807264,,-0.011232386343053263
mature_2024,456,0.16545934105320662,,0.24764439060169319,0.16126092040080287,,0.23853594266243558,0.16102144126573517,,0.23816079823694739,0.15995738478584146,,0.2367521243867553,-0.0041984206524037504,,-0.0091084479392576079,-0.00023947913506769392,,-0.00037514442548819416,-0.0010640564798937158,,-0.0014086738501920826,-0.0044378997874714443,,-0.009483592364745802,-0.0013035356149614097,,-0.0017838182756802767,-0.0055019562673651601,,-0.010892266214937885
mature_2024,457,0.16397237447015678,,0.24791064776284535,0.1598681907595193,,0.23906802906233535,0.15969405045314505,,0.23879980533067674,0.1587837816008815,,0.2373088328359361,-0.0041041837106374768,,-0.0088426187005100076,-0.0001741403063742486,,-0.00026822373165860669,-0.00091026885226355714,,-0.0014909724947406444,-0.0042783240170117254,,-0.0091108424321686143,-0.0010844091586378057,,-0.0017591962263992511,-0.0051885928692752825,,-0.010601814926909259
mature_2024,458,0.16568040056209871,,0.2474908551753392,0.1611758876637055,,0.23843318817735448,0.16108010068867715,,0.23824242907399568,0.16005091070082691,,0.23658927571408994,-0.0045045128983932092,,-0.0090576669979847146,-9.5786975028350207e-05,,-0.0001907591033588063,-0.001029189987850232,,-0.0016531533599057346,-0.0046002998734215594,,-0.0092484261013435209,-0.0011249769628785822,,-0.0018439124632645409,-0.0056294898612717914,,-0.010901579461249256
mature_2024,459,0.16332316093575808,,0.24764065987927689,0.15920336033767213,,0.23863177415179848,0.15903942160100487,,0.23844322401736562,0.15795347657211886,,0.23675270288154449,-0.0041198005980859487,,-0.0090088857274784051,-0.00016393873666725733,,-0.00018855013443286328,-0.0010859450288860095,,-0.0016905211358211325,-0.004283739334753206,,-0.0091974358619112684,-0.0012498837655532669,,-0.0018790712702539958,-0.0053696843636392155,,-0.010887956997732401
mature_2024,460,0.16589573739176908,,0.24752359396471599,0.16187076639375536,,0.23881806722875018,0.16176431045600789,,0.23869277883399612,0.16076804015109566,,0.23702596390071551,-0.0040249709980137161,,-0.0087055267359658073,-0.00010645593774746831,,-0.00012528839475406395,-0.0009962703049122279,,-0.0016668149332806081,-0.0041314269357611844,,-0.0088308151307198712,-0.0011027262426596962,,-0.0017921033280346721,-0.0051276972406734123,,-0.010497630064000479
mature_2024,461,0.16359322436026646,,0.24750030523074751,0.15901168315771716,,0.23787567643712265,0.1588449733938343,,0.23766398366779157,0.15782473850444204,,0.23617852163180819,-0.0045815412025493052,,-0.0096246287936248565,-0.00016670976388286074,,-0.00021169276933108438,-0.001020234889392263,,-0.0014854620359833759,-0.0047482509664321659,,-0.0098363215629559408,-0.0011869446532751238,,-0.0016971548053144603,-0.005768485855824429,,-0.011321783598939317
mature_2024,462,0.16619190072350265,,0.24803709118491343,0.16193156554543206,,0.23917019470834183,0.16177308749681274,,0.23892619207687094,0.16065898857331609,,0.23744644344263524,-0.00426033517807059,,-0.0088668964765716007,-0.00015847804861932047,,-0.00024400263147089651,-0.0011140989234966481,,-0.0014797486342356947,-0.0044188132266899105,,-0.0091108991080424973,-0.0012725769721159685,,-0.0017237512657065912,-0.0055329121501865586,,-0.010590647742278192
mature_2024,463,0.16407477569645929,,0.24788970417707148,0.15967397643382822,,0.23862402811383998,0.159367622719256,,0.23817716659385968,0.15838766806875598,,0.23669027191643571,-0.0044007992626310666,,-0.0092656760632315038,-0.00030635371457221616,,-0.00044686151998030166,-0.00097995465050002006,,-0.0014868946774239666,-0.0047071529772032827,,-0.0097125375832118055,-0.0012863083650722362,,-0.0019337561974042683,-0.0056871076277033028,,-0.011199432260635772
mature_2024,464,0.16395684326896526,,0.24784670349729127,0.15973274813747937,,0.23885287479963951,0.15955423729379656,,0.23850099302562341,0.15861333450462009,,0.23704271987512046,-0.0042240951314858888,,-0.0089938286976517512,-0.00017851084368281089,,-0.00035188177401609955,-0.00094090278917646764,,-0.0014582731505029534,-0.0044026059751686997,,-0.0093457104716678507,-0.0011194136328592785,,-0.0018101549245190529,-0.0053435087643451673,,-0.010803983622170804
mature_2024,465,0.16283246471002996,,0.2475154574720376,0.15858340835724383,,0.2383247156275097,0.1584354572222435,,0.23814970060591151,0.15745952898623281,,0.23660626044551641,-0.0042490563527861347,,-0.0091907418445278943,-0.00014795113500032375,,-0.00017501502159819604,-0.000975928236010698,,-0.0015434401603950931,-0.0043970074877864584,,-0.0093657568661260904,-0.0011238793710110218,,-0.0017184551819932892,-0.0053729357237971564,,-0.010909197026521184
mature_2024,466,0.16549411357543387,,0.24736762543570798,0.16129536845632603,,0.23853664835674512,0.16120823234164136,,0.2384120755946563,0.15991434321218106,,0.23651032141062178,-0.0041987451191078384,,-0.0088309770789628539,-8.7136114684666088e-05,,-0.00012457276208882595,-0.0012938891294602961,,-0.0019017541840345153,-0.0042858812337925045,,-0.0089555498410516798,-0.0013810252441449622,,-0.0020263269461233413,-0.0055797703632528006,,-0.010857304025086195
mature_2024,467,0.16479573922573293,,0.24828202674820904,0.1604724960825871,,0.2388223400684702,0.16023727469886934,,0.23850431696805879,0.1589209738272892,,0.23634041822066912,-0.0043232431431458329,,-0.0094596866797388435,-0.00023522138371775969,,-0.00031802310041140203,-0.0013163008715801339,,-0.0021638987473896754,-0.0045584645268635926,,-0.0097777097801502455,-0.0015515222552978936,,-0.0024819218478010774,-0.0058747653984437265,,-0.011941608527539921
mature_2024,468,0.16446759571861827,,0.24701897242031265,0.1601800626301354,,0.23822800712409181,0.16004671960750144,,0.2380119460658893,0.15960445325512396,,0.23728759066074126,-0.00428753308848287,,-0.0087909652962208373,-0.00013334302263395825,,-0.00021606105820251575,-0.00044226635237748502,,-0.00072435540514803609,-0.0044208761111168282,,-0.0090070263544233531,-0.00057560937501144327,,-0.00094041646335055185,-0.0048631424634943132,,-0.0097313817595713892
mature_2024,469,0.16372541162246296,,0.24810838025518864,0.15918824811772123,,0.23837480524751431,0.15893598636925049,,0.23796851919497711,0.15795280914134402,,0.23637478370288556,-0.0045371635047417314,,-0.0097335750076743277,-0.00025226174847073346,,-0.00040628605253720251,-0.00098317722790647322,,-0.001593735492091547,-0.0047894252532124648,,-0.01013986106021153,-0.0012354389763772067,,-0.0020000215446287495,-0.005772602481118938,,-0.011733596552303077
mature_2024,470,0.16281259208559354,,0.24807280426814673,0.15847797180828074,,0.23894152441667499,0.15833475435688329,,0.23872828253986084,0.15715227176253535,,0.23708307432852169,-0.0043346202773127951,,-0.0091312798514717464,-0.00014321745139744824,,-0.00021324187681415196,-0.0011824825943479444,,-0.0016452082113391497,-0.0044778377287102433,,-0.0093445217282858983,-0.0013257000457453927,,-0.0018584500881533017,-0.0056603203230581878,,-0.010989729939625048
mature_2024,471,0.16404876826319348,,0.24688649696683812,0.15983376871037314,,0.23774071191478283,0.15970847240163683,,0.2376881006980491,0.15869759703522054,,0.23594981705527746,-0.0042149995528203421,,-0.0091457850520552941,-0.00012529630873631126,,-5.2611216733722266e-05,-0.0010108753664162806,,-0.0017382836427716486,-0.0043402958615566534,,-0.0091983962687890164,-0.0011361716751525919,,-0.0017908948595053709,-0.005351171227972934,,-0.010936679911560665
mature_2024,472,0.16371101975209068,,0.24792807186356816,0.15953534485034393,,0.23899782770900532,0.15936507892299359,,0.23867073947990844,0.15833604427671544,,0.23681201015079892,-0.0041756749017467509,,-0.0089302441545628386,-0.00017026592735033819,,-0.00032708822909688351,-0.0010290346462781541,,-0.0018587293291095208,-0.0043459408290970891,,-0.0092573323836597221,-0.0011993005736284923,,-0.0021858175582064043,-0.0053749754753752432,,-0.011116061712769243
mature_2024,473,0.16338674524407956,,0.24766066161249722,0.15883934185284268,,0.23793992730116098,0.15860085308819746,,0.23753613762499626,0.15745850249710733,,0.23594554926468578,-0.0045474033912368816,,-0.0097207343113362432,-0.00023848876464521718,,-0.00040378967616472305,-0.0011423505910901355,,-0.0015905883603104798,-0.0047858921558820988,,-0.010124523987500966,-0.0013808393557353527,,-0.0019943780364752028,-0.0059282427469722343,,-0.011715112347811446
mature_2024,474,0.16264155052125778,,0.24734590580802962,0.15843498293875932,,0.23827381829907512,0.1581776873064771,,0.23784639060241564,0.15719676186801965,,0.23611359041206262,-0.0042065675824984605,,-0.0090720875089544961,-0.0002572956322822173,,-0.0004274276966594881,-0.00098092543845745839,,-0.0017328001903530177,-0.0044638632147806778,,-0.0094995152056139842,-0.0012382210707396757,,-0.0021602278870125058,-0.0054447886532381362,,-0.011232315395967002
mature_2024,475,0.16518563153788607,,0.24777024154088115,0.16086321769925557,,0.23893346330724718,0.16074845928765705,,0.23874958555168779,0.15961807396655819,,0.23711362751151452,-0.0043224138386304956,,-0.0088367782336339629,-0.00011475841159852562,,-0.00018387775555939179,-0.0011303853210988535,,-0.0016359580401732743,-0.0044371722502290212,,-0.0090206559891933547,-0.0012451437326973791,,-0.0018198357957326661,-0.0055675575713278747,,-0.010656614029366629
mature_2024,476,0.16208853244116569,,0.24805309531319777,0.15802186828812664,,0.23911242763562107,0.15790566599350819,,0.23901599239540475,0.15690067491162024,,0.23709499260543587,-0.0040666641530390513,,-0.0089406676775767024,-0.00011620229461845044,,-9.643524021632488e-05,-0.0010049910818879515,,-0.0019209997899688747,-0.0041828664476575017,,-0.0090371029177930273,-0.0011211933765064019,,-0.0020174350301851995,-0.0051878575295454532,,-0.010958102707761902
mature_2024,477,0.16395002766742967,,0.247544439885792,0.15977932008830342,,0.23861789584590928,0.15954762636093875,,0.23835598792087107,0.15862213543636561,,0.23697833110114111,-0.0041707075791262427,,-0.0089265440398827167,-0.00023169372736467353,,-0.00026190792503821836,-0.0009254909245731413,,-0.0013776568197299555,-0.0044024013064909162,,-0.0091884519649209351,-0.0011571846519378148,,-0.0016395647447681738,-0.0053278922310640575,,-0.010566108784650891
mature_2024,478,0.16592062792896259,,0.2478478367536476,0.16201531591234644,,0.23957286811693954,0.161869110371166,,0.23933127422961076,0.16106235959459159,,0.23811567280617521,-0.003905312016616147,,-0.0082749686367080688,-0.00014620554118044415,,-0.00024159388732877818,-0.00080675077657441085,,-0.0012156014234355472,-0.0040515175577965912,,-0.008516562524036847,-0.00095295631775485501,,-0.0014571953107643254,-0.004858268334371002,,-0.0097321639474723942
mature_2024,479,0.16332294875874803,,0.24761414022535208,0.15937994924870036,,0.23866452886141806,0.15923262925511186,,0.23842217745114108,0.1579643030657765,,0.23644999640054926,-0.0039429995100476734,,-0.008949611363934018,-0.00014731999358849612,,-0.00024235141027698082,-0.001268326189335367,,-0.0019721810505918258,-0.0040903195036361695,,-0.0091919627742109988,-0.0014156461829238631,,-0.0022145324608688066,-0.0053586456929715365,,-0.011164143824802825
mature_2024,480,0.16445168006560865,,0.24803826415852856,0.16036162923012121,,0.23913012647629053,0.16021650328743525,,0.23886663140195322,0.1587422923498801,,0.23678003021788802,-0.004090050835487441,,-0.0089081376822380265,-0.00014512594268595302,,-0.00026349507433731656,-0.0014742109375551482,,-0.002086601184065201,-0.004235176778173394,,-0.009171632756575343,-0.0016193368802411012,,-0.0023500962584025176,-0.0057093877157285422,,-0.011258233940640544
mature_2024,481,0.16514849870156759,,0.24766143047381411,0.16094527037013137,,0.23863519162219712,0.16072027338236552,,0.23819333291039538,0.1600688543507264,,0.23717155073316404,-0.0042032283314362151,,-0.0090262388516169911,-0.00022499698776584642,,-0.00044185871180174585,-0.00065141903163912218,,-0.0010217821772313396,-0.0044282253192020615,,-0.009468097563418737,-0.0008764160194049686,,-0.0014636408890330854,-0.0050796443508411837,,-0.010489879740650077
mature_2024,482,0.16356505697888737,,0.24814666167964455,0.15919824789205891,,0.23873459568489067,0.15902890213834092,,0.23856452629712871,0.15765480782376914,,0.2366962271613568,-0.0043668090868284604,,-0.0094120659947538876,-0.0001693457537179921,,-0.00017006938776195635,-0.0013740943145717777,,-0.0018682991357719114,-0.0045361548405464525,,-0.009582135382515844,-0.0015434400682897698,,-0.0020383685235338678,-0.0059102491551182301,,-0.011450434518287755
mature_2024,483,0.16468196417425562,,0.24718932969081306,0.16096967639553447,,0.23894163017275713,0.16081026264360884,,0.23872764343130734,0.15973564062219428,,0.23691246261732099,-0.0037122877787211517,,-0.0082476995180559287,-0.00015941375192563001,,-0.0002139867414497898,-0.0010746220214145619,,-0.0018151808139863501,-0.0038717015306467817,,-0.0084616862595057185,-0.0012340357733401919,,-0.0020291675554361399,-0.0049463235520613436,,-0.010276867073492069
mature_2024,484,0.16399994633388773,,0.24794953675520598,0.15994064856707219,,0.23901237054320018,0.15980039822671993,,0.23882068928435932,0.15870023532087399,,0.23694200877174809,-0.004059297766815545,,-0.0089371662120057982,-0.00014025034035225481,,-0.00019168125884086451,-0.0011001629058459417,,-0.0018786805126112249,-0.0041995481071677998,,-0.0091288474708466627,-0.0012404132461981965,,-0.0020703617714520894,-0.0052997110130137415,,-0.011007527983457888
mature_2024,485,0.1627740290730125,,0.24753240987837372,0.1587979965634892,,0.23917000505980973,0.15872088305552795,,0.23905356133040584,0.15763046291317356,,0.23758839357061051,-0.0039760325095233029,,-0.0083624048185639843,-7.7113507961246164e-05,,-0.00011644372940389225,-0.0010904201423543869,,-0.0014651677597953272,-0.0040531460174845491,,-0.0084788485479678766,-0.0011675336503156331,,-0.0015816114891992195,-0.0051435661598389359,,-0.0099440163077632038
mature_2024,486,0.16370055545506423,,0.24785430702167585,0.15966248404556019,,0.2391728207943378,0.15952035408550333,,0.23900830320077754,0.15842759380637647,,0.23748864150354085,-0.004038071409504046,,-0.0086814862273380533,-0.00014212996005685818,,-0.00016451759356025941,-0.0010927602791268587,,-0.0015196616972366905,-0.0041802013695609042,,-0.0088460038208983127,-0.0012348902391837169,,-0.0016841792907969499,-0.0052729616486877628,,-0.010365665518135003
mature_2024,487,0.16350600344818089,,0.24824784320331508,0.1592046840982955,,0.23878114829612368,0.15906880492875905,,0.23857413116580553,0.15816742252486055,,0.23711765714954822,-0.0043013193498853963,,-0.0094666949071914031,-0.00013587916953644585,,-0.00020701713031814895,-0.0009013824038985041,,-0.0014564740162573142,-0.0044371985194218422,,-0.009673712037509552,-0.00103726157343495,,-0.0016634911465754632,-0.0053385809233203463,,-0.011130186053766866
mature_2024,488,0.16366384722619115,,0.2469993326487607,0.15913087842729395,,0.23741710732566743,0.15895020110597197,,0.23717536221197796,0.15786600189562525,,0.23569994935048241,-0.0045329687988971967,,-0.0095822253230932741,-0.00018067732132198699,,-0.00024174511368946217,-0.0010841992103467202,,-0.0014754128614955508,-0.0047136461202191837,,-0.0098239704367827363,-0.0012648765316687072,,-0.001717157975185013,-0.0057978453305659039,,-0.011299383298278287
mature_2024,489,0.16348192291686206,,0.24735658338111494,0.15908410653134947,,0.23783150817652007,0.15892196661063551,,0.23756519208812749,0.15776742860616089,,0.23561532864598153,-0.0043978163855125929,,-0.0095250752045948628,-0.00016213992071395511,,-0.00026631608839258747,-0.0011545380044746256,,-0.0019498634421459549,-0.004559956306226548,,-0.0097913912929874503,-0.0013166779251885807,,-0.0022161795305385423,-0.0057144943107011736,,-0.011741254735133405
mature_2024,490,0.16514815844569369,,0.24740134157867047,0.16075982263608701,,0.23820345509379162,0.16058501165574099,,0.23797515822068915,0.15957629435671397,,0.23610514453548109,-0.0043883358096066805,,-0.0091978864848788477,-0.00017481098034602405,,-0.00022829687310246816,-0.0010087172990270177,,-0.0018700136852080607,-0.0045631467899527045,,-0.0094261833579813159,-0.0011835282793730417,,-0.0020983105583105288,-0.0055718640889797222,,-0.011296197043189377
mature_2024,491,0.16352001173528496,,0.24760374342463171,0.15874893462709216,,0.23819979246048154,0.15861417213207721,,0.23790551557377645,0.15780596157217669,,0.23643092211483402,-0.0047710771081928005,,-0.0094039509641501706,-0.00013476249501495619,,-0.00029427688670508045,-0.00080821055990051849,,-0.0014745934589424359,-0.0049058396032077567,,-0.0096982278508552511,-0.00094297305491547467,,-0.0017688703456475163,-0.0057140501631082752,,-0.011172821309797687
mature_2024,492,0.16443344625643974,,0.24707259291232564,0.16024168853230739,,0.23805325190215185,0.16008977901351912,,0.23782190593621785,0.15874294348646067,,0.23568831393604003,-0.0041917577241323556,,-0.0090193410101737925,-0.00015190951878826797,,-0.00023134596593399337,-0.0013468355270584431,,-0.0021335920001778197,-0.0043436672429206236,,-0.0092506869761077859,-0.0014987450458467111,,-0.0023649379661118131,-0.0056905027699790667,,-0.011384278976285606
mature_2024,493,0.16470769721598569,,0.24773682525007187,0.16071507442262231,,0.2390371751260181,0.16045677861673222,,0.23856124522963817,0.15975228371549757,,0.23737794741314933,-0.0039926227933633762,,-0.0086996501240537705,-0.00025829580589009637,,-0.00047592989637992855,-0.00070449490123464242,,-0.0011832978164888486,-0.0042509185992534726,,-0.009175580020433699,-0.0009627907071247388,,-0.0016592277128687771,-0.004955413500488115,,-0.010358877836922548
mature_2024,494,0.1623719576031801,,0.24763978923244334,0.15813525104015352,,0.23826947012386521,0.1580540039793677,,0.23820137110321393,0.15703486065806083,,0.23672483197121269,-0.0042367065630265766,,-0.0093703191085781345,-8.124706078582733e-05,,-6.8099020651274378e-05,-0.0010191433213068701,,-0.0014765391320012422,-0.0043179536238124039,,-0.0094384181292294089,-0.0011003903820926975,,-0.0015446381526525166,-0.005337096945119274,,-0.010914957261230651
mature_2024,495,0.16462340987799551,,0.24742537539152218,0.16032793005190935,,0.23843892547638987,0.16026127802954251,,0.23834372534085055,0.15929898798438449,,0.23682368366854339,-0.0042954798260861626,,-0.0089864499151323107,-6.6652022366830987e-05,,-9.5200135539319497e-05,-0.00096229004515802075,,-0.0015200416723071541,-0.0043621318484529936,,-0.0090816500506716302,-0.0010289420675248517,,-0.0016152418078464736,-0.0053244218936110144,,-0.010601691722978784
mature_2024,496,0.16510178043002952,,0.24788675671869098,0.16080252069398271,,0.23875901234557489,0.1605853686445578,,0.23851532249372509,0.15915409083396001,,0.23643907328015307,-0.0042992597360468066,,-0.0091277443731160868,-0.00021715204942490685,,-0.0002436898518498043,-0.0014312778105977919,,-0.0020762492135720234,-0.0045164117854717134,,-0.0093714342249658911,-0.0016484298600226988,,-0.0023199390654218277,-0.0059476895960695053,,-0.011447683438537914
mature_2024,497,0.16388696706536426,,0.24764938244246998,0.15970045629795782,,0.23862151854280675,0.15957987927360798,,0.23844007929502187,0.15886661081568976,,0.23722164218721092,-0.0041865107674064483,,-0.0090278638996632299,-0.0001205770243498383,,-0.00018143924778488141,-0.00071326845791822024,,-0.0012184371078109435,-0.0043070877917562866,,-0.0092093031474481113,-0.00083384548226805855,,-0.0013998763555958249,-0.0050203562496745069,,-0.010427740255259055
mature_2024,498,0.16416844844322909,,0.24787139592773189,0.16032514446081456,,0.2397950535078677,0.16023110374173474,,0.23961438618612485,0.15895881367453155,,0.23756121813312306,-0.003843303982414531,,-0.0080763424198641853,-9.4040719079813151e-05,,-0.00018066732174285005,-0.0012722900672031967,,-0.0020531680530017915,-0.0039373447014943441,,-0.0082570097416070354,-0.0013663307862830099,,-0.0022338353747446416,-0.0052096347686975408,,-0.010310177794608827
mature_2024,499,0.16421941770746187,,0.24756555332282326,0.15975355553175899,,0.2381086691102941,0.15942276276685116,,0.23766300874870225,0.1584033862318846,,0.23622746103131154,-0.0044658621757028838,,-0.0094568842125291597,-0.00033079276490782794,,-0.00044566036159185418,-0.0010193765349665596,,-0.0014355477173907116,-0.0047966549406107117,,-0.0099025445741210139,-0.0013501692998743875,,-0.0018812080789825658,-0.0058160314755772713,,-0.011338092291511725
mature_2024,500,0.16516205866121969,,0.24762967234601826,0.16108503124179835,,0.23862185435237146,0.16089384645778912,,0.23832369643888857,0.15982251329176667,,0.2365636168170861,-0.0040770274194213418,,-0.009007817993646805,-0.00019118478400922956,,-0.00029815791348289378,-0.0010713331660224534,,-0.0017600796218024684,-0.0042682122034305714,,-0.0093059759071296988,-0.001262517950031683,,-0.0020582375352853621,-0.0053395453694530248,,-0.011066055528932167
